message,severity,attributes,tags,timestamp
"	    code        TEXT NOT NULL UNIQUE,",error,"{""level"":""error""}","{""project"":""e40824fb-b871-4f4a-bbd4-dc97257175b5"",""environment"":""71fe69c0-317e-4401-83e8-167236953714"",""service"":""98ac865d-3446-4204-8b6f-837e63498101"",""deployment"":""dcdde22b-483f-4551-bfa8-a8ad23f2f868"",""replica"":""d74614c5-3877-4710-a4a1-8f41af3269ac""}",2026-07-28T14:54:09.552620802Z
	    FOR EACH ROW EXECUTE FUNCTION public.set_updated_at();,error,"{""level"":""error""}","{""project"":""e40824fb-b871-4f4a-bbd4-dc97257175b5"",""environment"":""71fe69c0-317e-4401-83e8-167236953714"",""service"":""98ac865d-3446-4204-8b6f-837e63498101"",""deployment"":""dcdde22b-483f-4551-bfa8-a8ad23f2f868"",""replica"":""d74614c5-3877-4710-a4a1-8f41af3269ac""}",2026-07-28T14:54:09.554104263Z
	CREATE TRIGGER trg_roles_updated_at BEFORE UPDATE ON roles,error,"{""level"":""error""}","{""project"":""e40824fb-b871-4f4a-bbd4-dc97257175b5"",""environment"":""71fe69c0-317e-4401-83e8-167236953714"",""service"":""98ac865d-3446-4204-8b6f-837e63498101"",""deployment"":""dcdde22b-483f-4551-bfa8-a8ad23f2f868"",""replica"":""d74614c5-3877-4710-a4a1-8f41af3269ac""}",2026-07-28T14:54:09.554109803Z
	    FOR EACH ROW EXECUTE FUNCTION public.set_updated_at();,error,"{""level"":""error""}","{""project"":""e40824fb-b871-4f4a-bbd4-dc97257175b5"",""environment"":""71fe69c0-317e-4401-83e8-167236953714"",""service"":""98ac865d-3446-4204-8b6f-837e63498101"",""deployment"":""dcdde22b-483f-4551-bfa8-a8ad23f2f868"",""replica"":""d74614c5-3877-4710-a4a1-8f41af3269ac""}",2026-07-28T14:54:09.554116583Z
	CREATE TRIGGER trg_teams_updated_at BEFORE UPDATE ON teams,error,"{""level"":""error""}","{""project"":""e40824fb-b871-4f4a-bbd4-dc97257175b5"",""environment"":""71fe69c0-317e-4401-83e8-167236953714"",""service"":""98ac865d-3446-4204-8b6f-837e63498101"",""deployment"":""dcdde22b-483f-4551-bfa8-a8ad23f2f868"",""replica"":""d74614c5-3877-4710-a4a1-8f41af3269ac""}",2026-07-28T14:54:09.554120703Z
	    FOR EACH ROW EXECUTE FUNCTION public.set_updated_at();,error,"{""level"":""error""}","{""project"":""e40824fb-b871-4f4a-bbd4-dc97257175b5"",""environment"":""71fe69c0-317e-4401-83e8-167236953714"",""service"":""98ac865d-3446-4204-8b6f-837e63498101"",""deployment"":""dcdde22b-483f-4551-bfa8-a8ad23f2f868"",""replica"":""d74614c5-3877-4710-a4a1-8f41af3269ac""}",2026-07-28T14:54:09.554125203Z
	,error,"{""level"":""error""}","{""project"":""e40824fb-b871-4f4a-bbd4-dc97257175b5"",""environment"":""71fe69c0-317e-4401-83e8-167236953714"",""service"":""98ac865d-3446-4204-8b6f-837e63498101"",""deployment"":""dcdde22b-483f-4551-bfa8-a8ad23f2f868"",""replica"":""d74614c5-3877-4710-a4a1-8f41af3269ac""}",2026-07-28T14:54:09.554131463Z
	);,error,"{""level"":""error""}","{""project"":""e40824fb-b871-4f4a-bbd4-dc97257175b5"",""environment"":""71fe69c0-317e-4401-83e8-167236953714"",""service"":""98ac865d-3446-4204-8b6f-837e63498101"",""deployment"":""dcdde22b-483f-4551-bfa8-a8ad23f2f868"",""replica"":""d74614c5-3877-4710-a4a1-8f41af3269ac""}",2026-07-28T14:54:09.554132703Z
"	GRANT SELECT, INSERT, UPDATE, DELETE ON ALL TABLES IN SCHEMA public TO PUBLIC;",error,"{""level"":""error""}","{""project"":""e40824fb-b871-4f4a-bbd4-dc97257175b5"",""environment"":""71fe69c0-317e-4401-83e8-167236953714"",""service"":""98ac865d-3446-4204-8b6f-837e63498101"",""deployment"":""dcdde22b-483f-4551-bfa8-a8ad23f2f868"",""replica"":""d74614c5-3877-4710-a4a1-8f41af3269ac""}",2026-07-28T14:54:09.554137163Z
	,error,"{""level"":""error""}","{""project"":""e40824fb-b871-4f4a-bbd4-dc97257175b5"",""environment"":""71fe69c0-317e-4401-83e8-167236953714"",""service"":""98ac865d-3446-4204-8b6f-837e63498101"",""deployment"":""dcdde22b-483f-4551-bfa8-a8ad23f2f868"",""replica"":""d74614c5-3877-4710-a4a1-8f41af3269ac""}",2026-07-28T14:54:09.554144072Z
	,error,"{""level"":""error""}","{""project"":""e40824fb-b871-4f4a-bbd4-dc97257175b5"",""environment"":""71fe69c0-317e-4401-83e8-167236953714"",""service"":""98ac865d-3446-4204-8b6f-837e63498101"",""deployment"":""dcdde22b-483f-4551-bfa8-a8ad23f2f868"",""replica"":""d74614c5-3877-4710-a4a1-8f41af3269ac""}",2026-07-28T14:54:09.554144722Z
	CREATE TABLE IF NOT EXISTS team_members (,error,"{""level"":""error""}","{""project"":""e40824fb-b871-4f4a-bbd4-dc97257175b5"",""environment"":""71fe69c0-317e-4401-83e8-167236953714"",""service"":""98ac865d-3446-4204-8b6f-837e63498101"",""deployment"":""dcdde22b-483f-4551-bfa8-a8ad23f2f868"",""replica"":""d74614c5-3877-4710-a4a1-8f41af3269ac""}",2026-07-28T14:54:09.554149972Z
"	    team_id    UUID NOT NULL REFERENCES teams(id) ON DELETE CASCADE,",error,"{""level"":""error""}","{""project"":""e40824fb-b871-4f4a-bbd4-dc97257175b5"",""environment"":""71fe69c0-317e-4401-83e8-167236953714"",""service"":""98ac865d-3446-4204-8b6f-837e63498101"",""deployment"":""dcdde22b-483f-4551-bfa8-a8ad23f2f868"",""replica"":""d74614c5-3877-4710-a4a1-8f41af3269ac""}",2026-07-28T14:54:09.554154442Z
"	    user_id    UUID NOT NULL REFERENCES users(id) ON DELETE CASCADE,",error,"{""level"":""error""}","{""project"":""e40824fb-b871-4f4a-bbd4-dc97257175b5"",""environment"":""71fe69c0-317e-4401-83e8-167236953714"",""service"":""98ac865d-3446-4204-8b6f-837e63498101"",""deployment"":""dcdde22b-483f-4551-bfa8-a8ad23f2f868"",""replica"":""d74614c5-3877-4710-a4a1-8f41af3269ac""}",2026-07-28T14:54:09.554160272Z
"	    role_in_team TEXT,",error,"{""level"":""error""}","{""project"":""e40824fb-b871-4f4a-bbd4-dc97257175b5"",""environment"":""71fe69c0-317e-4401-83e8-167236953714"",""service"":""98ac865d-3446-4204-8b6f-837e63498101"",""deployment"":""dcdde22b-483f-4551-bfa8-a8ad23f2f868"",""replica"":""d74614c5-3877-4710-a4a1-8f41af3269ac""}",2026-07-28T14:54:09.554166642Z
"	    joined_at  TIMESTAMPTZ NOT NULL DEFAULT NOW(),",error,"{""level"":""error""}","{""project"":""e40824fb-b871-4f4a-bbd4-dc97257175b5"",""environment"":""71fe69c0-317e-4401-83e8-167236953714"",""service"":""98ac865d-3446-4204-8b6f-837e63498101"",""deployment"":""dcdde22b-483f-4551-bfa8-a8ad23f2f868"",""replica"":""d74614c5-3877-4710-a4a1-8f41af3269ac""}",2026-07-28T14:54:09.554171482Z
"	    PRIMARY KEY (team_id, user_id)",error,"{""level"":""error""}","{""project"":""e40824fb-b871-4f4a-bbd4-dc97257175b5"",""environment"":""71fe69c0-317e-4401-83e8-167236953714"",""service"":""98ac865d-3446-4204-8b6f-837e63498101"",""deployment"":""dcdde22b-483f-4551-bfa8-a8ad23f2f868"",""replica"":""d74614c5-3877-4710-a4a1-8f41af3269ac""}",2026-07-28T14:54:09.554175262Z
	);,error,"{""level"":""error""}","{""project"":""e40824fb-b871-4f4a-bbd4-dc97257175b5"",""environment"":""71fe69c0-317e-4401-83e8-167236953714"",""service"":""98ac865d-3446-4204-8b6f-837e63498101"",""deployment"":""dcdde22b-483f-4551-bfa8-a8ad23f2f868"",""replica"":""d74614c5-3877-4710-a4a1-8f41af3269ac""}",2026-07-28T14:54:09.554179202Z
	,error,"{""level"":""error""}","{""project"":""e40824fb-b871-4f4a-bbd4-dc97257175b5"",""environment"":""71fe69c0-317e-4401-83e8-167236953714"",""service"":""98ac865d-3446-4204-8b6f-837e63498101"",""deployment"":""dcdde22b-483f-4551-bfa8-a8ad23f2f868"",""replica"":""d74614c5-3877-4710-a4a1-8f41af3269ac""}",2026-07-28T14:54:09.554186232Z
	CREATE TRIGGER trg_business_units_updated_at BEFORE UPDATE ON business_units,error,"{""level"":""error""}","{""project"":""e40824fb-b871-4f4a-bbd4-dc97257175b5"",""environment"":""71fe69c0-317e-4401-83e8-167236953714"",""service"":""98ac865d-3446-4204-8b6f-837e63498101"",""deployment"":""dcdde22b-483f-4551-bfa8-a8ad23f2f868"",""replica"":""d74614c5-3877-4710-a4a1-8f41af3269ac""}",2026-07-28T14:54:09.554190542Z
	    FOR EACH ROW EXECUTE FUNCTION public.set_updated_at();,error,"{""level"":""error""}","{""project"":""e40824fb-b871-4f4a-bbd4-dc97257175b5"",""environment"":""71fe69c0-317e-4401-83e8-167236953714"",""service"":""98ac865d-3446-4204-8b6f-837e63498101"",""deployment"":""dcdde22b-483f-4551-bfa8-a8ad23f2f868"",""replica"":""d74614c5-3877-4710-a4a1-8f41af3269ac""}",2026-07-28T14:54:09.554194352Z
	CREATE TRIGGER trg_users_updated_at BEFORE UPDATE ON users,error,"{""level"":""error""}","{""project"":""e40824fb-b871-4f4a-bbd4-dc97257175b5"",""environment"":""71fe69c0-317e-4401-83e8-167236953714"",""service"":""98ac865d-3446-4204-8b6f-837e63498101"",""deployment"":""dcdde22b-483f-4551-bfa8-a8ad23f2f868"",""replica"":""d74614c5-3877-4710-a4a1-8f41af3269ac""}",2026-07-28T14:54:09.554197882Z
	-- =============================================================================,error,"{""level"":""error""}","{""project"":""e40824fb-b871-4f4a-bbd4-dc97257175b5"",""environment"":""71fe69c0-317e-4401-83e8-167236953714"",""service"":""98ac865d-3446-4204-8b6f-837e63498101"",""deployment"":""dcdde22b-483f-4551-bfa8-a8ad23f2f868"",""replica"":""d74614c5-3877-4710-a4a1-8f41af3269ac""}",2026-07-28T14:54:09.554298220Z
	-- PHASE 4: Commercial Hierarchy (migration 0004 adapted),error,"{""level"":""error""}","{""project"":""e40824fb-b871-4f4a-bbd4-dc97257175b5"",""environment"":""71fe69c0-317e-4401-83e8-167236953714"",""service"":""98ac865d-3446-4204-8b6f-837e63498101"",""deployment"":""dcdde22b-483f-4551-bfa8-a8ad23f2f868"",""replica"":""d74614c5-3877-4710-a4a1-8f41af3269ac""}",2026-07-28T14:54:09.554304470Z
	-- =============================================================================,error,"{""level"":""error""}","{""project"":""e40824fb-b871-4f4a-bbd4-dc97257175b5"",""environment"":""71fe69c0-317e-4401-83e8-167236953714"",""service"":""98ac865d-3446-4204-8b6f-837e63498101"",""deployment"":""dcdde22b-483f-4551-bfa8-a8ad23f2f868"",""replica"":""d74614c5-3877-4710-a4a1-8f41af3269ac""}",2026-07-28T14:54:09.554308950Z
"	    id          UUID PRIMARY KEY DEFAULT extensions.uuid_generate_v4(),",error,"{""level"":""error""}","{""project"":""e40824fb-b871-4f4a-bbd4-dc97257175b5"",""environment"":""71fe69c0-317e-4401-83e8-167236953714"",""service"":""98ac865d-3446-4204-8b6f-837e63498101"",""deployment"":""dcdde22b-483f-4551-bfa8-a8ad23f2f868"",""replica"":""d74614c5-3877-4710-a4a1-8f41af3269ac""}",2026-07-28T14:54:09.555316467Z
	,error,"{""level"":""error""}","{""project"":""e40824fb-b871-4f4a-bbd4-dc97257175b5"",""environment"":""71fe69c0-317e-4401-83e8-167236953714"",""service"":""98ac865d-3446-4204-8b6f-837e63498101"",""deployment"":""dcdde22b-483f-4551-bfa8-a8ad23f2f868"",""replica"":""d74614c5-3877-4710-a4a1-8f41af3269ac""}",2026-07-28T14:54:09.555319157Z
"	    client_id   UUID NOT NULL REFERENCES clients(id) ON DELETE RESTRICT,",error,"{""level"":""error""}","{""project"":""e40824fb-b871-4f4a-bbd4-dc97257175b5"",""environment"":""71fe69c0-317e-4401-83e8-167236953714"",""service"":""98ac865d-3446-4204-8b6f-837e63498101"",""deployment"":""dcdde22b-483f-4551-bfa8-a8ad23f2f868"",""replica"":""d74614c5-3877-4710-a4a1-8f41af3269ac""}",2026-07-28T14:54:09.555325847Z
	CREATE TABLE IF NOT EXISTS clients (,error,"{""level"":""error""}","{""project"":""e40824fb-b871-4f4a-bbd4-dc97257175b5"",""environment"":""71fe69c0-317e-4401-83e8-167236953714"",""service"":""98ac865d-3446-4204-8b6f-837e63498101"",""deployment"":""dcdde22b-483f-4551-bfa8-a8ad23f2f868"",""replica"":""d74614c5-3877-4710-a4a1-8f41af3269ac""}",2026-07-28T14:54:09.555328487Z
"	    metadata        JSONB NOT NULL DEFAULT '{}'::jsonb,",error,"{""level"":""error""}","{""project"":""e40824fb-b871-4f4a-bbd4-dc97257175b5"",""environment"":""71fe69c0-317e-4401-83e8-167236953714"",""service"":""98ac865d-3446-4204-8b6f-837e63498101"",""deployment"":""dcdde22b-483f-4551-bfa8-a8ad23f2f868"",""replica"":""d74614c5-3877-4710-a4a1-8f41af3269ac""}",2026-07-28T14:54:09.555331457Z
"	    code        TEXT NOT NULL,",error,"{""level"":""error""}","{""project"":""e40824fb-b871-4f4a-bbd4-dc97257175b5"",""environment"":""71fe69c0-317e-4401-83e8-167236953714"",""service"":""98ac865d-3446-4204-8b6f-837e63498101"",""deployment"":""dcdde22b-483f-4551-bfa8-a8ad23f2f868"",""replica"":""d74614c5-3877-4710-a4a1-8f41af3269ac""}",2026-07-28T14:54:09.555333317Z
"	    id              UUID PRIMARY KEY DEFAULT extensions.uuid_generate_v4(),",error,"{""level"":""error""}","{""project"":""e40824fb-b871-4f4a-bbd4-dc97257175b5"",""environment"":""71fe69c0-317e-4401-83e8-167236953714"",""service"":""98ac865d-3446-4204-8b6f-837e63498101"",""deployment"":""dcdde22b-483f-4551-bfa8-a8ad23f2f868"",""replica"":""d74614c5-3877-4710-a4a1-8f41af3269ac""}",2026-07-28T14:54:09.555336227Z
"	    created_by      UUID REFERENCES users(id) ON DELETE SET NULL,",error,"{""level"":""error""}","{""project"":""e40824fb-b871-4f4a-bbd4-dc97257175b5"",""environment"":""71fe69c0-317e-4401-83e8-167236953714"",""service"":""98ac865d-3446-4204-8b6f-837e63498101"",""deployment"":""dcdde22b-483f-4551-bfa8-a8ad23f2f868"",""replica"":""d74614c5-3877-4710-a4a1-8f41af3269ac""}",2026-07-28T14:54:09.555339807Z
"	    code            TEXT NOT NULL UNIQUE,",error,"{""level"":""error""}","{""project"":""e40824fb-b871-4f4a-bbd4-dc97257175b5"",""environment"":""71fe69c0-317e-4401-83e8-167236953714"",""service"":""98ac865d-3446-4204-8b6f-837e63498101"",""deployment"":""dcdde22b-483f-4551-bfa8-a8ad23f2f868"",""replica"":""d74614c5-3877-4710-a4a1-8f41af3269ac""}",2026-07-28T14:54:09.555343447Z
"	    created_at      TIMESTAMPTZ NOT NULL DEFAULT NOW(),",error,"{""level"":""error""}","{""project"":""e40824fb-b871-4f4a-bbd4-dc97257175b5"",""environment"":""71fe69c0-317e-4401-83e8-167236953714"",""service"":""98ac865d-3446-4204-8b6f-837e63498101"",""deployment"":""dcdde22b-483f-4551-bfa8-a8ad23f2f868"",""replica"":""d74614c5-3877-4710-a4a1-8f41af3269ac""}",2026-07-28T14:54:09.555349337Z
"	    name            TEXT NOT NULL,",error,"{""level"":""error""}","{""project"":""e40824fb-b871-4f4a-bbd4-dc97257175b5"",""environment"":""71fe69c0-317e-4401-83e8-167236953714"",""service"":""98ac865d-3446-4204-8b6f-837e63498101"",""deployment"":""dcdde22b-483f-4551-bfa8-a8ad23f2f868"",""replica"":""d74614c5-3877-4710-a4a1-8f41af3269ac""}",2026-07-28T14:54:09.555349847Z
"	    legal_name      TEXT,",error,"{""level"":""error""}","{""project"":""e40824fb-b871-4f4a-bbd4-dc97257175b5"",""environment"":""71fe69c0-317e-4401-83e8-167236953714"",""service"":""98ac865d-3446-4204-8b6f-837e63498101"",""deployment"":""dcdde22b-483f-4551-bfa8-a8ad23f2f868"",""replica"":""d74614c5-3877-4710-a4a1-8f41af3269ac""}",2026-07-28T14:54:09.555358047Z
"	    updated_at      TIMESTAMPTZ NOT NULL DEFAULT NOW(),",error,"{""level"":""error""}","{""project"":""e40824fb-b871-4f4a-bbd4-dc97257175b5"",""environment"":""71fe69c0-317e-4401-83e8-167236953714"",""service"":""98ac865d-3446-4204-8b6f-837e63498101"",""deployment"":""dcdde22b-483f-4551-bfa8-a8ad23f2f868"",""replica"":""d74614c5-3877-4710-a4a1-8f41af3269ac""}",2026-07-28T14:54:09.555359487Z
"	    tax_id          TEXT,",error,"{""level"":""error""}","{""project"":""e40824fb-b871-4f4a-bbd4-dc97257175b5"",""environment"":""71fe69c0-317e-4401-83e8-167236953714"",""service"":""98ac865d-3446-4204-8b6f-837e63498101"",""deployment"":""dcdde22b-483f-4551-bfa8-a8ad23f2f868"",""replica"":""d74614c5-3877-4710-a4a1-8f41af3269ac""}",2026-07-28T14:54:09.555363957Z
	    deleted_at      TIMESTAMPTZ,error,"{""level"":""error""}","{""project"":""e40824fb-b871-4f4a-bbd4-dc97257175b5"",""environment"":""71fe69c0-317e-4401-83e8-167236953714"",""service"":""98ac865d-3446-4204-8b6f-837e63498101"",""deployment"":""dcdde22b-483f-4551-bfa8-a8ad23f2f868"",""replica"":""d74614c5-3877-4710-a4a1-8f41af3269ac""}",2026-07-28T14:54:09.555368567Z
"	    industry        TEXT,",error,"{""level"":""error""}","{""project"":""e40824fb-b871-4f4a-bbd4-dc97257175b5"",""environment"":""71fe69c0-317e-4401-83e8-167236953714"",""service"":""98ac865d-3446-4204-8b6f-837e63498101"",""deployment"":""dcdde22b-483f-4551-bfa8-a8ad23f2f868"",""replica"":""d74614c5-3877-4710-a4a1-8f41af3269ac""}",2026-07-28T14:54:09.555370437Z
	);,error,"{""level"":""error""}","{""project"":""e40824fb-b871-4f4a-bbd4-dc97257175b5"",""environment"":""71fe69c0-317e-4401-83e8-167236953714"",""service"":""98ac865d-3446-4204-8b6f-837e63498101"",""deployment"":""dcdde22b-483f-4551-bfa8-a8ad23f2f868"",""replica"":""d74614c5-3877-4710-a4a1-8f41af3269ac""}",2026-07-28T14:54:09.555378147Z
"	    website         TEXT,",error,"{""level"":""error""}","{""project"":""e40824fb-b871-4f4a-bbd4-dc97257175b5"",""environment"":""71fe69c0-317e-4401-83e8-167236953714"",""service"":""98ac865d-3446-4204-8b6f-837e63498101"",""deployment"":""dcdde22b-483f-4551-bfa8-a8ad23f2f868"",""replica"":""d74614c5-3877-4710-a4a1-8f41af3269ac""}",2026-07-28T14:54:09.555378357Z
"	    logo_url        TEXT,",error,"{""level"":""error""}","{""project"":""e40824fb-b871-4f4a-bbd4-dc97257175b5"",""environment"":""71fe69c0-317e-4401-83e8-167236953714"",""service"":""98ac865d-3446-4204-8b6f-837e63498101"",""deployment"":""dcdde22b-483f-4551-bfa8-a8ad23f2f868"",""replica"":""d74614c5-3877-4710-a4a1-8f41af3269ac""}",2026-07-28T14:54:09.555384777Z
	CREATE INDEX IF NOT EXISTS idx_clients_active ON clients(is_active) WHERE deleted_at IS NULL;,error,"{""level"":""error""}","{""project"":""e40824fb-b871-4f4a-bbd4-dc97257175b5"",""environment"":""71fe69c0-317e-4401-83e8-167236953714"",""service"":""98ac865d-3446-4204-8b6f-837e63498101"",""deployment"":""dcdde22b-483f-4551-bfa8-a8ad23f2f868"",""replica"":""d74614c5-3877-4710-a4a1-8f41af3269ac""}",2026-07-28T14:54:09.555389886Z
"	    notes           TEXT,",error,"{""level"":""error""}","{""project"":""e40824fb-b871-4f4a-bbd4-dc97257175b5"",""environment"":""71fe69c0-317e-4401-83e8-167236953714"",""service"":""98ac865d-3446-4204-8b6f-837e63498101"",""deployment"":""dcdde22b-483f-4551-bfa8-a8ad23f2f868"",""replica"":""d74614c5-3877-4710-a4a1-8f41af3269ac""}",2026-07-28T14:54:09.555391876Z
"	    is_active       BOOLEAN NOT NULL DEFAULT TRUE,",error,"{""level"":""error""}","{""project"":""e40824fb-b871-4f4a-bbd4-dc97257175b5"",""environment"":""71fe69c0-317e-4401-83e8-167236953714"",""service"":""98ac865d-3446-4204-8b6f-837e63498101"",""deployment"":""dcdde22b-483f-4551-bfa8-a8ad23f2f868"",""replica"":""d74614c5-3877-4710-a4a1-8f41af3269ac""}",2026-07-28T14:54:09.555399416Z
	,error,"{""level"":""error""}","{""project"":""e40824fb-b871-4f4a-bbd4-dc97257175b5"",""environment"":""71fe69c0-317e-4401-83e8-167236953714"",""service"":""98ac865d-3446-4204-8b6f-837e63498101"",""deployment"":""dcdde22b-483f-4551-bfa8-a8ad23f2f868"",""replica"":""d74614c5-3877-4710-a4a1-8f41af3269ac""}",2026-07-28T14:54:09.555400226Z
	CREATE TABLE IF NOT EXISTS brands (,error,"{""level"":""error""}","{""project"":""e40824fb-b871-4f4a-bbd4-dc97257175b5"",""environment"":""71fe69c0-317e-4401-83e8-167236953714"",""service"":""98ac865d-3446-4204-8b6f-837e63498101"",""deployment"":""dcdde22b-483f-4551-bfa8-a8ad23f2f868"",""replica"":""d74614c5-3877-4710-a4a1-8f41af3269ac""}",2026-07-28T14:54:09.555404836Z
"	    name        TEXT NOT NULL,",error,"{""level"":""error""}","{""project"":""e40824fb-b871-4f4a-bbd4-dc97257175b5"",""environment"":""71fe69c0-317e-4401-83e8-167236953714"",""service"":""98ac865d-3446-4204-8b6f-837e63498101"",""deployment"":""dcdde22b-483f-4551-bfa8-a8ad23f2f868"",""replica"":""d74614c5-3877-4710-a4a1-8f41af3269ac""}",2026-07-28T14:54:09.560169696Z
"	    category    TEXT,",error,"{""level"":""error""}","{""project"":""e40824fb-b871-4f4a-bbd4-dc97257175b5"",""environment"":""71fe69c0-317e-4401-83e8-167236953714"",""service"":""98ac865d-3446-4204-8b6f-837e63498101"",""deployment"":""dcdde22b-483f-4551-bfa8-a8ad23f2f868"",""replica"":""d74614c5-3877-4710-a4a1-8f41af3269ac""}",2026-07-28T14:54:09.560177485Z
"	    logo_url    TEXT,",error,"{""level"":""error""}","{""project"":""e40824fb-b871-4f4a-bbd4-dc97257175b5"",""environment"":""71fe69c0-317e-4401-83e8-167236953714"",""service"":""98ac865d-3446-4204-8b6f-837e63498101"",""deployment"":""dcdde22b-483f-4551-bfa8-a8ad23f2f868"",""replica"":""d74614c5-3877-4710-a4a1-8f41af3269ac""}",2026-07-28T14:54:09.560182225Z
"	    is_active   BOOLEAN NOT NULL DEFAULT TRUE,",error,"{""level"":""error""}","{""project"":""e40824fb-b871-4f4a-bbd4-dc97257175b5"",""environment"":""71fe69c0-317e-4401-83e8-167236953714"",""service"":""98ac865d-3446-4204-8b6f-837e63498101"",""deployment"":""dcdde22b-483f-4551-bfa8-a8ad23f2f868"",""replica"":""d74614c5-3877-4710-a4a1-8f41af3269ac""}",2026-07-28T14:54:09.560190545Z
"	    updated_at  TIMESTAMPTZ NOT NULL DEFAULT NOW(),",error,"{""level"":""error""}","{""project"":""e40824fb-b871-4f4a-bbd4-dc97257175b5"",""environment"":""71fe69c0-317e-4401-83e8-167236953714"",""service"":""98ac865d-3446-4204-8b6f-837e63498101"",""deployment"":""dcdde22b-483f-4551-bfa8-a8ad23f2f868"",""replica"":""d74614c5-3877-4710-a4a1-8f41af3269ac""}",2026-07-28T14:54:09.560192305Z
	CREATE TABLE IF NOT EXISTS brand_contacts (,error,"{""level"":""error""}","{""project"":""e40824fb-b871-4f4a-bbd4-dc97257175b5"",""environment"":""71fe69c0-317e-4401-83e8-167236953714"",""service"":""98ac865d-3446-4204-8b6f-837e63498101"",""deployment"":""dcdde22b-483f-4551-bfa8-a8ad23f2f868"",""replica"":""d74614c5-3877-4710-a4a1-8f41af3269ac""}",2026-07-28T14:54:09.560197145Z
"	    metadata    JSONB NOT NULL DEFAULT '{}'::jsonb,",error,"{""level"":""error""}","{""project"":""e40824fb-b871-4f4a-bbd4-dc97257175b5"",""environment"":""71fe69c0-317e-4401-83e8-167236953714"",""service"":""98ac865d-3446-4204-8b6f-837e63498101"",""deployment"":""dcdde22b-483f-4551-bfa8-a8ad23f2f868"",""replica"":""d74614c5-3877-4710-a4a1-8f41af3269ac""}",2026-07-28T14:54:09.560199495Z
"	    deleted_at  TIMESTAMPTZ,",error,"{""level"":""error""}","{""project"":""e40824fb-b871-4f4a-bbd4-dc97257175b5"",""environment"":""71fe69c0-317e-4401-83e8-167236953714"",""service"":""98ac865d-3446-4204-8b6f-837e63498101"",""deployment"":""dcdde22b-483f-4551-bfa8-a8ad23f2f868"",""replica"":""d74614c5-3877-4710-a4a1-8f41af3269ac""}",2026-07-28T14:54:09.560206565Z
"	    id          UUID PRIMARY KEY DEFAULT extensions.uuid_generate_v4(),",error,"{""level"":""error""}","{""project"":""e40824fb-b871-4f4a-bbd4-dc97257175b5"",""environment"":""71fe69c0-317e-4401-83e8-167236953714"",""service"":""98ac865d-3446-4204-8b6f-837e63498101"",""deployment"":""dcdde22b-483f-4551-bfa8-a8ad23f2f868"",""replica"":""d74614c5-3877-4710-a4a1-8f41af3269ac""}",2026-07-28T14:54:09.560208415Z
"	    created_at  TIMESTAMPTZ NOT NULL DEFAULT NOW(),",error,"{""level"":""error""}","{""project"":""e40824fb-b871-4f4a-bbd4-dc97257175b5"",""environment"":""71fe69c0-317e-4401-83e8-167236953714"",""service"":""98ac865d-3446-4204-8b6f-837e63498101"",""deployment"":""dcdde22b-483f-4551-bfa8-a8ad23f2f868"",""replica"":""d74614c5-3877-4710-a4a1-8f41af3269ac""}",2026-07-28T14:54:09.560210485Z
	);,error,"{""level"":""error""}","{""project"":""e40824fb-b871-4f4a-bbd4-dc97257175b5"",""environment"":""71fe69c0-317e-4401-83e8-167236953714"",""service"":""98ac865d-3446-4204-8b6f-837e63498101"",""deployment"":""dcdde22b-483f-4551-bfa8-a8ad23f2f868"",""replica"":""d74614c5-3877-4710-a4a1-8f41af3269ac""}",2026-07-28T14:54:09.560214755Z
	CREATE INDEX IF NOT EXISTS idx_brands_client ON brands(client_id);,error,"{""level"":""error""}","{""project"":""e40824fb-b871-4f4a-bbd4-dc97257175b5"",""environment"":""71fe69c0-317e-4401-83e8-167236953714"",""service"":""98ac865d-3446-4204-8b6f-837e63498101"",""deployment"":""dcdde22b-483f-4551-bfa8-a8ad23f2f868"",""replica"":""d74614c5-3877-4710-a4a1-8f41af3269ac""}",2026-07-28T14:54:09.560224195Z
	    updated_at  TIMESTAMPTZ NOT NULL DEFAULT NOW(),error,"{""level"":""error""}","{""project"":""e40824fb-b871-4f4a-bbd4-dc97257175b5"",""environment"":""71fe69c0-317e-4401-83e8-167236953714"",""service"":""98ac865d-3446-4204-8b6f-837e63498101"",""deployment"":""dcdde22b-483f-4551-bfa8-a8ad23f2f868"",""replica"":""d74614c5-3877-4710-a4a1-8f41af3269ac""}",2026-07-28T14:54:09.560224275Z
"	    id              UUID PRIMARY KEY DEFAULT extensions.uuid_generate_v4(),",error,"{""level"":""error""}","{""project"":""e40824fb-b871-4f4a-bbd4-dc97257175b5"",""environment"":""71fe69c0-317e-4401-83e8-167236953714"",""service"":""98ac865d-3446-4204-8b6f-837e63498101"",""deployment"":""dcdde22b-483f-4551-bfa8-a8ad23f2f868"",""replica"":""d74614c5-3877-4710-a4a1-8f41af3269ac""}",2026-07-28T14:54:09.560224335Z
"	    UNIQUE (client_id, code)",error,"{""level"":""error""}","{""project"":""e40824fb-b871-4f4a-bbd4-dc97257175b5"",""environment"":""71fe69c0-317e-4401-83e8-167236953714"",""service"":""98ac865d-3446-4204-8b6f-837e63498101"",""deployment"":""dcdde22b-483f-4551-bfa8-a8ad23f2f868"",""replica"":""d74614c5-3877-4710-a4a1-8f41af3269ac""}",2026-07-28T14:54:09.560224375Z
	,error,"{""level"":""error""}","{""project"":""e40824fb-b871-4f4a-bbd4-dc97257175b5"",""environment"":""71fe69c0-317e-4401-83e8-167236953714"",""service"":""98ac865d-3446-4204-8b6f-837e63498101"",""deployment"":""dcdde22b-483f-4551-bfa8-a8ad23f2f868"",""replica"":""d74614c5-3877-4710-a4a1-8f41af3269ac""}",2026-07-28T14:54:09.560230925Z
	,error,"{""level"":""error""}","{""project"":""e40824fb-b871-4f4a-bbd4-dc97257175b5"",""environment"":""71fe69c0-317e-4401-83e8-167236953714"",""service"":""98ac865d-3446-4204-8b6f-837e63498101"",""deployment"":""dcdde22b-483f-4551-bfa8-a8ad23f2f868"",""replica"":""d74614c5-3877-4710-a4a1-8f41af3269ac""}",2026-07-28T14:54:09.560231025Z
	);,error,"{""level"":""error""}","{""project"":""e40824fb-b871-4f4a-bbd4-dc97257175b5"",""environment"":""71fe69c0-317e-4401-83e8-167236953714"",""service"":""98ac865d-3446-4204-8b6f-837e63498101"",""deployment"":""dcdde22b-483f-4551-bfa8-a8ad23f2f868"",""replica"":""d74614c5-3877-4710-a4a1-8f41af3269ac""}",2026-07-28T14:54:09.560233685Z
	CREATE TABLE IF NOT EXISTS client_contracts (,error,"{""level"":""error""}","{""project"":""e40824fb-b871-4f4a-bbd4-dc97257175b5"",""environment"":""71fe69c0-317e-4401-83e8-167236953714"",""service"":""98ac865d-3446-4204-8b6f-837e63498101"",""deployment"":""dcdde22b-483f-4551-bfa8-a8ad23f2f868"",""replica"":""d74614c5-3877-4710-a4a1-8f41af3269ac""}",2026-07-28T14:54:09.560238065Z
"	    phone       TEXT,",error,"{""level"":""error""}","{""project"":""e40824fb-b871-4f4a-bbd4-dc97257175b5"",""environment"":""71fe69c0-317e-4401-83e8-167236953714"",""service"":""98ac865d-3446-4204-8b6f-837e63498101"",""deployment"":""dcdde22b-483f-4551-bfa8-a8ad23f2f868"",""replica"":""d74614c5-3877-4710-a4a1-8f41af3269ac""}",2026-07-28T14:54:09.560238975Z
"	    brand_id    UUID NOT NULL REFERENCES brands(id) ON DELETE CASCADE,",error,"{""level"":""error""}","{""project"":""e40824fb-b871-4f4a-bbd4-dc97257175b5"",""environment"":""71fe69c0-317e-4401-83e8-167236953714"",""service"":""98ac865d-3446-4204-8b6f-837e63498101"",""deployment"":""dcdde22b-483f-4551-bfa8-a8ad23f2f868"",""replica"":""d74614c5-3877-4710-a4a1-8f41af3269ac""}",2026-07-28T14:54:09.560248324Z
"	    created_at  TIMESTAMPTZ NOT NULL DEFAULT NOW(),",error,"{""level"":""error""}","{""project"":""e40824fb-b871-4f4a-bbd4-dc97257175b5"",""environment"":""71fe69c0-317e-4401-83e8-167236953714"",""service"":""98ac865d-3446-4204-8b6f-837e63498101"",""deployment"":""dcdde22b-483f-4551-bfa8-a8ad23f2f868"",""replica"":""d74614c5-3877-4710-a4a1-8f41af3269ac""}",2026-07-28T14:54:09.560251744Z
"	    email       TEXT,",error,"{""level"":""error""}","{""project"":""e40824fb-b871-4f4a-bbd4-dc97257175b5"",""environment"":""71fe69c0-317e-4401-83e8-167236953714"",""service"":""98ac865d-3446-4204-8b6f-837e63498101"",""deployment"":""dcdde22b-483f-4551-bfa8-a8ad23f2f868"",""replica"":""d74614c5-3877-4710-a4a1-8f41af3269ac""}",2026-07-28T14:54:09.560252044Z
"	    job_title   TEXT,",error,"{""level"":""error""}","{""project"":""e40824fb-b871-4f4a-bbd4-dc97257175b5"",""environment"":""71fe69c0-317e-4401-83e8-167236953714"",""service"":""98ac865d-3446-4204-8b6f-837e63498101"",""deployment"":""dcdde22b-483f-4551-bfa8-a8ad23f2f868"",""replica"":""d74614c5-3877-4710-a4a1-8f41af3269ac""}",2026-07-28T14:54:09.560253714Z
"	    full_name   TEXT NOT NULL,",error,"{""level"":""error""}","{""project"":""e40824fb-b871-4f4a-bbd4-dc97257175b5"",""environment"":""71fe69c0-317e-4401-83e8-167236953714"",""service"":""98ac865d-3446-4204-8b6f-837e63498101"",""deployment"":""dcdde22b-483f-4551-bfa8-a8ad23f2f868"",""replica"":""d74614c5-3877-4710-a4a1-8f41af3269ac""}",2026-07-28T14:54:09.560259574Z
"	    is_primary  BOOLEAN NOT NULL DEFAULT FALSE,",error,"{""level"":""error""}","{""project"":""e40824fb-b871-4f4a-bbd4-dc97257175b5"",""environment"":""71fe69c0-317e-4401-83e8-167236953714"",""service"":""98ac865d-3446-4204-8b6f-837e63498101"",""deployment"":""dcdde22b-483f-4551-bfa8-a8ad23f2f868"",""replica"":""d74614c5-3877-4710-a4a1-8f41af3269ac""}",2026-07-28T14:54:09.560281274Z
"	    notes       TEXT,",error,"{""level"":""error""}","{""project"":""e40824fb-b871-4f4a-bbd4-dc97257175b5"",""environment"":""71fe69c0-317e-4401-83e8-167236953714"",""service"":""98ac865d-3446-4204-8b6f-837e63498101"",""deployment"":""dcdde22b-483f-4551-bfa8-a8ad23f2f868"",""replica"":""d74614c5-3877-4710-a4a1-8f41af3269ac""}",2026-07-28T14:54:09.560294654Z
"	    client_id       UUID NOT NULL REFERENCES clients(id) ON DELETE CASCADE,",error,"{""level"":""error""}","{""project"":""e40824fb-b871-4f4a-bbd4-dc97257175b5"",""environment"":""71fe69c0-317e-4401-83e8-167236953714"",""service"":""98ac865d-3446-4204-8b6f-837e63498101"",""deployment"":""dcdde22b-483f-4551-bfa8-a8ad23f2f868"",""replica"":""d74614c5-3877-4710-a4a1-8f41af3269ac""}",2026-07-28T14:54:09.560315654Z
"	    title           TEXT NOT NULL,",error,"{""level"":""error""}","{""project"":""e40824fb-b871-4f4a-bbd4-dc97257175b5"",""environment"":""71fe69c0-317e-4401-83e8-167236953714"",""service"":""98ac865d-3446-4204-8b6f-837e63498101"",""deployment"":""dcdde22b-483f-4551-bfa8-a8ad23f2f868"",""replica"":""d74614c5-3877-4710-a4a1-8f41af3269ac""}",2026-07-28T14:54:09.560322283Z
"	    contract_type   TEXT NOT NULL,",error,"{""level"":""error""}","{""project"":""e40824fb-b871-4f4a-bbd4-dc97257175b5"",""environment"":""71fe69c0-317e-4401-83e8-167236953714"",""service"":""98ac865d-3446-4204-8b6f-837e63498101"",""deployment"":""dcdde22b-483f-4551-bfa8-a8ad23f2f868"",""replica"":""d74614c5-3877-4710-a4a1-8f41af3269ac""}",2026-07-28T14:54:09.560325873Z
"	    start_date      DATE NOT NULL,",error,"{""level"":""error""}","{""project"":""e40824fb-b871-4f4a-bbd4-dc97257175b5"",""environment"":""71fe69c0-317e-4401-83e8-167236953714"",""service"":""98ac865d-3446-4204-8b6f-837e63498101"",""deployment"":""dcdde22b-483f-4551-bfa8-a8ad23f2f868"",""replica"":""d74614c5-3877-4710-a4a1-8f41af3269ac""}",2026-07-28T14:54:09.560329793Z
"	    end_date        DATE,",error,"{""level"":""error""}","{""project"":""e40824fb-b871-4f4a-bbd4-dc97257175b5"",""environment"":""71fe69c0-317e-4401-83e8-167236953714"",""service"":""98ac865d-3446-4204-8b6f-837e63498101"",""deployment"":""dcdde22b-483f-4551-bfa8-a8ad23f2f868"",""replica"":""d74614c5-3877-4710-a4a1-8f41af3269ac""}",2026-07-28T14:54:09.560335493Z
"	    total_value     NUMERIC(15, 2),",error,"{""level"":""error""}","{""project"":""e40824fb-b871-4f4a-bbd4-dc97257175b5"",""environment"":""71fe69c0-317e-4401-83e8-167236953714"",""service"":""98ac865d-3446-4204-8b6f-837e63498101"",""deployment"":""dcdde22b-483f-4551-bfa8-a8ad23f2f868"",""replica"":""d74614c5-3877-4710-a4a1-8f41af3269ac""}",2026-07-28T14:54:09.560340793Z
	,error,"{""level"":""error""}","{""project"":""e40824fb-b871-4f4a-bbd4-dc97257175b5"",""environment"":""71fe69c0-317e-4401-83e8-167236953714"",""service"":""98ac865d-3446-4204-8b6f-837e63498101"",""deployment"":""dcdde22b-483f-4551-bfa8-a8ad23f2f868"",""replica"":""d74614c5-3877-4710-a4a1-8f41af3269ac""}",2026-07-28T14:54:09.560343023Z
	    FOR EACH ROW EXECUTE FUNCTION public.set_updated_at();,error,"{""level"":""error""}","{""project"":""e40824fb-b871-4f4a-bbd4-dc97257175b5"",""environment"":""71fe69c0-317e-4401-83e8-167236953714"",""service"":""98ac865d-3446-4204-8b6f-837e63498101"",""deployment"":""dcdde22b-483f-4551-bfa8-a8ad23f2f868"",""replica"":""d74614c5-3877-4710-a4a1-8f41af3269ac""}",2026-07-28T14:54:09.560346543Z
"	    currency        TEXT NOT NULL DEFAULT 'USD',",error,"{""level"":""error""}","{""project"":""e40824fb-b871-4f4a-bbd4-dc97257175b5"",""environment"":""71fe69c0-317e-4401-83e8-167236953714"",""service"":""98ac865d-3446-4204-8b6f-837e63498101"",""deployment"":""dcdde22b-483f-4551-bfa8-a8ad23f2f868"",""replica"":""d74614c5-3877-4710-a4a1-8f41af3269ac""}",2026-07-28T14:54:09.560348573Z
	,error,"{""level"":""error""}","{""project"":""e40824fb-b871-4f4a-bbd4-dc97257175b5"",""environment"":""71fe69c0-317e-4401-83e8-167236953714"",""service"":""98ac865d-3446-4204-8b6f-837e63498101"",""deployment"":""dcdde22b-483f-4551-bfa8-a8ad23f2f868"",""replica"":""d74614c5-3877-4710-a4a1-8f41af3269ac""}",2026-07-28T14:54:09.560354283Z
"	    status          TEXT NOT NULL DEFAULT 'active',",error,"{""level"":""error""}","{""project"":""e40824fb-b871-4f4a-bbd4-dc97257175b5"",""environment"":""71fe69c0-317e-4401-83e8-167236953714"",""service"":""98ac865d-3446-4204-8b6f-837e63498101"",""deployment"":""dcdde22b-483f-4551-bfa8-a8ad23f2f868"",""replica"":""d74614c5-3877-4710-a4a1-8f41af3269ac""}",2026-07-28T14:54:09.560356383Z
	CREATE TRIGGER trg_clients_updated_at BEFORE UPDATE ON clients,error,"{""level"":""error""}","{""project"":""e40824fb-b871-4f4a-bbd4-dc97257175b5"",""environment"":""71fe69c0-317e-4401-83e8-167236953714"",""service"":""98ac865d-3446-4204-8b6f-837e63498101"",""deployment"":""dcdde22b-483f-4551-bfa8-a8ad23f2f868"",""replica"":""d74614c5-3877-4710-a4a1-8f41af3269ac""}",2026-07-28T14:54:09.560359943Z
	-- =============================================================================,error,"{""level"":""error""}","{""project"":""e40824fb-b871-4f4a-bbd4-dc97257175b5"",""environment"":""71fe69c0-317e-4401-83e8-167236953714"",""service"":""98ac865d-3446-4204-8b6f-837e63498101"",""deployment"":""dcdde22b-483f-4551-bfa8-a8ad23f2f868"",""replica"":""d74614c5-3877-4710-a4a1-8f41af3269ac""}",2026-07-28T14:54:09.560362163Z
"	    document_url    TEXT,",error,"{""level"":""error""}","{""project"":""e40824fb-b871-4f4a-bbd4-dc97257175b5"",""environment"":""71fe69c0-317e-4401-83e8-167236953714"",""service"":""98ac865d-3446-4204-8b6f-837e63498101"",""deployment"":""dcdde22b-483f-4551-bfa8-a8ad23f2f868"",""replica"":""d74614c5-3877-4710-a4a1-8f41af3269ac""}",2026-07-28T14:54:09.560362913Z
	-- PHASE 5: Influencers (migration 0005 adapted),error,"{""level"":""error""}","{""project"":""e40824fb-b871-4f4a-bbd4-dc97257175b5"",""environment"":""71fe69c0-317e-4401-83e8-167236953714"",""service"":""98ac865d-3446-4204-8b6f-837e63498101"",""deployment"":""dcdde22b-483f-4551-bfa8-a8ad23f2f868"",""replica"":""d74614c5-3877-4710-a4a1-8f41af3269ac""}",2026-07-28T14:54:09.560368983Z
"	    notes           TEXT,",error,"{""level"":""error""}","{""project"":""e40824fb-b871-4f4a-bbd4-dc97257175b5"",""environment"":""71fe69c0-317e-4401-83e8-167236953714"",""service"":""98ac865d-3446-4204-8b6f-837e63498101"",""deployment"":""dcdde22b-483f-4551-bfa8-a8ad23f2f868"",""replica"":""d74614c5-3877-4710-a4a1-8f41af3269ac""}",2026-07-28T14:54:09.560374993Z
	-- =============================================================================,error,"{""level"":""error""}","{""project"":""e40824fb-b871-4f4a-bbd4-dc97257175b5"",""environment"":""71fe69c0-317e-4401-83e8-167236953714"",""service"":""98ac865d-3446-4204-8b6f-837e63498101"",""deployment"":""dcdde22b-483f-4551-bfa8-a8ad23f2f868"",""replica"":""d74614c5-3877-4710-a4a1-8f41af3269ac""}",2026-07-28T14:54:09.560378153Z
	    FOR EACH ROW EXECUTE FUNCTION public.set_updated_at();,error,"{""level"":""error""}","{""project"":""e40824fb-b871-4f4a-bbd4-dc97257175b5"",""environment"":""71fe69c0-317e-4401-83e8-167236953714"",""service"":""98ac865d-3446-4204-8b6f-837e63498101"",""deployment"":""dcdde22b-483f-4551-bfa8-a8ad23f2f868"",""replica"":""d74614c5-3877-4710-a4a1-8f41af3269ac""}",2026-07-28T14:54:09.560378173Z
	,error,"{""level"":""error""}","{""project"":""e40824fb-b871-4f4a-bbd4-dc97257175b5"",""environment"":""71fe69c0-317e-4401-83e8-167236953714"",""service"":""98ac865d-3446-4204-8b6f-837e63498101"",""deployment"":""dcdde22b-483f-4551-bfa8-a8ad23f2f868"",""replica"":""d74614c5-3877-4710-a4a1-8f41af3269ac""}",2026-07-28T14:54:09.560380073Z
"	    created_by      UUID REFERENCES users(id) ON DELETE SET NULL,",error,"{""level"":""error""}","{""project"":""e40824fb-b871-4f4a-bbd4-dc97257175b5"",""environment"":""71fe69c0-317e-4401-83e8-167236953714"",""service"":""98ac865d-3446-4204-8b6f-837e63498101"",""deployment"":""dcdde22b-483f-4551-bfa8-a8ad23f2f868"",""replica"":""d74614c5-3877-4710-a4a1-8f41af3269ac""}",2026-07-28T14:54:09.560387403Z
	CREATE TRIGGER trg_brands_updated_at BEFORE UPDATE ON brands,error,"{""level"":""error""}","{""project"":""e40824fb-b871-4f4a-bbd4-dc97257175b5"",""environment"":""71fe69c0-317e-4401-83e8-167236953714"",""service"":""98ac865d-3446-4204-8b6f-837e63498101"",""deployment"":""dcdde22b-483f-4551-bfa8-a8ad23f2f868"",""replica"":""d74614c5-3877-4710-a4a1-8f41af3269ac""}",2026-07-28T14:54:09.560391723Z
"	    bio             TEXT,",error,"{""level"":""error""}","{""project"":""e40824fb-b871-4f4a-bbd4-dc97257175b5"",""environment"":""71fe69c0-317e-4401-83e8-167236953714"",""service"":""98ac865d-3446-4204-8b6f-837e63498101"",""deployment"":""dcdde22b-483f-4551-bfa8-a8ad23f2f868"",""replica"":""d74614c5-3877-4710-a4a1-8f41af3269ac""}",2026-07-28T14:54:09.560392003Z
	CREATE TABLE IF NOT EXISTS influencers (,error,"{""level"":""error""}","{""project"":""e40824fb-b871-4f4a-bbd4-dc97257175b5"",""environment"":""71fe69c0-317e-4401-83e8-167236953714"",""service"":""98ac865d-3446-4204-8b6f-837e63498101"",""deployment"":""dcdde22b-483f-4551-bfa8-a8ad23f2f868"",""replica"":""d74614c5-3877-4710-a4a1-8f41af3269ac""}",2026-07-28T14:54:09.560397532Z
"	    source_id       TEXT,",error,"{""level"":""error""}","{""project"":""e40824fb-b871-4f4a-bbd4-dc97257175b5"",""environment"":""71fe69c0-317e-4401-83e8-167236953714"",""service"":""98ac865d-3446-4204-8b6f-837e63498101"",""deployment"":""dcdde22b-483f-4551-bfa8-a8ad23f2f868"",""replica"":""d74614c5-3877-4710-a4a1-8f41af3269ac""}",2026-07-28T14:54:09.560398732Z
"	    created_at      TIMESTAMPTZ NOT NULL DEFAULT NOW(),",error,"{""level"":""error""}","{""project"":""e40824fb-b871-4f4a-bbd4-dc97257175b5"",""environment"":""71fe69c0-317e-4401-83e8-167236953714"",""service"":""98ac865d-3446-4204-8b6f-837e63498101"",""deployment"":""dcdde22b-483f-4551-bfa8-a8ad23f2f868"",""replica"":""d74614c5-3877-4710-a4a1-8f41af3269ac""}",2026-07-28T14:54:09.560403352Z
	    FOR EACH ROW EXECUTE FUNCTION public.set_updated_at();,error,"{""level"":""error""}","{""project"":""e40824fb-b871-4f4a-bbd4-dc97257175b5"",""environment"":""71fe69c0-317e-4401-83e8-167236953714"",""service"":""98ac865d-3446-4204-8b6f-837e63498101"",""deployment"":""dcdde22b-483f-4551-bfa8-a8ad23f2f868"",""replica"":""d74614c5-3877-4710-a4a1-8f41af3269ac""}",2026-07-28T14:54:09.560403852Z
"	    content_niches  TEXT[] NOT NULL DEFAULT '{}',",error,"{""level"":""error""}","{""project"":""e40824fb-b871-4f4a-bbd4-dc97257175b5"",""environment"":""71fe69c0-317e-4401-83e8-167236953714"",""service"":""98ac865d-3446-4204-8b6f-837e63498101"",""deployment"":""dcdde22b-483f-4551-bfa8-a8ad23f2f868"",""replica"":""d74614c5-3877-4710-a4a1-8f41af3269ac""}",2026-07-28T14:54:09.560404352Z
	    deleted_at      TIMESTAMPTZ,error,"{""level"":""error""}","{""project"":""e40824fb-b871-4f4a-bbd4-dc97257175b5"",""environment"":""71fe69c0-317e-4401-83e8-167236953714"",""service"":""98ac865d-3446-4204-8b6f-837e63498101"",""deployment"":""dcdde22b-483f-4551-bfa8-a8ad23f2f868"",""replica"":""d74614c5-3877-4710-a4a1-8f41af3269ac""}",2026-07-28T14:54:09.560413192Z
"	    id              UUID PRIMARY KEY DEFAULT extensions.uuid_generate_v4(),",error,"{""level"":""error""}","{""project"":""e40824fb-b871-4f4a-bbd4-dc97257175b5"",""environment"":""71fe69c0-317e-4401-83e8-167236953714"",""service"":""98ac865d-3446-4204-8b6f-837e63498101"",""deployment"":""dcdde22b-483f-4551-bfa8-a8ad23f2f868"",""replica"":""d74614c5-3877-4710-a4a1-8f41af3269ac""}",2026-07-28T14:54:09.560413442Z
"	    created_by      UUID REFERENCES users(id) ON DELETE SET NULL,",error,"{""level"":""error""}","{""project"":""e40824fb-b871-4f4a-bbd4-dc97257175b5"",""environment"":""71fe69c0-317e-4401-83e8-167236953714"",""service"":""98ac865d-3446-4204-8b6f-837e63498101"",""deployment"":""dcdde22b-483f-4551-bfa8-a8ad23f2f868"",""replica"":""d74614c5-3877-4710-a4a1-8f41af3269ac""}",2026-07-28T14:54:09.560414792Z
	    updated_at      TIMESTAMPTZ NOT NULL DEFAULT NOW(),error,"{""level"":""error""}","{""project"":""e40824fb-b871-4f4a-bbd4-dc97257175b5"",""environment"":""71fe69c0-317e-4401-83e8-167236953714"",""service"":""98ac865d-3446-4204-8b6f-837e63498101"",""deployment"":""dcdde22b-483f-4551-bfa8-a8ad23f2f868"",""replica"":""d74614c5-3877-4710-a4a1-8f41af3269ac""}",2026-07-28T14:54:09.560418702Z
	CREATE TRIGGER trg_brand_contacts_updated_at BEFORE UPDATE ON brand_contacts,error,"{""level"":""error""}","{""project"":""e40824fb-b871-4f4a-bbd4-dc97257175b5"",""environment"":""71fe69c0-317e-4401-83e8-167236953714"",""service"":""98ac865d-3446-4204-8b6f-837e63498101"",""deployment"":""dcdde22b-483f-4551-bfa8-a8ad23f2f868"",""replica"":""d74614c5-3877-4710-a4a1-8f41af3269ac""}",2026-07-28T14:54:09.560423002Z
"	    languages       TEXT[] NOT NULL DEFAULT ARRAY['es'],",error,"{""level"":""error""}","{""project"":""e40824fb-b871-4f4a-bbd4-dc97257175b5"",""environment"":""71fe69c0-317e-4401-83e8-167236953714"",""service"":""98ac865d-3446-4204-8b6f-837e63498101"",""deployment"":""dcdde22b-483f-4551-bfa8-a8ad23f2f868"",""replica"":""d74614c5-3877-4710-a4a1-8f41af3269ac""}",2026-07-28T14:54:09.560423022Z
	CREATE INDEX IF NOT EXISTS idx_influencers_primary_tier ON influencers(primary_tier);,error,"{""level"":""error""}","{""project"":""e40824fb-b871-4f4a-bbd4-dc97257175b5"",""environment"":""71fe69c0-317e-4401-83e8-167236953714"",""service"":""98ac865d-3446-4204-8b6f-837e63498101"",""deployment"":""dcdde22b-483f-4551-bfa8-a8ad23f2f868"",""replica"":""d74614c5-3877-4710-a4a1-8f41af3269ac""}",2026-07-28T14:54:09.560423292Z
"	    created_at      TIMESTAMPTZ NOT NULL DEFAULT NOW(),",error,"{""level"":""error""}","{""project"":""e40824fb-b871-4f4a-bbd4-dc97257175b5"",""environment"":""71fe69c0-317e-4401-83e8-167236953714"",""service"":""98ac865d-3446-4204-8b6f-837e63498101"",""deployment"":""dcdde22b-483f-4551-bfa8-a8ad23f2f868"",""replica"":""d74614c5-3877-4710-a4a1-8f41af3269ac""}",2026-07-28T14:54:09.560431692Z
"	    full_name       TEXT NOT NULL,",error,"{""level"":""error""}","{""project"":""e40824fb-b871-4f4a-bbd4-dc97257175b5"",""environment"":""71fe69c0-317e-4401-83e8-167236953714"",""service"":""98ac865d-3446-4204-8b6f-837e63498101"",""deployment"":""dcdde22b-483f-4551-bfa8-a8ad23f2f868"",""replica"":""d74614c5-3877-4710-a4a1-8f41af3269ac""}",2026-07-28T14:54:09.560431782Z
	);,error,"{""level"":""error""}","{""project"":""e40824fb-b871-4f4a-bbd4-dc97257175b5"",""environment"":""71fe69c0-317e-4401-83e8-167236953714"",""service"":""98ac865d-3446-4204-8b6f-837e63498101"",""deployment"":""dcdde22b-483f-4551-bfa8-a8ad23f2f868"",""replica"":""d74614c5-3877-4710-a4a1-8f41af3269ac""}",2026-07-28T14:54:09.560432392Z
	);,error,"{""level"":""error""}","{""project"":""e40824fb-b871-4f4a-bbd4-dc97257175b5"",""environment"":""71fe69c0-317e-4401-83e8-167236953714"",""service"":""98ac865d-3446-4204-8b6f-837e63498101"",""deployment"":""dcdde22b-483f-4551-bfa8-a8ad23f2f868"",""replica"":""d74614c5-3877-4710-a4a1-8f41af3269ac""}",2026-07-28T14:54:09.560435132Z
	CREATE INDEX IF NOT EXISTS idx_influencers_status ON influencers(status) WHERE deleted_at IS NULL;,error,"{""level"":""error""}","{""project"":""e40824fb-b871-4f4a-bbd4-dc97257175b5"",""environment"":""71fe69c0-317e-4401-83e8-167236953714"",""service"":""98ac865d-3446-4204-8b6f-837e63498101"",""deployment"":""dcdde22b-483f-4551-bfa8-a8ad23f2f868"",""replica"":""d74614c5-3877-4710-a4a1-8f41af3269ac""}",2026-07-28T14:54:09.560438492Z
	    FOR EACH ROW EXECUTE FUNCTION public.set_updated_at();,error,"{""level"":""error""}","{""project"":""e40824fb-b871-4f4a-bbd4-dc97257175b5"",""environment"":""71fe69c0-317e-4401-83e8-167236953714"",""service"":""98ac865d-3446-4204-8b6f-837e63498101"",""deployment"":""dcdde22b-483f-4551-bfa8-a8ad23f2f868"",""replica"":""d74614c5-3877-4710-a4a1-8f41af3269ac""}",2026-07-28T14:54:09.560439162Z
"	    status          TEXT NOT NULL DEFAULT 'active',",error,"{""level"":""error""}","{""project"":""e40824fb-b871-4f4a-bbd4-dc97257175b5"",""environment"":""71fe69c0-317e-4401-83e8-167236953714"",""service"":""98ac865d-3446-4204-8b6f-837e63498101"",""deployment"":""dcdde22b-483f-4551-bfa8-a8ad23f2f868"",""replica"":""d74614c5-3877-4710-a4a1-8f41af3269ac""}",2026-07-28T14:54:09.560439232Z
"	    updated_at      TIMESTAMPTZ NOT NULL DEFAULT NOW(),",error,"{""level"":""error""}","{""project"":""e40824fb-b871-4f4a-bbd4-dc97257175b5"",""environment"":""71fe69c0-317e-4401-83e8-167236953714"",""service"":""98ac865d-3446-4204-8b6f-837e63498101"",""deployment"":""dcdde22b-483f-4551-bfa8-a8ad23f2f868"",""replica"":""d74614c5-3877-4710-a4a1-8f41af3269ac""}",2026-07-28T14:54:09.560443802Z
"	    updated_at      TIMESTAMPTZ NOT NULL DEFAULT NOW(),",error,"{""level"":""error""}","{""project"":""e40824fb-b871-4f4a-bbd4-dc97257175b5"",""environment"":""71fe69c0-317e-4401-83e8-167236953714"",""service"":""98ac865d-3446-4204-8b6f-837e63498101"",""deployment"":""dcdde22b-483f-4551-bfa8-a8ad23f2f868"",""replica"":""d74614c5-3877-4710-a4a1-8f41af3269ac""}",2026-07-28T14:54:09.560446332Z
	CREATE INDEX IF NOT EXISTS idx_influencers_tags ON influencers USING GIN(tags);,error,"{""level"":""error""}","{""project"":""e40824fb-b871-4f4a-bbd4-dc97257175b5"",""environment"":""71fe69c0-317e-4401-83e8-167236953714"",""service"":""98ac865d-3446-4204-8b6f-837e63498101"",""deployment"":""dcdde22b-483f-4551-bfa8-a8ad23f2f868"",""replica"":""d74614c5-3877-4710-a4a1-8f41af3269ac""}",2026-07-28T14:54:09.560448372Z
"	    email           TEXT,",error,"{""level"":""error""}","{""project"":""e40824fb-b871-4f4a-bbd4-dc97257175b5"",""environment"":""71fe69c0-317e-4401-83e8-167236953714"",""service"":""98ac865d-3446-4204-8b6f-837e63498101"",""deployment"":""dcdde22b-483f-4551-bfa8-a8ad23f2f868"",""replica"":""d74614c5-3877-4710-a4a1-8f41af3269ac""}",2026-07-28T14:54:09.560448882Z
	CREATE TRIGGER trg_client_contracts_updated_at BEFORE UPDATE ON client_contracts,error,"{""level"":""error""}","{""project"":""e40824fb-b871-4f4a-bbd4-dc97257175b5"",""environment"":""71fe69c0-317e-4401-83e8-167236953714"",""service"":""98ac865d-3446-4204-8b6f-837e63498101"",""deployment"":""dcdde22b-483f-4551-bfa8-a8ad23f2f868"",""replica"":""d74614c5-3877-4710-a4a1-8f41af3269ac""}",2026-07-28T14:54:09.560454082Z
"	    tags            TEXT[] NOT NULL DEFAULT '{}',",error,"{""level"":""error""}","{""project"":""e40824fb-b871-4f4a-bbd4-dc97257175b5"",""environment"":""71fe69c0-317e-4401-83e8-167236953714"",""service"":""98ac865d-3446-4204-8b6f-837e63498101"",""deployment"":""dcdde22b-483f-4551-bfa8-a8ad23f2f868"",""replica"":""d74614c5-3877-4710-a4a1-8f41af3269ac""}",2026-07-28T14:54:09.560454622Z
"	    url             TEXT,",error,"{""level"":""error""}","{""project"":""e40824fb-b871-4f4a-bbd4-dc97257175b5"",""environment"":""71fe69c0-317e-4401-83e8-167236953714"",""service"":""98ac865d-3446-4204-8b6f-837e63498101"",""deployment"":""dcdde22b-483f-4551-bfa8-a8ad23f2f868"",""replica"":""d74614c5-3877-4710-a4a1-8f41af3269ac""}",2026-07-28T14:54:09.560463792Z
"	    is_primary      BOOLEAN NOT NULL DEFAULT FALSE,",error,"{""level"":""error""}","{""project"":""e40824fb-b871-4f4a-bbd4-dc97257175b5"",""environment"":""71fe69c0-317e-4401-83e8-167236953714"",""service"":""98ac865d-3446-4204-8b6f-837e63498101"",""deployment"":""dcdde22b-483f-4551-bfa8-a8ad23f2f868"",""replica"":""d74614c5-3877-4710-a4a1-8f41af3269ac""}",2026-07-28T14:54:09.560464162Z
	,error,"{""level"":""error""}","{""project"":""e40824fb-b871-4f4a-bbd4-dc97257175b5"",""environment"":""71fe69c0-317e-4401-83e8-167236953714"",""service"":""98ac865d-3446-4204-8b6f-837e63498101"",""deployment"":""dcdde22b-483f-4551-bfa8-a8ad23f2f868"",""replica"":""d74614c5-3877-4710-a4a1-8f41af3269ac""}",2026-07-28T14:54:09.560466072Z
	CREATE TABLE IF NOT EXISTS influencer_social_accounts (,error,"{""level"":""error""}","{""project"":""e40824fb-b871-4f4a-bbd4-dc97257175b5"",""environment"":""71fe69c0-317e-4401-83e8-167236953714"",""service"":""98ac865d-3446-4204-8b6f-837e63498101"",""deployment"":""dcdde22b-483f-4551-bfa8-a8ad23f2f868"",""replica"":""d74614c5-3877-4710-a4a1-8f41af3269ac""}",2026-07-28T14:54:09.560469091Z
"	    metadata        JSONB NOT NULL DEFAULT '{}'::jsonb,",error,"{""level"":""error""}","{""project"":""e40824fb-b871-4f4a-bbd4-dc97257175b5"",""environment"":""71fe69c0-317e-4401-83e8-167236953714"",""service"":""98ac865d-3446-4204-8b6f-837e63498101"",""deployment"":""dcdde22b-483f-4551-bfa8-a8ad23f2f868"",""replica"":""d74614c5-3877-4710-a4a1-8f41af3269ac""}",2026-07-28T14:54:09.560469841Z
"	    phone           TEXT,",error,"{""level"":""error""}","{""project"":""e40824fb-b871-4f4a-bbd4-dc97257175b5"",""environment"":""71fe69c0-317e-4401-83e8-167236953714"",""service"":""98ac865d-3446-4204-8b6f-837e63498101"",""deployment"":""dcdde22b-483f-4551-bfa8-a8ad23f2f868"",""replica"":""d74614c5-3877-4710-a4a1-8f41af3269ac""}",2026-07-28T14:54:09.560471901Z
"	    source          TEXT,",error,"{""level"":""error""}","{""project"":""e40824fb-b871-4f4a-bbd4-dc97257175b5"",""environment"":""71fe69c0-317e-4401-83e8-167236953714"",""service"":""98ac865d-3446-4204-8b6f-837e63498101"",""deployment"":""dcdde22b-483f-4551-bfa8-a8ad23f2f868"",""replica"":""d74614c5-3877-4710-a4a1-8f41af3269ac""}",2026-07-28T14:54:09.560477991Z
"	    created_at      TIMESTAMPTZ NOT NULL DEFAULT NOW(),",error,"{""level"":""error""}","{""project"":""e40824fb-b871-4f4a-bbd4-dc97257175b5"",""environment"":""71fe69c0-317e-4401-83e8-167236953714"",""service"":""98ac865d-3446-4204-8b6f-837e63498101"",""deployment"":""dcdde22b-483f-4551-bfa8-a8ad23f2f868"",""replica"":""d74614c5-3877-4710-a4a1-8f41af3269ac""}",2026-07-28T14:54:09.560478281Z
"	    platform_user_id TEXT,",error,"{""level"":""error""}","{""project"":""e40824fb-b871-4f4a-bbd4-dc97257175b5"",""environment"":""71fe69c0-317e-4401-83e8-167236953714"",""service"":""98ac865d-3446-4204-8b6f-837e63498101"",""deployment"":""dcdde22b-483f-4551-bfa8-a8ad23f2f868"",""replica"":""d74614c5-3877-4710-a4a1-8f41af3269ac""}",2026-07-28T14:54:09.560482181Z
"	    id              UUID PRIMARY KEY DEFAULT extensions.uuid_generate_v4(),",error,"{""level"":""error""}","{""project"":""e40824fb-b871-4f4a-bbd4-dc97257175b5"",""environment"":""71fe69c0-317e-4401-83e8-167236953714"",""service"":""98ac865d-3446-4204-8b6f-837e63498101"",""deployment"":""dcdde22b-483f-4551-bfa8-a8ad23f2f868"",""replica"":""d74614c5-3877-4710-a4a1-8f41af3269ac""}",2026-07-28T14:54:09.560483011Z
"	    country         TEXT NOT NULL DEFAULT 'VE',",error,"{""level"":""error""}","{""project"":""e40824fb-b871-4f4a-bbd4-dc97257175b5"",""environment"":""71fe69c0-317e-4401-83e8-167236953714"",""service"":""98ac865d-3446-4204-8b6f-837e63498101"",""deployment"":""dcdde22b-483f-4551-bfa8-a8ad23f2f868"",""replica"":""d74614c5-3877-4710-a4a1-8f41af3269ac""}",2026-07-28T14:54:09.560483541Z
"	    city            TEXT,",error,"{""level"":""error""}","{""project"":""e40824fb-b871-4f4a-bbd4-dc97257175b5"",""environment"":""71fe69c0-317e-4401-83e8-167236953714"",""service"":""98ac865d-3446-4204-8b6f-837e63498101"",""deployment"":""dcdde22b-483f-4551-bfa8-a8ad23f2f868"",""replica"":""d74614c5-3877-4710-a4a1-8f41af3269ac""}",2026-07-28T14:54:09.560493111Z
"	    influencer_id   UUID NOT NULL REFERENCES influencers(id) ON DELETE CASCADE,",error,"{""level"":""error""}","{""project"":""e40824fb-b871-4f4a-bbd4-dc97257175b5"",""environment"":""71fe69c0-317e-4401-83e8-167236953714"",""service"":""98ac865d-3446-4204-8b6f-837e63498101"",""deployment"":""dcdde22b-483f-4551-bfa8-a8ad23f2f868"",""replica"":""d74614c5-3877-4710-a4a1-8f41af3269ac""}",2026-07-28T14:54:09.560493961Z
"	    is_verified     BOOLEAN NOT NULL DEFAULT FALSE,",error,"{""level"":""error""}","{""project"":""e40824fb-b871-4f4a-bbd4-dc97257175b5"",""environment"":""71fe69c0-317e-4401-83e8-167236953714"",""service"":""98ac865d-3446-4204-8b6f-837e63498101"",""deployment"":""dcdde22b-483f-4551-bfa8-a8ad23f2f868"",""replica"":""d74614c5-3877-4710-a4a1-8f41af3269ac""}",2026-07-28T14:54:09.560496741Z
"	    primary_tier    influencer_tier NOT NULL DEFAULT 'NANO',",error,"{""level"":""error""}","{""project"":""e40824fb-b871-4f4a-bbd4-dc97257175b5"",""environment"":""71fe69c0-317e-4401-83e8-167236953714"",""service"":""98ac865d-3446-4204-8b6f-837e63498101"",""deployment"":""dcdde22b-483f-4551-bfa8-a8ad23f2f868"",""replica"":""d74614c5-3877-4710-a4a1-8f41af3269ac""}",2026-07-28T14:54:09.560502321Z
"	    platform        TEXT NOT NULL,",error,"{""level"":""error""}","{""project"":""e40824fb-b871-4f4a-bbd4-dc97257175b5"",""environment"":""71fe69c0-317e-4401-83e8-167236953714"",""service"":""98ac865d-3446-4204-8b6f-837e63498101"",""deployment"":""dcdde22b-483f-4551-bfa8-a8ad23f2f868"",""replica"":""d74614c5-3877-4710-a4a1-8f41af3269ac""}",2026-07-28T14:54:09.560502431Z
"	    primary_handle  TEXT,",error,"{""level"":""error""}","{""project"":""e40824fb-b871-4f4a-bbd4-dc97257175b5"",""environment"":""71fe69c0-317e-4401-83e8-167236953714"",""service"":""98ac865d-3446-4204-8b6f-837e63498101"",""deployment"":""dcdde22b-483f-4551-bfa8-a8ad23f2f868"",""replica"":""d74614c5-3877-4710-a4a1-8f41af3269ac""}",2026-07-28T14:54:09.560508841Z
"	    handle          TEXT NOT NULL,",error,"{""level"":""error""}","{""project"":""e40824fb-b871-4f4a-bbd4-dc97257175b5"",""environment"":""71fe69c0-317e-4401-83e8-167236953714"",""service"":""98ac865d-3446-4204-8b6f-837e63498101"",""deployment"":""dcdde22b-483f-4551-bfa8-a8ad23f2f868"",""replica"":""d74614c5-3877-4710-a4a1-8f41af3269ac""}",2026-07-28T14:54:09.560512861Z
"	    avatar_url      TEXT,",error,"{""level"":""error""}","{""project"":""e40824fb-b871-4f4a-bbd4-dc97257175b5"",""environment"":""71fe69c0-317e-4401-83e8-167236953714"",""service"":""98ac865d-3446-4204-8b6f-837e63498101"",""deployment"":""dcdde22b-483f-4551-bfa8-a8ad23f2f868"",""replica"":""d74614c5-3877-4710-a4a1-8f41af3269ac""}",2026-07-28T14:54:09.560515641Z
"	    source                  kpi_source NOT NULL DEFAULT 'MANUAL',",error,"{""level"":""error""}","{""project"":""e40824fb-b871-4f4a-bbd4-dc97257175b5"",""environment"":""71fe69c0-317e-4401-83e8-167236953714"",""service"":""98ac865d-3446-4204-8b6f-837e63498101"",""deployment"":""dcdde22b-483f-4551-bfa8-a8ad23f2f868"",""replica"":""d74614c5-3877-4710-a4a1-8f41af3269ac""}",2026-07-28T14:54:09.561545078Z
"	    UNIQUE (platform, handle)",error,"{""level"":""error""}","{""project"":""e40824fb-b871-4f4a-bbd4-dc97257175b5"",""environment"":""71fe69c0-317e-4401-83e8-167236953714"",""service"":""98ac865d-3446-4204-8b6f-837e63498101"",""deployment"":""dcdde22b-483f-4551-bfa8-a8ad23f2f868"",""replica"":""d74614c5-3877-4710-a4a1-8f41af3269ac""}",2026-07-28T14:54:09.561552328Z
"	    raw_payload             JSONB NOT NULL DEFAULT '{}'::jsonb,",error,"{""level"":""error""}","{""project"":""e40824fb-b871-4f4a-bbd4-dc97257175b5"",""environment"":""71fe69c0-317e-4401-83e8-167236953714"",""service"":""98ac865d-3446-4204-8b6f-837e63498101"",""deployment"":""dcdde22b-483f-4551-bfa8-a8ad23f2f868"",""replica"":""d74614c5-3877-4710-a4a1-8f41af3269ac""}",2026-07-28T14:54:09.561553778Z
	);,error,"{""level"":""error""}","{""project"":""e40824fb-b871-4f4a-bbd4-dc97257175b5"",""environment"":""71fe69c0-317e-4401-83e8-167236953714"",""service"":""98ac865d-3446-4204-8b6f-837e63498101"",""deployment"":""dcdde22b-483f-4551-bfa8-a8ad23f2f868"",""replica"":""d74614c5-3877-4710-a4a1-8f41af3269ac""}",2026-07-28T14:54:09.561559998Z
	CREATE INDEX IF NOT EXISTS idx_social_accounts_influencer ON influencer_social_accounts(influencer_id);,error,"{""level"":""error""}","{""project"":""e40824fb-b871-4f4a-bbd4-dc97257175b5"",""environment"":""71fe69c0-317e-4401-83e8-167236953714"",""service"":""98ac865d-3446-4204-8b6f-837e63498101"",""deployment"":""dcdde22b-483f-4551-bfa8-a8ad23f2f868"",""replica"":""d74614c5-3877-4710-a4a1-8f41af3269ac""}",2026-07-28T14:54:09.561563688Z
	,error,"{""level"":""error""}","{""project"":""e40824fb-b871-4f4a-bbd4-dc97257175b5"",""environment"":""71fe69c0-317e-4401-83e8-167236953714"",""service"":""98ac865d-3446-4204-8b6f-837e63498101"",""deployment"":""dcdde22b-483f-4551-bfa8-a8ad23f2f868"",""replica"":""d74614c5-3877-4710-a4a1-8f41af3269ac""}",2026-07-28T14:54:09.561566658Z
	CREATE TABLE IF NOT EXISTS influencer_metrics_snapshot (,error,"{""level"":""error""}","{""project"":""e40824fb-b871-4f4a-bbd4-dc97257175b5"",""environment"":""71fe69c0-317e-4401-83e8-167236953714"",""service"":""98ac865d-3446-4204-8b6f-837e63498101"",""deployment"":""dcdde22b-483f-4551-bfa8-a8ad23f2f868"",""replica"":""d74614c5-3877-4710-a4a1-8f41af3269ac""}",2026-07-28T14:54:09.561571157Z
"	    id                      UUID PRIMARY KEY DEFAULT extensions.uuid_generate_v4(),",error,"{""level"":""error""}","{""project"":""e40824fb-b871-4f4a-bbd4-dc97257175b5"",""environment"":""71fe69c0-317e-4401-83e8-167236953714"",""service"":""98ac865d-3446-4204-8b6f-837e63498101"",""deployment"":""dcdde22b-483f-4551-bfa8-a8ad23f2f868"",""replica"":""d74614c5-3877-4710-a4a1-8f41af3269ac""}",2026-07-28T14:54:09.561574417Z
"	    influencer_id           UUID NOT NULL REFERENCES influencers(id) ON DELETE CASCADE,",error,"{""level"":""error""}","{""project"":""e40824fb-b871-4f4a-bbd4-dc97257175b5"",""environment"":""71fe69c0-317e-4401-83e8-167236953714"",""service"":""98ac865d-3446-4204-8b6f-837e63498101"",""deployment"":""dcdde22b-483f-4551-bfa8-a8ad23f2f868"",""replica"":""d74614c5-3877-4710-a4a1-8f41af3269ac""}",2026-07-28T14:54:09.561578087Z
"	    social_account_id       UUID REFERENCES influencer_social_accounts(id) ON DELETE CASCADE,",error,"{""level"":""error""}","{""project"":""e40824fb-b871-4f4a-bbd4-dc97257175b5"",""environment"":""71fe69c0-317e-4401-83e8-167236953714"",""service"":""98ac865d-3446-4204-8b6f-837e63498101"",""deployment"":""dcdde22b-483f-4551-bfa8-a8ad23f2f868"",""replica"":""d74614c5-3877-4710-a4a1-8f41af3269ac""}",2026-07-28T14:54:09.561581657Z
"	    snapshot_date           DATE NOT NULL,",error,"{""level"":""error""}","{""project"":""e40824fb-b871-4f4a-bbd4-dc97257175b5"",""environment"":""71fe69c0-317e-4401-83e8-167236953714"",""service"":""98ac865d-3446-4204-8b6f-837e63498101"",""deployment"":""dcdde22b-483f-4551-bfa8-a8ad23f2f868"",""replica"":""d74614c5-3877-4710-a4a1-8f41af3269ac""}",2026-07-28T14:54:09.561585057Z
"	    followers               BIGINT,",error,"{""level"":""error""}","{""project"":""e40824fb-b871-4f4a-bbd4-dc97257175b5"",""environment"":""71fe69c0-317e-4401-83e8-167236953714"",""service"":""98ac865d-3446-4204-8b6f-837e63498101"",""deployment"":""dcdde22b-483f-4551-bfa8-a8ad23f2f868"",""replica"":""d74614c5-3877-4710-a4a1-8f41af3269ac""}",2026-07-28T14:54:09.561588407Z
"	    following               BIGINT,",error,"{""level"":""error""}","{""project"":""e40824fb-b871-4f4a-bbd4-dc97257175b5"",""environment"":""71fe69c0-317e-4401-83e8-167236953714"",""service"":""98ac865d-3446-4204-8b6f-837e63498101"",""deployment"":""dcdde22b-483f-4551-bfa8-a8ad23f2f868"",""replica"":""d74614c5-3877-4710-a4a1-8f41af3269ac""}",2026-07-28T14:54:09.561591247Z
"	    posts_count             INTEGER,",error,"{""level"":""error""}","{""project"":""e40824fb-b871-4f4a-bbd4-dc97257175b5"",""environment"":""71fe69c0-317e-4401-83e8-167236953714"",""service"":""98ac865d-3446-4204-8b6f-837e63498101"",""deployment"":""dcdde22b-483f-4551-bfa8-a8ad23f2f868"",""replica"":""d74614c5-3877-4710-a4a1-8f41af3269ac""}",2026-07-28T14:54:09.561596037Z
"	    avg_likes               NUMERIC(12, 2),",error,"{""level"":""error""}","{""project"":""e40824fb-b871-4f4a-bbd4-dc97257175b5"",""environment"":""71fe69c0-317e-4401-83e8-167236953714"",""service"":""98ac865d-3446-4204-8b6f-837e63498101"",""deployment"":""dcdde22b-483f-4551-bfa8-a8ad23f2f868"",""replica"":""d74614c5-3877-4710-a4a1-8f41af3269ac""}",2026-07-28T14:54:09.561598937Z
"	    avg_comments            NUMERIC(12, 2),",error,"{""level"":""error""}","{""project"":""e40824fb-b871-4f4a-bbd4-dc97257175b5"",""environment"":""71fe69c0-317e-4401-83e8-167236953714"",""service"":""98ac865d-3446-4204-8b6f-837e63498101"",""deployment"":""dcdde22b-483f-4551-bfa8-a8ad23f2f868"",""replica"":""d74614c5-3877-4710-a4a1-8f41af3269ac""}",2026-07-28T14:54:09.561602217Z
"	    avg_views               BIGINT,",error,"{""level"":""error""}","{""project"":""e40824fb-b871-4f4a-bbd4-dc97257175b5"",""environment"":""71fe69c0-317e-4401-83e8-167236953714"",""service"":""98ac865d-3446-4204-8b6f-837e63498101"",""deployment"":""dcdde22b-483f-4551-bfa8-a8ad23f2f868"",""replica"":""d74614c5-3877-4710-a4a1-8f41af3269ac""}",2026-07-28T14:54:09.561605017Z
"	    engagement_rate         NUMERIC(6, 4),",error,"{""level"":""error""}","{""project"":""e40824fb-b871-4f4a-bbd4-dc97257175b5"",""environment"":""71fe69c0-317e-4401-83e8-167236953714"",""service"":""98ac865d-3446-4204-8b6f-837e63498101"",""deployment"":""dcdde22b-483f-4551-bfa8-a8ad23f2f868"",""replica"":""d74614c5-3877-4710-a4a1-8f41af3269ac""}",2026-07-28T14:54:09.561607487Z
"	    reach_30d               BIGINT,",error,"{""level"":""error""}","{""project"":""e40824fb-b871-4f4a-bbd4-dc97257175b5"",""environment"":""71fe69c0-317e-4401-83e8-167236953714"",""service"":""98ac865d-3446-4204-8b6f-837e63498101"",""deployment"":""dcdde22b-483f-4551-bfa8-a8ad23f2f868"",""replica"":""d74614c5-3877-4710-a4a1-8f41af3269ac""}",2026-07-28T14:54:09.561610277Z
"	    impressions_30d         BIGINT,",error,"{""level"":""error""}","{""project"":""e40824fb-b871-4f4a-bbd4-dc97257175b5"",""environment"":""71fe69c0-317e-4401-83e8-167236953714"",""service"":""98ac865d-3446-4204-8b6f-837e63498101"",""deployment"":""dcdde22b-483f-4551-bfa8-a8ad23f2f868"",""replica"":""d74614c5-3877-4710-a4a1-8f41af3269ac""}",2026-07-28T14:54:09.561613317Z
"	    audience_credibility    NUMERIC(5, 2),",error,"{""level"":""error""}","{""project"":""e40824fb-b871-4f4a-bbd4-dc97257175b5"",""environment"":""71fe69c0-317e-4401-83e8-167236953714"",""service"":""98ac865d-3446-4204-8b6f-837e63498101"",""deployment"":""dcdde22b-483f-4551-bfa8-a8ad23f2f868"",""replica"":""d74614c5-3877-4710-a4a1-8f41af3269ac""}",2026-07-28T14:54:09.561616757Z
"	    audience_quality        NUMERIC(5, 2),",error,"{""level"":""error""}","{""project"":""e40824fb-b871-4f4a-bbd4-dc97257175b5"",""environment"":""71fe69c0-317e-4401-83e8-167236953714"",""service"":""98ac865d-3446-4204-8b6f-837e63498101"",""deployment"":""dcdde22b-483f-4551-bfa8-a8ad23f2f868"",""replica"":""d74614c5-3877-4710-a4a1-8f41af3269ac""}",2026-07-28T14:54:09.561619597Z
"	    client_id           UUID NOT NULL REFERENCES clients(id) ON DELETE RESTRICT,",error,"{""level"":""error""}","{""project"":""e40824fb-b871-4f4a-bbd4-dc97257175b5"",""environment"":""71fe69c0-317e-4401-83e8-167236953714"",""service"":""98ac865d-3446-4204-8b6f-837e63498101"",""deployment"":""dcdde22b-483f-4551-bfa8-a8ad23f2f868"",""replica"":""d74614c5-3877-4710-a4a1-8f41af3269ac""}",2026-07-28T14:54:09.562038111Z
"	    created_at              TIMESTAMPTZ NOT NULL DEFAULT NOW(),",error,"{""level"":""error""}","{""project"":""e40824fb-b871-4f4a-bbd4-dc97257175b5"",""environment"":""71fe69c0-317e-4401-83e8-167236953714"",""service"":""98ac865d-3446-4204-8b6f-837e63498101"",""deployment"":""dcdde22b-483f-4551-bfa8-a8ad23f2f868"",""replica"":""d74614c5-3877-4710-a4a1-8f41af3269ac""}",2026-07-28T14:54:09.562038851Z
"	    UNIQUE (influencer_id, social_account_id, snapshot_date, source)",error,"{""level"":""error""}","{""project"":""e40824fb-b871-4f4a-bbd4-dc97257175b5"",""environment"":""71fe69c0-317e-4401-83e8-167236953714"",""service"":""98ac865d-3446-4204-8b6f-837e63498101"",""deployment"":""dcdde22b-483f-4551-bfa8-a8ad23f2f868"",""replica"":""d74614c5-3877-4710-a4a1-8f41af3269ac""}",2026-07-28T14:54:09.562045831Z
"	    brand_id            UUID NOT NULL REFERENCES brands(id) ON DELETE RESTRICT,",error,"{""level"":""error""}","{""project"":""e40824fb-b871-4f4a-bbd4-dc97257175b5"",""environment"":""71fe69c0-317e-4401-83e8-167236953714"",""service"":""98ac865d-3446-4204-8b6f-837e63498101"",""deployment"":""dcdde22b-483f-4551-bfa8-a8ad23f2f868"",""replica"":""d74614c5-3877-4710-a4a1-8f41af3269ac""}",2026-07-28T14:54:09.562048721Z
	);,error,"{""level"":""error""}","{""project"":""e40824fb-b871-4f4a-bbd4-dc97257175b5"",""environment"":""71fe69c0-317e-4401-83e8-167236953714"",""service"":""98ac865d-3446-4204-8b6f-837e63498101"",""deployment"":""dcdde22b-483f-4551-bfa8-a8ad23f2f868"",""replica"":""d74614c5-3877-4710-a4a1-8f41af3269ac""}",2026-07-28T14:54:09.562052421Z
	CREATE INDEX IF NOT EXISTS idx_metrics_snapshot_influencer ON influencer_metrics_snapshot(influencer_id);,error,"{""level"":""error""}","{""project"":""e40824fb-b871-4f4a-bbd4-dc97257175b5"",""environment"":""71fe69c0-317e-4401-83e8-167236953714"",""service"":""98ac865d-3446-4204-8b6f-837e63498101"",""deployment"":""dcdde22b-483f-4551-bfa8-a8ad23f2f868"",""replica"":""d74614c5-3877-4710-a4a1-8f41af3269ac""}",2026-07-28T14:54:09.562055791Z
	CREATE INDEX IF NOT EXISTS idx_metrics_snapshot_date ON influencer_metrics_snapshot(snapshot_date DESC);,error,"{""level"":""error""}","{""project"":""e40824fb-b871-4f4a-bbd4-dc97257175b5"",""environment"":""71fe69c0-317e-4401-83e8-167236953714"",""service"":""98ac865d-3446-4204-8b6f-837e63498101"",""deployment"":""dcdde22b-483f-4551-bfa8-a8ad23f2f868"",""replica"":""d74614c5-3877-4710-a4a1-8f41af3269ac""}",2026-07-28T14:54:09.562059441Z
	,error,"{""level"":""error""}","{""project"":""e40824fb-b871-4f4a-bbd4-dc97257175b5"",""environment"":""71fe69c0-317e-4401-83e8-167236953714"",""service"":""98ac865d-3446-4204-8b6f-837e63498101"",""deployment"":""dcdde22b-483f-4551-bfa8-a8ad23f2f868"",""replica"":""d74614c5-3877-4710-a4a1-8f41af3269ac""}",2026-07-28T14:54:09.562062761Z
	CREATE TRIGGER trg_influencers_updated_at BEFORE UPDATE ON influencers,error,"{""level"":""error""}","{""project"":""e40824fb-b871-4f4a-bbd4-dc97257175b5"",""environment"":""71fe69c0-317e-4401-83e8-167236953714"",""service"":""98ac865d-3446-4204-8b6f-837e63498101"",""deployment"":""dcdde22b-483f-4551-bfa8-a8ad23f2f868"",""replica"":""d74614c5-3877-4710-a4a1-8f41af3269ac""}",2026-07-28T14:54:09.562065901Z
	    FOR EACH ROW EXECUTE FUNCTION public.set_updated_at();,error,"{""level"":""error""}","{""project"":""e40824fb-b871-4f4a-bbd4-dc97257175b5"",""environment"":""71fe69c0-317e-4401-83e8-167236953714"",""service"":""98ac865d-3446-4204-8b6f-837e63498101"",""deployment"":""dcdde22b-483f-4551-bfa8-a8ad23f2f868"",""replica"":""d74614c5-3877-4710-a4a1-8f41af3269ac""}",2026-07-28T14:54:09.562068931Z
	CREATE TRIGGER trg_social_accounts_updated_at BEFORE UPDATE ON influencer_social_accounts,error,"{""level"":""error""}","{""project"":""e40824fb-b871-4f4a-bbd4-dc97257175b5"",""environment"":""71fe69c0-317e-4401-83e8-167236953714"",""service"":""98ac865d-3446-4204-8b6f-837e63498101"",""deployment"":""dcdde22b-483f-4551-bfa8-a8ad23f2f868"",""replica"":""d74614c5-3877-4710-a4a1-8f41af3269ac""}",2026-07-28T14:54:09.562072951Z
	    FOR EACH ROW EXECUTE FUNCTION public.set_updated_at();,error,"{""level"":""error""}","{""project"":""e40824fb-b871-4f4a-bbd4-dc97257175b5"",""environment"":""71fe69c0-317e-4401-83e8-167236953714"",""service"":""98ac865d-3446-4204-8b6f-837e63498101"",""deployment"":""dcdde22b-483f-4551-bfa8-a8ad23f2f868"",""replica"":""d74614c5-3877-4710-a4a1-8f41af3269ac""}",2026-07-28T14:54:09.562076051Z
	,error,"{""level"":""error""}","{""project"":""e40824fb-b871-4f4a-bbd4-dc97257175b5"",""environment"":""71fe69c0-317e-4401-83e8-167236953714"",""service"":""98ac865d-3446-4204-8b6f-837e63498101"",""deployment"":""dcdde22b-483f-4551-bfa8-a8ad23f2f868"",""replica"":""d74614c5-3877-4710-a4a1-8f41af3269ac""}",2026-07-28T14:54:09.562078881Z
	-- =============================================================================,error,"{""level"":""error""}","{""project"":""e40824fb-b871-4f4a-bbd4-dc97257175b5"",""environment"":""71fe69c0-317e-4401-83e8-167236953714"",""service"":""98ac865d-3446-4204-8b6f-837e63498101"",""deployment"":""dcdde22b-483f-4551-bfa8-a8ad23f2f868"",""replica"":""d74614c5-3877-4710-a4a1-8f41af3269ac""}",2026-07-28T14:54:09.562082331Z
	-- PHASE 6: Campaigns (migration 0006 adapted),error,"{""level"":""error""}","{""project"":""e40824fb-b871-4f4a-bbd4-dc97257175b5"",""environment"":""71fe69c0-317e-4401-83e8-167236953714"",""service"":""98ac865d-3446-4204-8b6f-837e63498101"",""deployment"":""dcdde22b-483f-4551-bfa8-a8ad23f2f868"",""replica"":""d74614c5-3877-4710-a4a1-8f41af3269ac""}",2026-07-28T14:54:09.562085351Z
	-- =============================================================================,error,"{""level"":""error""}","{""project"":""e40824fb-b871-4f4a-bbd4-dc97257175b5"",""environment"":""71fe69c0-317e-4401-83e8-167236953714"",""service"":""98ac865d-3446-4204-8b6f-837e63498101"",""deployment"":""dcdde22b-483f-4551-bfa8-a8ad23f2f868"",""replica"":""d74614c5-3877-4710-a4a1-8f41af3269ac""}",2026-07-28T14:54:09.562088170Z
	,error,"{""level"":""error""}","{""project"":""e40824fb-b871-4f4a-bbd4-dc97257175b5"",""environment"":""71fe69c0-317e-4401-83e8-167236953714"",""service"":""98ac865d-3446-4204-8b6f-837e63498101"",""deployment"":""dcdde22b-483f-4551-bfa8-a8ad23f2f868"",""replica"":""d74614c5-3877-4710-a4a1-8f41af3269ac""}",2026-07-28T14:54:09.562091140Z
	CREATE TABLE IF NOT EXISTS campaigns (,error,"{""level"":""error""}","{""project"":""e40824fb-b871-4f4a-bbd4-dc97257175b5"",""environment"":""71fe69c0-317e-4401-83e8-167236953714"",""service"":""98ac865d-3446-4204-8b6f-837e63498101"",""deployment"":""dcdde22b-483f-4551-bfa8-a8ad23f2f868"",""replica"":""d74614c5-3877-4710-a4a1-8f41af3269ac""}",2026-07-28T14:54:09.562095330Z
"	    id                  UUID PRIMARY KEY DEFAULT extensions.uuid_generate_v4(),",error,"{""level"":""error""}","{""project"":""e40824fb-b871-4f4a-bbd4-dc97257175b5"",""environment"":""71fe69c0-317e-4401-83e8-167236953714"",""service"":""98ac865d-3446-4204-8b6f-837e63498101"",""deployment"":""dcdde22b-483f-4551-bfa8-a8ad23f2f868"",""replica"":""d74614c5-3877-4710-a4a1-8f41af3269ac""}",2026-07-28T14:54:09.562098070Z
"	    code                TEXT NOT NULL UNIQUE,",error,"{""level"":""error""}","{""project"":""e40824fb-b871-4f4a-bbd4-dc97257175b5"",""environment"":""71fe69c0-317e-4401-83e8-167236953714"",""service"":""98ac865d-3446-4204-8b6f-837e63498101"",""deployment"":""dcdde22b-483f-4551-bfa8-a8ad23f2f868"",""replica"":""d74614c5-3877-4710-a4a1-8f41af3269ac""}",2026-07-28T14:54:09.562101070Z
"	    created_at          TIMESTAMPTZ NOT NULL DEFAULT NOW(),",error,"{""level"":""error""}","{""project"":""e40824fb-b871-4f4a-bbd4-dc97257175b5"",""environment"":""71fe69c0-317e-4401-83e8-167236953714"",""service"":""98ac865d-3446-4204-8b6f-837e63498101"",""deployment"":""dcdde22b-483f-4551-bfa8-a8ad23f2f868"",""replica"":""d74614c5-3877-4710-a4a1-8f41af3269ac""}",2026-07-28T14:54:09.562903270Z
"	    name                TEXT NOT NULL,",error,"{""level"":""error""}","{""project"":""e40824fb-b871-4f4a-bbd4-dc97257175b5"",""environment"":""71fe69c0-317e-4401-83e8-167236953714"",""service"":""98ac865d-3446-4204-8b6f-837e63498101"",""deployment"":""dcdde22b-483f-4551-bfa8-a8ad23f2f868"",""replica"":""d74614c5-3877-4710-a4a1-8f41af3269ac""}",2026-07-28T14:54:09.562907150Z
"	    updated_at          TIMESTAMPTZ NOT NULL DEFAULT NOW(),",error,"{""level"":""error""}","{""project"":""e40824fb-b871-4f4a-bbd4-dc97257175b5"",""environment"":""71fe69c0-317e-4401-83e8-167236953714"",""service"":""98ac865d-3446-4204-8b6f-837e63498101"",""deployment"":""dcdde22b-483f-4551-bfa8-a8ad23f2f868"",""replica"":""d74614c5-3877-4710-a4a1-8f41af3269ac""}",2026-07-28T14:54:09.562910350Z
"	    campaign_type       TEXT,",error,"{""level"":""error""}","{""project"":""e40824fb-b871-4f4a-bbd4-dc97257175b5"",""environment"":""71fe69c0-317e-4401-83e8-167236953714"",""service"":""98ac865d-3446-4204-8b6f-837e63498101"",""deployment"":""dcdde22b-483f-4551-bfa8-a8ad23f2f868"",""replica"":""d74614c5-3877-4710-a4a1-8f41af3269ac""}",2026-07-28T14:54:09.562914030Z
"	    objective           campaign_objective NOT NULL,",error,"{""level"":""error""}","{""project"":""e40824fb-b871-4f4a-bbd4-dc97257175b5"",""environment"":""71fe69c0-317e-4401-83e8-167236953714"",""service"":""98ac865d-3446-4204-8b6f-837e63498101"",""deployment"":""dcdde22b-483f-4551-bfa8-a8ad23f2f868"",""replica"":""d74614c5-3877-4710-a4a1-8f41af3269ac""}",2026-07-28T14:54:09.562917320Z
"	    secondary_objectives campaign_objective[] NOT NULL DEFAULT '{}',",error,"{""level"":""error""}","{""project"":""e40824fb-b871-4f4a-bbd4-dc97257175b5"",""environment"":""71fe69c0-317e-4401-83e8-167236953714"",""service"":""98ac865d-3446-4204-8b6f-837e63498101"",""deployment"":""dcdde22b-483f-4551-bfa8-a8ad23f2f868"",""replica"":""d74614c5-3877-4710-a4a1-8f41af3269ac""}",2026-07-28T14:54:09.562920000Z
"	    influencer_tiers     influencer_tier[] NOT NULL DEFAULT '{}',",error,"{""level"":""error""}","{""project"":""e40824fb-b871-4f4a-bbd4-dc97257175b5"",""environment"":""71fe69c0-317e-4401-83e8-167236953714"",""service"":""98ac865d-3446-4204-8b6f-837e63498101"",""deployment"":""dcdde22b-483f-4551-bfa8-a8ad23f2f868"",""replica"":""d74614c5-3877-4710-a4a1-8f41af3269ac""}",2026-07-28T14:54:09.562923030Z
"	    target_audience     TEXT,",error,"{""level"":""error""}","{""project"":""e40824fb-b871-4f4a-bbd4-dc97257175b5"",""environment"":""71fe69c0-317e-4401-83e8-167236953714"",""service"":""98ac865d-3446-4204-8b6f-837e63498101"",""deployment"":""dcdde22b-483f-4551-bfa8-a8ad23f2f868"",""replica"":""d74614c5-3877-4710-a4a1-8f41af3269ac""}",2026-07-28T14:54:09.562925850Z
"	    start_date          DATE,",error,"{""level"":""error""}","{""project"":""e40824fb-b871-4f4a-bbd4-dc97257175b5"",""environment"":""71fe69c0-317e-4401-83e8-167236953714"",""service"":""98ac865d-3446-4204-8b6f-837e63498101"",""deployment"":""dcdde22b-483f-4551-bfa8-a8ad23f2f868"",""replica"":""d74614c5-3877-4710-a4a1-8f41af3269ac""}",2026-07-28T14:54:09.562930030Z
"	    end_date            DATE,",error,"{""level"":""error""}","{""project"":""e40824fb-b871-4f4a-bbd4-dc97257175b5"",""environment"":""71fe69c0-317e-4401-83e8-167236953714"",""service"":""98ac865d-3446-4204-8b6f-837e63498101"",""deployment"":""dcdde22b-483f-4551-bfa8-a8ad23f2f868"",""replica"":""d74614c5-3877-4710-a4a1-8f41af3269ac""}",2026-07-28T14:54:09.562932630Z
"	    budget_total        NUMERIC(15, 2),",error,"{""level"":""error""}","{""project"":""e40824fb-b871-4f4a-bbd4-dc97257175b5"",""environment"":""71fe69c0-317e-4401-83e8-167236953714"",""service"":""98ac865d-3446-4204-8b6f-837e63498101"",""deployment"":""dcdde22b-483f-4551-bfa8-a8ad23f2f868"",""replica"":""d74614c5-3877-4710-a4a1-8f41af3269ac""}",2026-07-28T14:54:09.562935490Z
"	    budget_currency     TEXT NOT NULL DEFAULT 'USD',",error,"{""level"":""error""}","{""project"":""e40824fb-b871-4f4a-bbd4-dc97257175b5"",""environment"":""71fe69c0-317e-4401-83e8-167236953714"",""service"":""98ac865d-3446-4204-8b6f-837e63498101"",""deployment"":""dcdde22b-483f-4551-bfa8-a8ad23f2f868"",""replica"":""d74614c5-3877-4710-a4a1-8f41af3269ac""}",2026-07-28T14:54:09.562938020Z
"	    num_influencers     INTEGER NOT NULL DEFAULT 0,",error,"{""level"":""error""}","{""project"":""e40824fb-b871-4f4a-bbd4-dc97257175b5"",""environment"":""71fe69c0-317e-4401-83e8-167236953714"",""service"":""98ac865d-3446-4204-8b6f-837e63498101"",""deployment"":""dcdde22b-483f-4551-bfa8-a8ad23f2f868"",""replica"":""d74614c5-3877-4710-a4a1-8f41af3269ac""}",2026-07-28T14:54:09.562941430Z
"	    status              campaign_status NOT NULL DEFAULT 'BRIEF',",error,"{""level"":""error""}","{""project"":""e40824fb-b871-4f4a-bbd4-dc97257175b5"",""environment"":""71fe69c0-317e-4401-83e8-167236953714"",""service"":""98ac865d-3446-4204-8b6f-837e63498101"",""deployment"":""dcdde22b-483f-4551-bfa8-a8ad23f2f868"",""replica"":""d74614c5-3877-4710-a4a1-8f41af3269ac""}",2026-07-28T14:54:09.562944050Z
"	    owner_user_id       UUID REFERENCES users(id) ON DELETE SET NULL,",error,"{""level"":""error""}","{""project"":""e40824fb-b871-4f4a-bbd4-dc97257175b5"",""environment"":""71fe69c0-317e-4401-83e8-167236953714"",""service"":""98ac865d-3446-4204-8b6f-837e63498101"",""deployment"":""dcdde22b-483f-4551-bfa8-a8ad23f2f868"",""replica"":""d74614c5-3877-4710-a4a1-8f41af3269ac""}",2026-07-28T14:54:09.562946930Z
"	    business_unit_id    UUID REFERENCES business_units(id) ON DELETE SET NULL,",error,"{""level"":""error""}","{""project"":""e40824fb-b871-4f4a-bbd4-dc97257175b5"",""environment"":""71fe69c0-317e-4401-83e8-167236953714"",""service"":""98ac865d-3446-4204-8b6f-837e63498101"",""deployment"":""dcdde22b-483f-4551-bfa8-a8ad23f2f868"",""replica"":""d74614c5-3877-4710-a4a1-8f41af3269ac""}",2026-07-28T14:54:09.562950530Z
"	    team_id             UUID REFERENCES teams(id) ON DELETE SET NULL,",error,"{""level"":""error""}","{""project"":""e40824fb-b871-4f4a-bbd4-dc97257175b5"",""environment"":""71fe69c0-317e-4401-83e8-167236953714"",""service"":""98ac865d-3446-4204-8b6f-837e63498101"",""deployment"":""dcdde22b-483f-4551-bfa8-a8ad23f2f868"",""replica"":""d74614c5-3877-4710-a4a1-8f41af3269ac""}",2026-07-28T14:54:09.562953050Z
"	    tags                TEXT[] NOT NULL DEFAULT '{}',",error,"{""level"":""error""}","{""project"":""e40824fb-b871-4f4a-bbd4-dc97257175b5"",""environment"":""71fe69c0-317e-4401-83e8-167236953714"",""service"":""98ac865d-3446-4204-8b6f-837e63498101"",""deployment"":""dcdde22b-483f-4551-bfa8-a8ad23f2f868"",""replica"":""d74614c5-3877-4710-a4a1-8f41af3269ac""}",2026-07-28T14:54:09.562956550Z
"	    notes               TEXT,",error,"{""level"":""error""}","{""project"":""e40824fb-b871-4f4a-bbd4-dc97257175b5"",""environment"":""71fe69c0-317e-4401-83e8-167236953714"",""service"":""98ac865d-3446-4204-8b6f-837e63498101"",""deployment"":""dcdde22b-483f-4551-bfa8-a8ad23f2f868"",""replica"":""d74614c5-3877-4710-a4a1-8f41af3269ac""}",2026-07-28T14:54:09.562958950Z
"	    metadata            JSONB NOT NULL DEFAULT '{}'::jsonb,",error,"{""level"":""error""}","{""project"":""e40824fb-b871-4f4a-bbd4-dc97257175b5"",""environment"":""71fe69c0-317e-4401-83e8-167236953714"",""service"":""98ac865d-3446-4204-8b6f-837e63498101"",""deployment"":""dcdde22b-483f-4551-bfa8-a8ad23f2f868"",""replica"":""d74614c5-3877-4710-a4a1-8f41af3269ac""}",2026-07-28T14:54:09.562961700Z
"	    created_by          UUID REFERENCES users(id) ON DELETE SET NULL,",error,"{""level"":""error""}","{""project"":""e40824fb-b871-4f4a-bbd4-dc97257175b5"",""environment"":""71fe69c0-317e-4401-83e8-167236953714"",""service"":""98ac865d-3446-4204-8b6f-837e63498101"",""deployment"":""dcdde22b-483f-4551-bfa8-a8ad23f2f868"",""replica"":""d74614c5-3877-4710-a4a1-8f41af3269ac""}",2026-07-28T14:54:09.562964710Z
"	    changed_by      UUID REFERENCES users(id) ON DELETE SET NULL,",error,"{""level"":""error""}","{""project"":""e40824fb-b871-4f4a-bbd4-dc97257175b5"",""environment"":""71fe69c0-317e-4401-83e8-167236953714"",""service"":""98ac865d-3446-4204-8b6f-837e63498101"",""deployment"":""dcdde22b-483f-4551-bfa8-a8ad23f2f868"",""replica"":""d74614c5-3877-4710-a4a1-8f41af3269ac""}",2026-07-28T14:54:09.565785703Z
"	    deleted_at          TIMESTAMPTZ,",error,"{""level"":""error""}","{""project"":""e40824fb-b871-4f4a-bbd4-dc97257175b5"",""environment"":""71fe69c0-317e-4401-83e8-167236953714"",""service"":""98ac865d-3446-4204-8b6f-837e63498101"",""deployment"":""dcdde22b-483f-4551-bfa8-a8ad23f2f868"",""replica"":""d74614c5-3877-4710-a4a1-8f41af3269ac""}",2026-07-28T14:54:09.565788453Z
	    CONSTRAINT chk_campaign_dates CHECK (end_date IS NULL OR start_date IS NULL OR end_date >= start_date),error,"{""level"":""error""}","{""project"":""e40824fb-b871-4f4a-bbd4-dc97257175b5"",""environment"":""71fe69c0-317e-4401-83e8-167236953714"",""service"":""98ac865d-3446-4204-8b6f-837e63498101"",""deployment"":""dcdde22b-483f-4551-bfa8-a8ad23f2f868"",""replica"":""d74614c5-3877-4710-a4a1-8f41af3269ac""}",2026-07-28T14:54:09.565793503Z
	);,error,"{""level"":""error""}","{""project"":""e40824fb-b871-4f4a-bbd4-dc97257175b5"",""environment"":""71fe69c0-317e-4401-83e8-167236953714"",""service"":""98ac865d-3446-4204-8b6f-837e63498101"",""deployment"":""dcdde22b-483f-4551-bfa8-a8ad23f2f868"",""replica"":""d74614c5-3877-4710-a4a1-8f41af3269ac""}",2026-07-28T14:54:09.565796383Z
	CREATE INDEX IF NOT EXISTS idx_campaigns_client ON campaigns(client_id);,error,"{""level"":""error""}","{""project"":""e40824fb-b871-4f4a-bbd4-dc97257175b5"",""environment"":""71fe69c0-317e-4401-83e8-167236953714"",""service"":""98ac865d-3446-4204-8b6f-837e63498101"",""deployment"":""dcdde22b-483f-4551-bfa8-a8ad23f2f868"",""replica"":""d74614c5-3877-4710-a4a1-8f41af3269ac""}",2026-07-28T14:54:09.565799283Z
	CREATE INDEX IF NOT EXISTS idx_campaigns_brand ON campaigns(brand_id);,error,"{""level"":""error""}","{""project"":""e40824fb-b871-4f4a-bbd4-dc97257175b5"",""environment"":""71fe69c0-317e-4401-83e8-167236953714"",""service"":""98ac865d-3446-4204-8b6f-837e63498101"",""deployment"":""dcdde22b-483f-4551-bfa8-a8ad23f2f868"",""replica"":""d74614c5-3877-4710-a4a1-8f41af3269ac""}",2026-07-28T14:54:09.565802063Z
	CREATE INDEX IF NOT EXISTS idx_campaigns_status ON campaigns(status);,error,"{""level"":""error""}","{""project"":""e40824fb-b871-4f4a-bbd4-dc97257175b5"",""environment"":""71fe69c0-317e-4401-83e8-167236953714"",""service"":""98ac865d-3446-4204-8b6f-837e63498101"",""deployment"":""dcdde22b-483f-4551-bfa8-a8ad23f2f868"",""replica"":""d74614c5-3877-4710-a4a1-8f41af3269ac""}",2026-07-28T14:54:09.565805143Z
	CREATE INDEX IF NOT EXISTS idx_campaigns_objective ON campaigns(objective);,error,"{""level"":""error""}","{""project"":""e40824fb-b871-4f4a-bbd4-dc97257175b5"",""environment"":""71fe69c0-317e-4401-83e8-167236953714"",""service"":""98ac865d-3446-4204-8b6f-837e63498101"",""deployment"":""dcdde22b-483f-4551-bfa8-a8ad23f2f868"",""replica"":""d74614c5-3877-4710-a4a1-8f41af3269ac""}",2026-07-28T14:54:09.565807383Z
"	CREATE INDEX IF NOT EXISTS idx_campaigns_dates ON campaigns(start_date, end_date);",error,"{""level"":""error""}","{""project"":""e40824fb-b871-4f4a-bbd4-dc97257175b5"",""environment"":""71fe69c0-317e-4401-83e8-167236953714"",""service"":""98ac865d-3446-4204-8b6f-837e63498101"",""deployment"":""dcdde22b-483f-4551-bfa8-a8ad23f2f868"",""replica"":""d74614c5-3877-4710-a4a1-8f41af3269ac""}",2026-07-28T14:54:09.565809913Z
	CREATE INDEX IF NOT EXISTS idx_campaigns_owner ON campaigns(owner_user_id);,error,"{""level"":""error""}","{""project"":""e40824fb-b871-4f4a-bbd4-dc97257175b5"",""environment"":""71fe69c0-317e-4401-83e8-167236953714"",""service"":""98ac865d-3446-4204-8b6f-837e63498101"",""deployment"":""dcdde22b-483f-4551-bfa8-a8ad23f2f868"",""replica"":""d74614c5-3877-4710-a4a1-8f41af3269ac""}",2026-07-28T14:54:09.565812693Z
	CREATE INDEX IF NOT EXISTS idx_campaigns_bu ON campaigns(business_unit_id);,error,"{""level"":""error""}","{""project"":""e40824fb-b871-4f4a-bbd4-dc97257175b5"",""environment"":""71fe69c0-317e-4401-83e8-167236953714"",""service"":""98ac865d-3446-4204-8b6f-837e63498101"",""deployment"":""dcdde22b-483f-4551-bfa8-a8ad23f2f868"",""replica"":""d74614c5-3877-4710-a4a1-8f41af3269ac""}",2026-07-28T14:54:09.565815833Z
	CREATE INDEX IF NOT EXISTS idx_campaigns_tags ON campaigns USING GIN(tags);,error,"{""level"":""error""}","{""project"":""e40824fb-b871-4f4a-bbd4-dc97257175b5"",""environment"":""71fe69c0-317e-4401-83e8-167236953714"",""service"":""98ac865d-3446-4204-8b6f-837e63498101"",""deployment"":""dcdde22b-483f-4551-bfa8-a8ad23f2f868"",""replica"":""d74614c5-3877-4710-a4a1-8f41af3269ac""}",2026-07-28T14:54:09.565818923Z
	CREATE INDEX IF NOT EXISTS idx_campaigns_active ON campaigns(deleted_at) WHERE deleted_at IS NULL;,error,"{""level"":""error""}","{""project"":""e40824fb-b871-4f4a-bbd4-dc97257175b5"",""environment"":""71fe69c0-317e-4401-83e8-167236953714"",""service"":""98ac865d-3446-4204-8b6f-837e63498101"",""deployment"":""dcdde22b-483f-4551-bfa8-a8ad23f2f868"",""replica"":""d74614c5-3877-4710-a4a1-8f41af3269ac""}",2026-07-28T14:54:09.565821853Z
	,error,"{""level"":""error""}","{""project"":""e40824fb-b871-4f4a-bbd4-dc97257175b5"",""environment"":""71fe69c0-317e-4401-83e8-167236953714"",""service"":""98ac865d-3446-4204-8b6f-837e63498101"",""deployment"":""dcdde22b-483f-4551-bfa8-a8ad23f2f868"",""replica"":""d74614c5-3877-4710-a4a1-8f41af3269ac""}",2026-07-28T14:54:09.565824623Z
	CREATE TABLE IF NOT EXISTS campaign_status_history (,error,"{""level"":""error""}","{""project"":""e40824fb-b871-4f4a-bbd4-dc97257175b5"",""environment"":""71fe69c0-317e-4401-83e8-167236953714"",""service"":""98ac865d-3446-4204-8b6f-837e63498101"",""deployment"":""dcdde22b-483f-4551-bfa8-a8ad23f2f868"",""replica"":""d74614c5-3877-4710-a4a1-8f41af3269ac""}",2026-07-28T14:54:09.565827053Z
"	    id              UUID PRIMARY KEY DEFAULT extensions.uuid_generate_v4(),",error,"{""level"":""error""}","{""project"":""e40824fb-b871-4f4a-bbd4-dc97257175b5"",""environment"":""71fe69c0-317e-4401-83e8-167236953714"",""service"":""98ac865d-3446-4204-8b6f-837e63498101"",""deployment"":""dcdde22b-483f-4551-bfa8-a8ad23f2f868"",""replica"":""d74614c5-3877-4710-a4a1-8f41af3269ac""}",2026-07-28T14:54:09.565830573Z
"	    campaign_id     UUID NOT NULL REFERENCES campaigns(id) ON DELETE CASCADE,",error,"{""level"":""error""}","{""project"":""e40824fb-b871-4f4a-bbd4-dc97257175b5"",""environment"":""71fe69c0-317e-4401-83e8-167236953714"",""service"":""98ac865d-3446-4204-8b6f-837e63498101"",""deployment"":""dcdde22b-483f-4551-bfa8-a8ad23f2f868"",""replica"":""d74614c5-3877-4710-a4a1-8f41af3269ac""}",2026-07-28T14:54:09.565833163Z
"	    from_status     campaign_status,",error,"{""level"":""error""}","{""project"":""e40824fb-b871-4f4a-bbd4-dc97257175b5"",""environment"":""71fe69c0-317e-4401-83e8-167236953714"",""service"":""98ac865d-3446-4204-8b6f-837e63498101"",""deployment"":""dcdde22b-483f-4551-bfa8-a8ad23f2f868"",""replica"":""d74614c5-3877-4710-a4a1-8f41af3269ac""}",2026-07-28T14:54:09.565835833Z
"	    to_status       campaign_status NOT NULL,",error,"{""level"":""error""}","{""project"":""e40824fb-b871-4f4a-bbd4-dc97257175b5"",""environment"":""71fe69c0-317e-4401-83e8-167236953714"",""service"":""98ac865d-3446-4204-8b6f-837e63498101"",""deployment"":""dcdde22b-483f-4551-bfa8-a8ad23f2f868"",""replica"":""d74614c5-3877-4710-a4a1-8f41af3269ac""}",2026-07-28T14:54:09.565839502Z
"	    reason          TEXT,",error,"{""level"":""error""}","{""project"":""e40824fb-b871-4f4a-bbd4-dc97257175b5"",""environment"":""71fe69c0-317e-4401-83e8-167236953714"",""service"":""98ac865d-3446-4204-8b6f-837e63498101"",""deployment"":""dcdde22b-483f-4551-bfa8-a8ad23f2f868"",""replica"":""d74614c5-3877-4710-a4a1-8f41af3269ac""}",2026-07-28T14:54:09.567076607Z
	    created_at      TIMESTAMPTZ NOT NULL DEFAULT NOW(),error,"{""level"":""error""}","{""project"":""e40824fb-b871-4f4a-bbd4-dc97257175b5"",""environment"":""71fe69c0-317e-4401-83e8-167236953714"",""service"":""98ac865d-3446-4204-8b6f-837e63498101"",""deployment"":""dcdde22b-483f-4551-bfa8-a8ad23f2f868"",""replica"":""d74614c5-3877-4710-a4a1-8f41af3269ac""}",2026-07-28T14:54:09.567079937Z
	);,error,"{""level"":""error""}","{""project"":""e40824fb-b871-4f4a-bbd4-dc97257175b5"",""environment"":""71fe69c0-317e-4401-83e8-167236953714"",""service"":""98ac865d-3446-4204-8b6f-837e63498101"",""deployment"":""dcdde22b-483f-4551-bfa8-a8ad23f2f868"",""replica"":""d74614c5-3877-4710-a4a1-8f41af3269ac""}",2026-07-28T14:54:09.567082707Z
"	CREATE INDEX IF NOT EXISTS idx_status_history_campaign ON campaign_status_history(campaign_id, created_at DESC);",error,"{""level"":""error""}","{""project"":""e40824fb-b871-4f4a-bbd4-dc97257175b5"",""environment"":""71fe69c0-317e-4401-83e8-167236953714"",""service"":""98ac865d-3446-4204-8b6f-837e63498101"",""deployment"":""dcdde22b-483f-4551-bfa8-a8ad23f2f868"",""replica"":""d74614c5-3877-4710-a4a1-8f41af3269ac""}",2026-07-28T14:54:09.567085517Z
	,error,"{""level"":""error""}","{""project"":""e40824fb-b871-4f4a-bbd4-dc97257175b5"",""environment"":""71fe69c0-317e-4401-83e8-167236953714"",""service"":""98ac865d-3446-4204-8b6f-837e63498101"",""deployment"":""dcdde22b-483f-4551-bfa8-a8ad23f2f868"",""replica"":""d74614c5-3877-4710-a4a1-8f41af3269ac""}",2026-07-28T14:54:09.567088347Z
	CREATE TABLE IF NOT EXISTS campaign_influencers (,error,"{""level"":""error""}","{""project"":""e40824fb-b871-4f4a-bbd4-dc97257175b5"",""environment"":""71fe69c0-317e-4401-83e8-167236953714"",""service"":""98ac865d-3446-4204-8b6f-837e63498101"",""deployment"":""dcdde22b-483f-4551-bfa8-a8ad23f2f868"",""replica"":""d74614c5-3877-4710-a4a1-8f41af3269ac""}",2026-07-28T14:54:09.567091216Z
"	    id              UUID PRIMARY KEY DEFAULT extensions.uuid_generate_v4(),",error,"{""level"":""error""}","{""project"":""e40824fb-b871-4f4a-bbd4-dc97257175b5"",""environment"":""71fe69c0-317e-4401-83e8-167236953714"",""service"":""98ac865d-3446-4204-8b6f-837e63498101"",""deployment"":""dcdde22b-483f-4551-bfa8-a8ad23f2f868"",""replica"":""d74614c5-3877-4710-a4a1-8f41af3269ac""}",2026-07-28T14:54:09.567094006Z
"	    campaign_id     UUID NOT NULL REFERENCES campaigns(id) ON DELETE CASCADE,",error,"{""level"":""error""}","{""project"":""e40824fb-b871-4f4a-bbd4-dc97257175b5"",""environment"":""71fe69c0-317e-4401-83e8-167236953714"",""service"":""98ac865d-3446-4204-8b6f-837e63498101"",""deployment"":""dcdde22b-483f-4551-bfa8-a8ad23f2f868"",""replica"":""d74614c5-3877-4710-a4a1-8f41af3269ac""}",2026-07-28T14:54:09.567096906Z
"	    influencer_id   UUID NOT NULL REFERENCES influencers(id) ON DELETE RESTRICT,",error,"{""level"":""error""}","{""project"":""e40824fb-b871-4f4a-bbd4-dc97257175b5"",""environment"":""71fe69c0-317e-4401-83e8-167236953714"",""service"":""98ac865d-3446-4204-8b6f-837e63498101"",""deployment"":""dcdde22b-483f-4551-bfa8-a8ad23f2f868"",""replica"":""d74614c5-3877-4710-a4a1-8f41af3269ac""}",2026-07-28T14:54:09.567099516Z
"	    role            TEXT,",error,"{""level"":""error""}","{""project"":""e40824fb-b871-4f4a-bbd4-dc97257175b5"",""environment"":""71fe69c0-317e-4401-83e8-167236953714"",""service"":""98ac865d-3446-4204-8b6f-837e63498101"",""deployment"":""dcdde22b-483f-4551-bfa8-a8ad23f2f868"",""replica"":""d74614c5-3877-4710-a4a1-8f41af3269ac""}",2026-07-28T14:54:09.567102626Z
"	    tier            influencer_tier NOT NULL,",error,"{""level"":""error""}","{""project"":""e40824fb-b871-4f4a-bbd4-dc97257175b5"",""environment"":""71fe69c0-317e-4401-83e8-167236953714"",""service"":""98ac865d-3446-4204-8b6f-837e63498101"",""deployment"":""dcdde22b-483f-4551-bfa8-a8ad23f2f868"",""replica"":""d74614c5-3877-4710-a4a1-8f41af3269ac""}",2026-07-28T14:54:09.567105086Z
"	    agreed_fee      NUMERIC(12, 2),",error,"{""level"":""error""}","{""project"":""e40824fb-b871-4f4a-bbd4-dc97257175b5"",""environment"":""71fe69c0-317e-4401-83e8-167236953714"",""service"":""98ac865d-3446-4204-8b6f-837e63498101"",""deployment"":""dcdde22b-483f-4551-bfa8-a8ad23f2f868"",""replica"":""d74614c5-3877-4710-a4a1-8f41af3269ac""}",2026-07-28T14:54:09.567107906Z
"	    currency        TEXT NOT NULL DEFAULT 'USD',",error,"{""level"":""error""}","{""project"":""e40824fb-b871-4f4a-bbd4-dc97257175b5"",""environment"":""71fe69c0-317e-4401-83e8-167236953714"",""service"":""98ac865d-3446-4204-8b6f-837e63498101"",""deployment"":""dcdde22b-483f-4551-bfa8-a8ad23f2f868"",""replica"":""d74614c5-3877-4710-a4a1-8f41af3269ac""}",2026-07-28T14:54:09.567110556Z
"	    deliverables    JSONB NOT NULL DEFAULT '[]'::jsonb,",error,"{""level"":""error""}","{""project"":""e40824fb-b871-4f4a-bbd4-dc97257175b5"",""environment"":""71fe69c0-317e-4401-83e8-167236953714"",""service"":""98ac865d-3446-4204-8b6f-837e63498101"",""deployment"":""dcdde22b-483f-4551-bfa8-a8ad23f2f868"",""replica"":""d74614c5-3877-4710-a4a1-8f41af3269ac""}",2026-07-28T14:54:09.567112986Z
"	    status          campaign_influencer_status NOT NULL DEFAULT 'PROPUESTO',",error,"{""level"":""error""}","{""project"":""e40824fb-b871-4f4a-bbd4-dc97257175b5"",""environment"":""71fe69c0-317e-4401-83e8-167236953714"",""service"":""98ac865d-3446-4204-8b6f-837e63498101"",""deployment"":""dcdde22b-483f-4551-bfa8-a8ad23f2f868"",""replica"":""d74614c5-3877-4710-a4a1-8f41af3269ac""}",2026-07-28T14:54:09.567115716Z
"	    contracted_at   TIMESTAMPTZ,",error,"{""level"":""error""}","{""project"":""e40824fb-b871-4f4a-bbd4-dc97257175b5"",""environment"":""71fe69c0-317e-4401-83e8-167236953714"",""service"":""98ac865d-3446-4204-8b6f-837e63498101"",""deployment"":""dcdde22b-483f-4551-bfa8-a8ad23f2f868"",""replica"":""d74614c5-3877-4710-a4a1-8f41af3269ac""}",2026-07-28T14:54:09.567118606Z
"	    delivered_at    TIMESTAMPTZ,",error,"{""level"":""error""}","{""project"":""e40824fb-b871-4f4a-bbd4-dc97257175b5"",""environment"":""71fe69c0-317e-4401-83e8-167236953714"",""service"":""98ac865d-3446-4204-8b6f-837e63498101"",""deployment"":""dcdde22b-483f-4551-bfa8-a8ad23f2f868"",""replica"":""d74614c5-3877-4710-a4a1-8f41af3269ac""}",2026-07-28T14:54:09.567121536Z
"	    notes           TEXT,",error,"{""level"":""error""}","{""project"":""e40824fb-b871-4f4a-bbd4-dc97257175b5"",""environment"":""71fe69c0-317e-4401-83e8-167236953714"",""service"":""98ac865d-3446-4204-8b6f-837e63498101"",""deployment"":""dcdde22b-483f-4551-bfa8-a8ad23f2f868"",""replica"":""d74614c5-3877-4710-a4a1-8f41af3269ac""}",2026-07-28T14:54:09.567124506Z
"	    created_at      TIMESTAMPTZ NOT NULL DEFAULT NOW(),",error,"{""level"":""error""}","{""project"":""e40824fb-b871-4f4a-bbd4-dc97257175b5"",""environment"":""71fe69c0-317e-4401-83e8-167236953714"",""service"":""98ac865d-3446-4204-8b6f-837e63498101"",""deployment"":""dcdde22b-483f-4551-bfa8-a8ad23f2f868"",""replica"":""d74614c5-3877-4710-a4a1-8f41af3269ac""}",2026-07-28T14:54:09.567127386Z
"	    updated_at      TIMESTAMPTZ NOT NULL DEFAULT NOW(),",error,"{""level"":""error""}","{""project"":""e40824fb-b871-4f4a-bbd4-dc97257175b5"",""environment"":""71fe69c0-317e-4401-83e8-167236953714"",""service"":""98ac865d-3446-4204-8b6f-837e63498101"",""deployment"":""dcdde22b-483f-4551-bfa8-a8ad23f2f868"",""replica"":""d74614c5-3877-4710-a4a1-8f41af3269ac""}",2026-07-28T14:54:09.567130126Z
"	    UNIQUE (campaign_id, influencer_id)",error,"{""level"":""error""}","{""project"":""e40824fb-b871-4f4a-bbd4-dc97257175b5"",""environment"":""71fe69c0-317e-4401-83e8-167236953714"",""service"":""98ac865d-3446-4204-8b6f-837e63498101"",""deployment"":""dcdde22b-483f-4551-bfa8-a8ad23f2f868"",""replica"":""d74614c5-3877-4710-a4a1-8f41af3269ac""}",2026-07-28T14:54:09.567132916Z
	);,error,"{""level"":""error""}","{""project"":""e40824fb-b871-4f4a-bbd4-dc97257175b5"",""environment"":""71fe69c0-317e-4401-83e8-167236953714"",""service"":""98ac865d-3446-4204-8b6f-837e63498101"",""deployment"":""dcdde22b-483f-4551-bfa8-a8ad23f2f868"",""replica"":""d74614c5-3877-4710-a4a1-8f41af3269ac""}",2026-07-28T14:54:09.567136656Z
	CREATE INDEX IF NOT EXISTS idx_campaign_influencers_campaign ON campaign_influencers(campaign_id);,error,"{""level"":""error""}","{""project"":""e40824fb-b871-4f4a-bbd4-dc97257175b5"",""environment"":""71fe69c0-317e-4401-83e8-167236953714"",""service"":""98ac865d-3446-4204-8b6f-837e63498101"",""deployment"":""dcdde22b-483f-4551-bfa8-a8ad23f2f868"",""replica"":""d74614c5-3877-4710-a4a1-8f41af3269ac""}",2026-07-28T14:54:09.567139176Z
	    updated_at      TIMESTAMPTZ NOT NULL DEFAULT NOW(),error,"{""level"":""error""}","{""project"":""e40824fb-b871-4f4a-bbd4-dc97257175b5"",""environment"":""71fe69c0-317e-4401-83e8-167236953714"",""service"":""98ac865d-3446-4204-8b6f-837e63498101"",""deployment"":""dcdde22b-483f-4551-bfa8-a8ad23f2f868"",""replica"":""d74614c5-3877-4710-a4a1-8f41af3269ac""}",2026-07-28T14:54:09.568646986Z
	CREATE INDEX IF NOT EXISTS idx_campaign_influencers_influencer ON campaign_influencers(influencer_id);,error,"{""level"":""error""}","{""project"":""e40824fb-b871-4f4a-bbd4-dc97257175b5"",""environment"":""71fe69c0-317e-4401-83e8-167236953714"",""service"":""98ac865d-3446-4204-8b6f-837e63498101"",""deployment"":""dcdde22b-483f-4551-bfa8-a8ad23f2f868"",""replica"":""d74614c5-3877-4710-a4a1-8f41af3269ac""}",2026-07-28T14:54:09.568650846Z
	);,error,"{""level"":""error""}","{""project"":""e40824fb-b871-4f4a-bbd4-dc97257175b5"",""environment"":""71fe69c0-317e-4401-83e8-167236953714"",""service"":""98ac865d-3446-4204-8b6f-837e63498101"",""deployment"":""dcdde22b-483f-4551-bfa8-a8ad23f2f868"",""replica"":""d74614c5-3877-4710-a4a1-8f41af3269ac""}",2026-07-28T14:54:09.568654616Z
	CREATE INDEX IF NOT EXISTS idx_campaign_links_campaign ON campaign_links(campaign_id);,error,"{""level"":""error""}","{""project"":""e40824fb-b871-4f4a-bbd4-dc97257175b5"",""environment"":""71fe69c0-317e-4401-83e8-167236953714"",""service"":""98ac865d-3446-4204-8b6f-837e63498101"",""deployment"":""dcdde22b-483f-4551-bfa8-a8ad23f2f868"",""replica"":""d74614c5-3877-4710-a4a1-8f41af3269ac""}",2026-07-28T14:54:09.568661676Z
	CREATE INDEX IF NOT EXISTS idx_campaign_influencers_status ON campaign_influencers(status);,error,"{""level"":""error""}","{""project"":""e40824fb-b871-4f4a-bbd4-dc97257175b5"",""environment"":""71fe69c0-317e-4401-83e8-167236953714"",""service"":""98ac865d-3446-4204-8b6f-837e63498101"",""deployment"":""dcdde22b-483f-4551-bfa8-a8ad23f2f868"",""replica"":""d74614c5-3877-4710-a4a1-8f41af3269ac""}",2026-07-28T14:54:09.568663636Z
	CREATE INDEX IF NOT EXISTS idx_campaign_links_type ON campaign_links(link_type);,error,"{""level"":""error""}","{""project"":""e40824fb-b871-4f4a-bbd4-dc97257175b5"",""environment"":""71fe69c0-317e-4401-83e8-167236953714"",""service"":""98ac865d-3446-4204-8b6f-837e63498101"",""deployment"":""dcdde22b-483f-4551-bfa8-a8ad23f2f868"",""replica"":""d74614c5-3877-4710-a4a1-8f41af3269ac""}",2026-07-28T14:54:09.568667636Z
	,error,"{""level"":""error""}","{""project"":""e40824fb-b871-4f4a-bbd4-dc97257175b5"",""environment"":""71fe69c0-317e-4401-83e8-167236953714"",""service"":""98ac865d-3446-4204-8b6f-837e63498101"",""deployment"":""dcdde22b-483f-4551-bfa8-a8ad23f2f868"",""replica"":""d74614c5-3877-4710-a4a1-8f41af3269ac""}",2026-07-28T14:54:09.568673286Z
	,error,"{""level"":""error""}","{""project"":""e40824fb-b871-4f4a-bbd4-dc97257175b5"",""environment"":""71fe69c0-317e-4401-83e8-167236953714"",""service"":""98ac865d-3446-4204-8b6f-837e63498101"",""deployment"":""dcdde22b-483f-4551-bfa8-a8ad23f2f868"",""replica"":""d74614c5-3877-4710-a4a1-8f41af3269ac""}",2026-07-28T14:54:09.568674286Z
	CREATE TABLE IF NOT EXISTS campaign_documents (,error,"{""level"":""error""}","{""project"":""e40824fb-b871-4f4a-bbd4-dc97257175b5"",""environment"":""71fe69c0-317e-4401-83e8-167236953714"",""service"":""98ac865d-3446-4204-8b6f-837e63498101"",""deployment"":""dcdde22b-483f-4551-bfa8-a8ad23f2f868"",""replica"":""d74614c5-3877-4710-a4a1-8f41af3269ac""}",2026-07-28T14:54:09.568680896Z
	CREATE TABLE IF NOT EXISTS campaign_links (,error,"{""level"":""error""}","{""project"":""e40824fb-b871-4f4a-bbd4-dc97257175b5"",""environment"":""71fe69c0-317e-4401-83e8-167236953714"",""service"":""98ac865d-3446-4204-8b6f-837e63498101"",""deployment"":""dcdde22b-483f-4551-bfa8-a8ad23f2f868"",""replica"":""d74614c5-3877-4710-a4a1-8f41af3269ac""}",2026-07-28T14:54:09.568683576Z
"	    id              UUID PRIMARY KEY DEFAULT extensions.uuid_generate_v4(),",error,"{""level"":""error""}","{""project"":""e40824fb-b871-4f4a-bbd4-dc97257175b5"",""environment"":""71fe69c0-317e-4401-83e8-167236953714"",""service"":""98ac865d-3446-4204-8b6f-837e63498101"",""deployment"":""dcdde22b-483f-4551-bfa8-a8ad23f2f868"",""replica"":""d74614c5-3877-4710-a4a1-8f41af3269ac""}",2026-07-28T14:54:09.568687856Z
"	    id              UUID PRIMARY KEY DEFAULT extensions.uuid_generate_v4(),",error,"{""level"":""error""}","{""project"":""e40824fb-b871-4f4a-bbd4-dc97257175b5"",""environment"":""71fe69c0-317e-4401-83e8-167236953714"",""service"":""98ac865d-3446-4204-8b6f-837e63498101"",""deployment"":""dcdde22b-483f-4551-bfa8-a8ad23f2f868"",""replica"":""d74614c5-3877-4710-a4a1-8f41af3269ac""}",2026-07-28T14:54:09.568691386Z
"	    campaign_id     UUID NOT NULL REFERENCES campaigns(id) ON DELETE CASCADE,",error,"{""level"":""error""}","{""project"":""e40824fb-b871-4f4a-bbd4-dc97257175b5"",""environment"":""71fe69c0-317e-4401-83e8-167236953714"",""service"":""98ac865d-3446-4204-8b6f-837e63498101"",""deployment"":""dcdde22b-483f-4551-bfa8-a8ad23f2f868"",""replica"":""d74614c5-3877-4710-a4a1-8f41af3269ac""}",2026-07-28T14:54:09.568694546Z
"	    doc_type        campaign_link_type NOT NULL,",error,"{""level"":""error""}","{""project"":""e40824fb-b871-4f4a-bbd4-dc97257175b5"",""environment"":""71fe69c0-317e-4401-83e8-167236953714"",""service"":""98ac865d-3446-4204-8b6f-837e63498101"",""deployment"":""dcdde22b-483f-4551-bfa8-a8ad23f2f868"",""replica"":""d74614c5-3877-4710-a4a1-8f41af3269ac""}",2026-07-28T14:54:09.568701676Z
"	    campaign_id     UUID NOT NULL REFERENCES campaigns(id) ON DELETE CASCADE,",error,"{""level"":""error""}","{""project"":""e40824fb-b871-4f4a-bbd4-dc97257175b5"",""environment"":""71fe69c0-317e-4401-83e8-167236953714"",""service"":""98ac865d-3446-4204-8b6f-837e63498101"",""deployment"":""dcdde22b-483f-4551-bfa8-a8ad23f2f868"",""replica"":""d74614c5-3877-4710-a4a1-8f41af3269ac""}",2026-07-28T14:54:09.568702356Z
"	    link_type       campaign_link_type NOT NULL,",error,"{""level"":""error""}","{""project"":""e40824fb-b871-4f4a-bbd4-dc97257175b5"",""environment"":""71fe69c0-317e-4401-83e8-167236953714"",""service"":""98ac865d-3446-4204-8b6f-837e63498101"",""deployment"":""dcdde22b-483f-4551-bfa8-a8ad23f2f868"",""replica"":""d74614c5-3877-4710-a4a1-8f41af3269ac""}",2026-07-28T14:54:09.568707676Z
"	    title           TEXT NOT NULL,",error,"{""level"":""error""}","{""project"":""e40824fb-b871-4f4a-bbd4-dc97257175b5"",""environment"":""71fe69c0-317e-4401-83e8-167236953714"",""service"":""98ac865d-3446-4204-8b6f-837e63498101"",""deployment"":""dcdde22b-483f-4551-bfa8-a8ad23f2f868"",""replica"":""d74614c5-3877-4710-a4a1-8f41af3269ac""}",2026-07-28T14:54:09.568712505Z
"	    url             TEXT NOT NULL,",error,"{""level"":""error""}","{""project"":""e40824fb-b871-4f4a-bbd4-dc97257175b5"",""environment"":""71fe69c0-317e-4401-83e8-167236953714"",""service"":""98ac865d-3446-4204-8b6f-837e63498101"",""deployment"":""dcdde22b-483f-4551-bfa8-a8ad23f2f868"",""replica"":""d74614c5-3877-4710-a4a1-8f41af3269ac""}",2026-07-28T14:54:09.568717925Z
"	    description     TEXT,",error,"{""level"":""error""}","{""project"":""e40824fb-b871-4f4a-bbd4-dc97257175b5"",""environment"":""71fe69c0-317e-4401-83e8-167236953714"",""service"":""98ac865d-3446-4204-8b6f-837e63498101"",""deployment"":""dcdde22b-483f-4551-bfa8-a8ad23f2f868"",""replica"":""d74614c5-3877-4710-a4a1-8f41af3269ac""}",2026-07-28T14:54:09.568723015Z
"	    is_active       BOOLEAN NOT NULL DEFAULT TRUE,",error,"{""level"":""error""}","{""project"":""e40824fb-b871-4f4a-bbd4-dc97257175b5"",""environment"":""71fe69c0-317e-4401-83e8-167236953714"",""service"":""98ac865d-3446-4204-8b6f-837e63498101"",""deployment"":""dcdde22b-483f-4551-bfa8-a8ad23f2f868"",""replica"":""d74614c5-3877-4710-a4a1-8f41af3269ac""}",2026-07-28T14:54:09.568728585Z
"	    created_at      TIMESTAMPTZ NOT NULL DEFAULT NOW(),",error,"{""level"":""error""}","{""project"":""e40824fb-b871-4f4a-bbd4-dc97257175b5"",""environment"":""71fe69c0-317e-4401-83e8-167236953714"",""service"":""98ac865d-3446-4204-8b6f-837e63498101"",""deployment"":""dcdde22b-483f-4551-bfa8-a8ad23f2f868"",""replica"":""d74614c5-3877-4710-a4a1-8f41af3269ac""}",2026-07-28T14:54:09.568733245Z
"	    title           TEXT NOT NULL,",error,"{""level"":""error""}","{""project"":""e40824fb-b871-4f4a-bbd4-dc97257175b5"",""environment"":""71fe69c0-317e-4401-83e8-167236953714"",""service"":""98ac865d-3446-4204-8b6f-837e63498101"",""deployment"":""dcdde22b-483f-4551-bfa8-a8ad23f2f868"",""replica"":""d74614c5-3877-4710-a4a1-8f41af3269ac""}",2026-07-28T14:54:09.569828531Z
"	    storage_path    TEXT,",error,"{""level"":""error""}","{""project"":""e40824fb-b871-4f4a-bbd4-dc97257175b5"",""environment"":""71fe69c0-317e-4401-83e8-167236953714"",""service"":""98ac865d-3446-4204-8b6f-837e63498101"",""deployment"":""dcdde22b-483f-4551-bfa8-a8ad23f2f868"",""replica"":""d74614c5-3877-4710-a4a1-8f41af3269ac""}",2026-07-28T14:54:09.569836141Z
	BEGIN,error,"{""level"":""error""}","{""project"":""e40824fb-b871-4f4a-bbd4-dc97257175b5"",""environment"":""71fe69c0-317e-4401-83e8-167236953714"",""service"":""98ac865d-3446-4204-8b6f-837e63498101"",""deployment"":""dcdde22b-483f-4551-bfa8-a8ad23f2f868"",""replica"":""d74614c5-3877-4710-a4a1-8f41af3269ac""}",2026-07-28T14:54:09.569839231Z
"	    external_url    TEXT,",error,"{""level"":""error""}","{""project"":""e40824fb-b871-4f4a-bbd4-dc97257175b5"",""environment"":""71fe69c0-317e-4401-83e8-167236953714"",""service"":""98ac865d-3446-4204-8b6f-837e63498101"",""deployment"":""dcdde22b-483f-4551-bfa8-a8ad23f2f868"",""replica"":""d74614c5-3877-4710-a4a1-8f41af3269ac""}",2026-07-28T14:54:09.569843281Z
"	    file_name       TEXT,",error,"{""level"":""error""}","{""project"":""e40824fb-b871-4f4a-bbd4-dc97257175b5"",""environment"":""71fe69c0-317e-4401-83e8-167236953714"",""service"":""98ac865d-3446-4204-8b6f-837e63498101"",""deployment"":""dcdde22b-483f-4551-bfa8-a8ad23f2f868"",""replica"":""d74614c5-3877-4710-a4a1-8f41af3269ac""}",2026-07-28T14:54:09.569851131Z
	    IF (TG_OP = 'INSERT') THEN,error,"{""level"":""error""}","{""project"":""e40824fb-b871-4f4a-bbd4-dc97257175b5"",""environment"":""71fe69c0-317e-4401-83e8-167236953714"",""service"":""98ac865d-3446-4204-8b6f-837e63498101"",""deployment"":""dcdde22b-483f-4551-bfa8-a8ad23f2f868"",""replica"":""d74614c5-3877-4710-a4a1-8f41af3269ac""}",2026-07-28T14:54:09.569851291Z
"	        INSERT INTO campaign_status_history (campaign_id, from_status, to_status, changed_by)",error,"{""level"":""error""}","{""project"":""e40824fb-b871-4f4a-bbd4-dc97257175b5"",""environment"":""71fe69c0-317e-4401-83e8-167236953714"",""service"":""98ac865d-3446-4204-8b6f-837e63498101"",""deployment"":""dcdde22b-483f-4551-bfa8-a8ad23f2f868"",""replica"":""d74614c5-3877-4710-a4a1-8f41af3269ac""}",2026-07-28T14:54:09.569860521Z
"	    file_size_bytes BIGINT,",error,"{""level"":""error""}","{""project"":""e40824fb-b871-4f4a-bbd4-dc97257175b5"",""environment"":""71fe69c0-317e-4401-83e8-167236953714"",""service"":""98ac865d-3446-4204-8b6f-837e63498101"",""deployment"":""dcdde22b-483f-4551-bfa8-a8ad23f2f868"",""replica"":""d74614c5-3877-4710-a4a1-8f41af3269ac""}",2026-07-28T14:54:09.569861281Z
"	        VALUES (NEW.id, NULL, NEW.status, NEW.created_by);",error,"{""level"":""error""}","{""project"":""e40824fb-b871-4f4a-bbd4-dc97257175b5"",""environment"":""71fe69c0-317e-4401-83e8-167236953714"",""service"":""98ac865d-3446-4204-8b6f-837e63498101"",""deployment"":""dcdde22b-483f-4551-bfa8-a8ad23f2f868"",""replica"":""d74614c5-3877-4710-a4a1-8f41af3269ac""}",2026-07-28T14:54:09.569868911Z
"	    mime_type       TEXT,",error,"{""level"":""error""}","{""project"":""e40824fb-b871-4f4a-bbd4-dc97257175b5"",""environment"":""71fe69c0-317e-4401-83e8-167236953714"",""service"":""98ac865d-3446-4204-8b6f-837e63498101"",""deployment"":""dcdde22b-483f-4551-bfa8-a8ad23f2f868"",""replica"":""d74614c5-3877-4710-a4a1-8f41af3269ac""}",2026-07-28T14:54:09.569870791Z
"	    uploaded_by     UUID REFERENCES users(id) ON DELETE SET NULL,",error,"{""level"":""error""}","{""project"":""e40824fb-b871-4f4a-bbd4-dc97257175b5"",""environment"":""71fe69c0-317e-4401-83e8-167236953714"",""service"":""98ac865d-3446-4204-8b6f-837e63498101"",""deployment"":""dcdde22b-483f-4551-bfa8-a8ad23f2f868"",""replica"":""d74614c5-3877-4710-a4a1-8f41af3269ac""}",2026-07-28T14:54:09.569874921Z
"	    version         INTEGER NOT NULL DEFAULT 1,",error,"{""level"":""error""}","{""project"":""e40824fb-b871-4f4a-bbd4-dc97257175b5"",""environment"":""71fe69c0-317e-4401-83e8-167236953714"",""service"":""98ac865d-3446-4204-8b6f-837e63498101"",""deployment"":""dcdde22b-483f-4551-bfa8-a8ad23f2f868"",""replica"":""d74614c5-3877-4710-a4a1-8f41af3269ac""}",2026-07-28T14:54:09.569878511Z
"	    is_current      BOOLEAN NOT NULL DEFAULT TRUE,",error,"{""level"":""error""}","{""project"":""e40824fb-b871-4f4a-bbd4-dc97257175b5"",""environment"":""71fe69c0-317e-4401-83e8-167236953714"",""service"":""98ac865d-3446-4204-8b6f-837e63498101"",""deployment"":""dcdde22b-483f-4551-bfa8-a8ad23f2f868"",""replica"":""d74614c5-3877-4710-a4a1-8f41af3269ac""}",2026-07-28T14:54:09.569882121Z
"	    metadata        JSONB NOT NULL DEFAULT '{}'::jsonb,",error,"{""level"":""error""}","{""project"":""e40824fb-b871-4f4a-bbd4-dc97257175b5"",""environment"":""71fe69c0-317e-4401-83e8-167236953714"",""service"":""98ac865d-3446-4204-8b6f-837e63498101"",""deployment"":""dcdde22b-483f-4551-bfa8-a8ad23f2f868"",""replica"":""d74614c5-3877-4710-a4a1-8f41af3269ac""}",2026-07-28T14:54:09.569885341Z
	    created_at      TIMESTAMPTZ NOT NULL DEFAULT NOW(),error,"{""level"":""error""}","{""project"":""e40824fb-b871-4f4a-bbd4-dc97257175b5"",""environment"":""71fe69c0-317e-4401-83e8-167236953714"",""service"":""98ac865d-3446-4204-8b6f-837e63498101"",""deployment"":""dcdde22b-483f-4551-bfa8-a8ad23f2f868"",""replica"":""d74614c5-3877-4710-a4a1-8f41af3269ac""}",2026-07-28T14:54:09.569888940Z
	);,error,"{""level"":""error""}","{""project"":""e40824fb-b871-4f4a-bbd4-dc97257175b5"",""environment"":""71fe69c0-317e-4401-83e8-167236953714"",""service"":""98ac865d-3446-4204-8b6f-837e63498101"",""deployment"":""dcdde22b-483f-4551-bfa8-a8ad23f2f868"",""replica"":""d74614c5-3877-4710-a4a1-8f41af3269ac""}",2026-07-28T14:54:09.569892630Z
	CREATE INDEX IF NOT EXISTS idx_campaign_documents_campaign ON campaign_documents(campaign_id);,error,"{""level"":""error""}","{""project"":""e40824fb-b871-4f4a-bbd4-dc97257175b5"",""environment"":""71fe69c0-317e-4401-83e8-167236953714"",""service"":""98ac865d-3446-4204-8b6f-837e63498101"",""deployment"":""dcdde22b-483f-4551-bfa8-a8ad23f2f868"",""replica"":""d74614c5-3877-4710-a4a1-8f41af3269ac""}",2026-07-28T14:54:09.569896690Z
	CREATE INDEX IF NOT EXISTS idx_campaign_documents_type ON campaign_documents(doc_type);,error,"{""level"":""error""}","{""project"":""e40824fb-b871-4f4a-bbd4-dc97257175b5"",""environment"":""71fe69c0-317e-4401-83e8-167236953714"",""service"":""98ac865d-3446-4204-8b6f-837e63498101"",""deployment"":""dcdde22b-483f-4551-bfa8-a8ad23f2f868"",""replica"":""d74614c5-3877-4710-a4a1-8f41af3269ac""}",2026-07-28T14:54:09.569901690Z
	,error,"{""level"":""error""}","{""project"":""e40824fb-b871-4f4a-bbd4-dc97257175b5"",""environment"":""71fe69c0-317e-4401-83e8-167236953714"",""service"":""98ac865d-3446-4204-8b6f-837e63498101"",""deployment"":""dcdde22b-483f-4551-bfa8-a8ad23f2f868"",""replica"":""d74614c5-3877-4710-a4a1-8f41af3269ac""}",2026-07-28T14:54:09.569905600Z
	-- Trigger: log status changes,error,"{""level"":""error""}","{""project"":""e40824fb-b871-4f4a-bbd4-dc97257175b5"",""environment"":""71fe69c0-317e-4401-83e8-167236953714"",""service"":""98ac865d-3446-4204-8b6f-837e63498101"",""deployment"":""dcdde22b-483f-4551-bfa8-a8ad23f2f868"",""replica"":""d74614c5-3877-4710-a4a1-8f41af3269ac""}",2026-07-28T14:54:09.569909360Z
	-- auth.uid() stub returns NULL in Railway; COALESCE prevents crashes,error,"{""level"":""error""}","{""project"":""e40824fb-b871-4f4a-bbd4-dc97257175b5"",""environment"":""71fe69c0-317e-4401-83e8-167236953714"",""service"":""98ac865d-3446-4204-8b6f-837e63498101"",""deployment"":""dcdde22b-483f-4551-bfa8-a8ad23f2f868"",""replica"":""d74614c5-3877-4710-a4a1-8f41af3269ac""}",2026-07-28T14:54:09.569913190Z
	CREATE OR REPLACE FUNCTION public.log_campaign_status_change(),error,"{""level"":""error""}","{""project"":""e40824fb-b871-4f4a-bbd4-dc97257175b5"",""environment"":""71fe69c0-317e-4401-83e8-167236953714"",""service"":""98ac865d-3446-4204-8b6f-837e63498101"",""deployment"":""dcdde22b-483f-4551-bfa8-a8ad23f2f868"",""replica"":""d74614c5-3877-4710-a4a1-8f41af3269ac""}",2026-07-28T14:54:09.569917090Z
	RETURNS TRIGGER LANGUAGE plpgsql AS $$,error,"{""level"":""error""}","{""project"":""e40824fb-b871-4f4a-bbd4-dc97257175b5"",""environment"":""71fe69c0-317e-4401-83e8-167236953714"",""service"":""98ac865d-3446-4204-8b6f-837e63498101"",""deployment"":""dcdde22b-483f-4551-bfa8-a8ad23f2f868"",""replica"":""d74614c5-3877-4710-a4a1-8f41af3269ac""}",2026-07-28T14:54:09.569920800Z
	    ELSIF (TG_OP = 'UPDATE' AND NEW.status IS DISTINCT FROM OLD.status) THEN,error,"{""level"":""error""}","{""project"":""e40824fb-b871-4f4a-bbd4-dc97257175b5"",""environment"":""71fe69c0-317e-4401-83e8-167236953714"",""service"":""98ac865d-3446-4204-8b6f-837e63498101"",""deployment"":""dcdde22b-483f-4551-bfa8-a8ad23f2f868"",""replica"":""d74614c5-3877-4710-a4a1-8f41af3269ac""}",2026-07-28T14:54:09.570588052Z
"	        INSERT INTO campaign_status_history (campaign_id, from_status, to_status, changed_by)",error,"{""level"":""error""}","{""project"":""e40824fb-b871-4f4a-bbd4-dc97257175b5"",""environment"":""71fe69c0-317e-4401-83e8-167236953714"",""service"":""98ac865d-3446-4204-8b6f-837e63498101"",""deployment"":""dcdde22b-483f-4551-bfa8-a8ad23f2f868"",""replica"":""d74614c5-3877-4710-a4a1-8f41af3269ac""}",2026-07-28T14:54:09.570593502Z
"	        VALUES (NEW.id, OLD.status, NEW.status,",error,"{""level"":""error""}","{""project"":""e40824fb-b871-4f4a-bbd4-dc97257175b5"",""environment"":""71fe69c0-317e-4401-83e8-167236953714"",""service"":""98ac865d-3446-4204-8b6f-837e63498101"",""deployment"":""dcdde22b-483f-4551-bfa8-a8ad23f2f868"",""replica"":""d74614c5-3877-4710-a4a1-8f41af3269ac""}",2026-07-28T14:54:09.570600002Z
"	                COALESCE(auth.uid(), '00000000-0000-0000-0000-000000000000'::UUID));",error,"{""level"":""error""}","{""project"":""e40824fb-b871-4f4a-bbd4-dc97257175b5"",""environment"":""71fe69c0-317e-4401-83e8-167236953714"",""service"":""98ac865d-3446-4204-8b6f-837e63498101"",""deployment"":""dcdde22b-483f-4551-bfa8-a8ad23f2f868"",""replica"":""d74614c5-3877-4710-a4a1-8f41af3269ac""}",2026-07-28T14:54:09.570603492Z
	    END IF;,error,"{""level"":""error""}","{""project"":""e40824fb-b871-4f4a-bbd4-dc97257175b5"",""environment"":""71fe69c0-317e-4401-83e8-167236953714"",""service"":""98ac865d-3446-4204-8b6f-837e63498101"",""deployment"":""dcdde22b-483f-4551-bfa8-a8ad23f2f868"",""replica"":""d74614c5-3877-4710-a4a1-8f41af3269ac""}",2026-07-28T14:54:09.570607132Z
	    RETURN NEW;,error,"{""level"":""error""}","{""project"":""e40824fb-b871-4f4a-bbd4-dc97257175b5"",""environment"":""71fe69c0-317e-4401-83e8-167236953714"",""service"":""98ac865d-3446-4204-8b6f-837e63498101"",""deployment"":""dcdde22b-483f-4551-bfa8-a8ad23f2f868"",""replica"":""d74614c5-3877-4710-a4a1-8f41af3269ac""}",2026-07-28T14:54:09.570611502Z
	END;,error,"{""level"":""error""}","{""project"":""e40824fb-b871-4f4a-bbd4-dc97257175b5"",""environment"":""71fe69c0-317e-4401-83e8-167236953714"",""service"":""98ac865d-3446-4204-8b6f-837e63498101"",""deployment"":""dcdde22b-483f-4551-bfa8-a8ad23f2f868"",""replica"":""d74614c5-3877-4710-a4a1-8f41af3269ac""}",2026-07-28T14:54:09.570615192Z
	-- =============================================================================,error,"{""level"":""error""}","{""project"":""e40824fb-b871-4f4a-bbd4-dc97257175b5"",""environment"":""71fe69c0-317e-4401-83e8-167236953714"",""service"":""98ac865d-3446-4204-8b6f-837e63498101"",""deployment"":""dcdde22b-483f-4551-bfa8-a8ad23f2f868"",""replica"":""d74614c5-3877-4710-a4a1-8f41af3269ac""}",2026-07-28T14:54:09.571595648Z
"	    source          kpi_source NOT NULL DEFAULT 'MANUAL',",error,"{""level"":""error""}","{""project"":""e40824fb-b871-4f4a-bbd4-dc97257175b5"",""environment"":""71fe69c0-317e-4401-83e8-167236953714"",""service"":""98ac865d-3446-4204-8b6f-837e63498101"",""deployment"":""dcdde22b-483f-4551-bfa8-a8ad23f2f868"",""replica"":""d74614c5-3877-4710-a4a1-8f41af3269ac""}",2026-07-28T14:54:09.574544761Z
"	    period_end      DATE,",error,"{""level"":""error""}","{""project"":""e40824fb-b871-4f4a-bbd4-dc97257175b5"",""environment"":""71fe69c0-317e-4401-83e8-167236953714"",""service"":""98ac865d-3446-4204-8b6f-837e63498101"",""deployment"":""dcdde22b-483f-4551-bfa8-a8ad23f2f868"",""replica"":""d74614c5-3877-4710-a4a1-8f41af3269ac""}",2026-07-28T14:54:09.576257009Z
"	    campaign_id     UUID NOT NULL REFERENCES campaigns(id) ON DELETE CASCADE UNIQUE,",error,"{""level"":""error""}","{""project"":""e40824fb-b871-4f4a-bbd4-dc97257175b5"",""environment"":""71fe69c0-317e-4401-83e8-167236953714"",""service"":""98ac865d-3446-4204-8b6f-837e63498101"",""deployment"":""dcdde22b-483f-4551-bfa8-a8ad23f2f868"",""replica"":""d74614c5-3877-4710-a4a1-8f41af3269ac""}",2026-07-28T14:54:09.577832259Z
	    updated_at      TIMESTAMPTZ NOT NULL DEFAULT NOW(),error,"{""level"":""error""}","{""project"":""e40824fb-b871-4f4a-bbd4-dc97257175b5"",""environment"":""71fe69c0-317e-4401-83e8-167236953714"",""service"":""98ac865d-3446-4204-8b6f-837e63498101"",""deployment"":""dcdde22b-483f-4551-bfa8-a8ad23f2f868"",""replica"":""d74614c5-3877-4710-a4a1-8f41af3269ac""}",2026-07-28T14:54:09.579218221Z
"	    submitter_name  TEXT,",error,"{""level"":""error""}","{""project"":""e40824fb-b871-4f4a-bbd4-dc97257175b5"",""environment"":""71fe69c0-317e-4401-83e8-167236953714"",""service"":""98ac865d-3446-4204-8b6f-837e63498101"",""deployment"":""dcdde22b-483f-4551-bfa8-a8ad23f2f868"",""replica"":""d74614c5-3877-4710-a4a1-8f41af3269ac""}",2026-07-28T14:54:09.581637200Z
	CREATE TRIGGER trg_forms_updated_at BEFORE UPDATE ON forms,error,"{""level"":""error""}","{""project"":""e40824fb-b871-4f4a-bbd4-dc97257175b5"",""environment"":""71fe69c0-317e-4401-83e8-167236953714"",""service"":""98ac865d-3446-4204-8b6f-837e63498101"",""deployment"":""dcdde22b-483f-4551-bfa8-a8ad23f2f868"",""replica"":""d74614c5-3877-4710-a4a1-8f41af3269ac""}",2026-07-28T14:54:09.584166747Z
"	            temperature     NUMERIC(3, 2) NOT NULL DEFAULT 0.7,",error,"{""level"":""error""}","{""project"":""e40824fb-b871-4f4a-bbd4-dc97257175b5"",""environment"":""71fe69c0-317e-4401-83e8-167236953714"",""service"":""98ac865d-3446-4204-8b6f-837e63498101"",""deployment"":""dcdde22b-483f-4551-bfa8-a8ad23f2f868"",""replica"":""d74614c5-3877-4710-a4a1-8f41af3269ac""}",2026-07-28T14:54:09.586453608Z
"	            chunk_count     INTEGER NOT NULL DEFAULT 0,",error,"{""level"":""error""}","{""project"":""e40824fb-b871-4f4a-bbd4-dc97257175b5"",""environment"":""71fe69c0-317e-4401-83e8-167236953714"",""service"":""98ac865d-3446-4204-8b6f-837e63498101"",""deployment"":""dcdde22b-483f-4551-bfa8-a8ad23f2f868"",""replica"":""d74614c5-3877-4710-a4a1-8f41af3269ac""}",2026-07-28T14:54:09.587555124Z
"	            model_name      TEXT,",error,"{""level"":""error""}","{""project"":""e40824fb-b871-4f4a-bbd4-dc97257175b5"",""environment"":""71fe69c0-317e-4401-83e8-167236953714"",""service"":""98ac865d-3446-4204-8b6f-837e63498101"",""deployment"":""dcdde22b-483f-4551-bfa8-a8ad23f2f868"",""replica"":""d74614c5-3877-4710-a4a1-8f41af3269ac""}",2026-07-28T14:54:09.590688573Z
	        );,error,"{""level"":""error""}","{""project"":""e40824fb-b871-4f4a-bbd4-dc97257175b5"",""environment"":""71fe69c0-317e-4401-83e8-167236953714"",""service"":""98ac865d-3446-4204-8b6f-837e63498101"",""deployment"":""dcdde22b-483f-4551-bfa8-a8ad23f2f868"",""replica"":""d74614c5-3877-4710-a4a1-8f41af3269ac""}",2026-07-28T14:54:09.591647221Z
	            LIMIT match_count;,error,"{""level"":""error""}","{""project"":""e40824fb-b871-4f4a-bbd4-dc97257175b5"",""environment"":""71fe69c0-317e-4401-83e8-167236953714"",""service"":""98ac865d-3446-4204-8b6f-837e63498101"",""deployment"":""dcdde22b-483f-4551-bfa8-a8ad23f2f868"",""replica"":""d74614c5-3877-4710-a4a1-8f41af3269ac""}",2026-07-28T14:54:09.594365856Z
	,error,"{""level"":""error""}","{""project"":""e40824fb-b871-4f4a-bbd4-dc97257175b5"",""environment"":""71fe69c0-317e-4401-83e8-167236953714"",""service"":""98ac865d-3446-4204-8b6f-837e63498101"",""deployment"":""dcdde22b-483f-4551-bfa8-a8ad23f2f868"",""replica"":""d74614c5-3877-4710-a4a1-8f41af3269ac""}",2026-07-28T14:54:09.595310374Z
	    updated_at      TIMESTAMPTZ NOT NULL DEFAULT NOW(),error,"{""level"":""error""}","{""project"":""e40824fb-b871-4f4a-bbd4-dc97257175b5"",""environment"":""71fe69c0-317e-4401-83e8-167236953714"",""service"":""98ac865d-3446-4204-8b6f-837e63498101"",""deployment"":""dcdde22b-483f-4551-bfa8-a8ad23f2f868"",""replica"":""d74614c5-3877-4710-a4a1-8f41af3269ac""}",2026-07-28T14:54:09.598366295Z
"	    id              UUID PRIMARY KEY DEFAULT extensions.uuid_generate_v4(),",error,"{""level"":""error""}","{""project"":""e40824fb-b871-4f4a-bbd4-dc97257175b5"",""environment"":""71fe69c0-317e-4401-83e8-167236953714"",""service"":""98ac865d-3446-4204-8b6f-837e63498101"",""deployment"":""dcdde22b-483f-4551-bfa8-a8ad23f2f868"",""replica"":""d74614c5-3877-4710-a4a1-8f41af3269ac""}",2026-07-28T14:54:09.599450811Z
	    FOR EACH ROW EXECUTE FUNCTION public.set_updated_at();,error,"{""level"":""error""}","{""project"":""e40824fb-b871-4f4a-bbd4-dc97257175b5"",""environment"":""71fe69c0-317e-4401-83e8-167236953714"",""service"":""98ac865d-3446-4204-8b6f-837e63498101"",""deployment"":""dcdde22b-483f-4551-bfa8-a8ad23f2f868"",""replica"":""d74614c5-3877-4710-a4a1-8f41af3269ac""}",2026-07-28T14:54:09.601419515Z
	CREATE INDEX IF NOT EXISTS idx_dqi_issue_type ON data_quality_issues(issue_type);,error,"{""level"":""error""}","{""project"":""e40824fb-b871-4f4a-bbd4-dc97257175b5"",""environment"":""71fe69c0-317e-4401-83e8-167236953714"",""service"":""98ac865d-3446-4204-8b6f-837e63498101"",""deployment"":""dcdde22b-483f-4551-bfa8-a8ad23f2f868"",""replica"":""d74614c5-3877-4710-a4a1-8f41af3269ac""}",2026-07-28T14:54:09.603931213Z
"	    sentimiento             TEXT,",error,"{""level"":""error""}","{""project"":""e40824fb-b871-4f4a-bbd4-dc97257175b5"",""environment"":""71fe69c0-317e-4401-83e8-167236953714"",""service"":""98ac865d-3446-4204-8b6f-837e63498101"",""deployment"":""dcdde22b-483f-4551-bfa8-a8ad23f2f868"",""replica"":""d74614c5-3877-4710-a4a1-8f41af3269ac""}",2026-07-28T14:54:09.605524153Z
	    FOR EACH ROW EXECUTE FUNCTION public.set_updated_at_benchmarks();,error,"{""level"":""error""}","{""project"":""e40824fb-b871-4f4a-bbd4-dc97257175b5"",""environment"":""71fe69c0-317e-4401-83e8-167236953714"",""service"":""98ac865d-3446-4204-8b6f-837e63498101"",""deployment"":""dcdde22b-483f-4551-bfa8-a8ad23f2f868"",""replica"":""d74614c5-3877-4710-a4a1-8f41af3269ac""}",2026-07-28T14:54:09.607010424Z
	ALTER TABLE comentarios ADD COLUMN IF NOT EXISTS analyzed_at TIMESTAMPTZ;,error,"{""level"":""error""}","{""project"":""e40824fb-b871-4f4a-bbd4-dc97257175b5"",""environment"":""71fe69c0-317e-4401-83e8-167236953714"",""service"":""98ac865d-3446-4204-8b6f-837e63498101"",""deployment"":""dcdde22b-483f-4551-bfa8-a8ad23f2f868"",""replica"":""d74614c5-3877-4710-a4a1-8f41af3269ac""}",2026-07-28T14:54:09.609249645Z
"	    following              BIGINT,",error,"{""level"":""error""}","{""project"":""e40824fb-b871-4f4a-bbd4-dc97257175b5"",""environment"":""71fe69c0-317e-4401-83e8-167236953714"",""service"":""98ac865d-3446-4204-8b6f-837e63498101"",""deployment"":""dcdde22b-483f-4551-bfa8-a8ad23f2f868"",""replica"":""d74614c5-3877-4710-a4a1-8f41af3269ac""}",2026-07-28T14:54:09.611416958Z
"	    discovery_run_id        UUID REFERENCES discovery_runs(id) ON DELETE SET NULL,",error,"{""level"":""error""}","{""project"":""e40824fb-b871-4f4a-bbd4-dc97257175b5"",""environment"":""71fe69c0-317e-4401-83e8-167236953714"",""service"":""98ac865d-3446-4204-8b6f-837e63498101"",""deployment"":""dcdde22b-483f-4551-bfa8-a8ad23f2f868"",""replica"":""d74614c5-3877-4710-a4a1-8f41af3269ac""}",2026-07-28T14:54:09.613536651Z
"	    cost_usd                NUMERIC(10,6),",error,"{""level"":""error""}","{""project"":""e40824fb-b871-4f4a-bbd4-dc97257175b5"",""environment"":""71fe69c0-317e-4401-83e8-167236953714"",""service"":""98ac865d-3446-4204-8b6f-837e63498101"",""deployment"":""dcdde22b-483f-4551-bfa8-a8ad23f2f868"",""replica"":""d74614c5-3877-4710-a4a1-8f41af3269ac""}",2026-07-28T14:54:09.615537015Z
	CREATE TABLE IF NOT EXISTS integration_credentials (,error,"{""level"":""error""}","{""project"":""e40824fb-b871-4f4a-bbd4-dc97257175b5"",""environment"":""71fe69c0-317e-4401-83e8-167236953714"",""service"":""98ac865d-3446-4204-8b6f-837e63498101"",""deployment"":""dcdde22b-483f-4551-bfa8-a8ad23f2f868"",""replica"":""d74614c5-3877-4710-a4a1-8f41af3269ac""}",2026-07-28T14:54:09.617002096Z
	    FOR EACH ROW EXECUTE FUNCTION public.set_updated_at();,error,"{""level"":""error""}","{""project"":""e40824fb-b871-4f4a-bbd4-dc97257175b5"",""environment"":""71fe69c0-317e-4401-83e8-167236953714"",""service"":""98ac865d-3446-4204-8b6f-837e63498101"",""deployment"":""dcdde22b-483f-4551-bfa8-a8ad23f2f868"",""replica"":""d74614c5-3877-4710-a4a1-8f41af3269ac""}",2026-07-28T14:54:09.619526653Z
"	    ('27', '00000000000027_rls_discovery_tables.sql'),",error,"{""level"":""error""}","{""project"":""e40824fb-b871-4f4a-bbd4-dc97257175b5"",""environment"":""71fe69c0-317e-4401-83e8-167236953714"",""service"":""98ac865d-3446-4204-8b6f-837e63498101"",""deployment"":""dcdde22b-483f-4551-bfa8-a8ad23f2f868"",""replica"":""d74614c5-3877-4710-a4a1-8f41af3269ac""}",2026-07-28T14:54:09.621116533Z
"Railway rate limit of 500 logs/sec reached for replica, update your application to reduce the logging rate. Messages dropped: 979",error,"{""level"":""error""}","{""project"":""e40824fb-b871-4f4a-bbd4-dc97257175b5"",""environment"":""71fe69c0-317e-4401-83e8-167236953714"",""service"":""98ac865d-3446-4204-8b6f-837e63498101"",""deployment"":""dcdde22b-483f-4551-bfa8-a8ad23f2f868"",""replica"":""d74614c5-3877-4710-a4a1-8f41af3269ac""}",2026-07-28T14:54:27.352923749Z
"2026-07-28 14:54:23.323 UTC [4200] ERROR:  syntax error at or near ""BEGIN"" at character 40944",error,"{""level"":""error""}","{""project"":""e40824fb-b871-4f4a-bbd4-dc97257175b5"",""environment"":""71fe69c0-317e-4401-83e8-167236953714"",""service"":""98ac865d-3446-4204-8b6f-837e63498101"",""deployment"":""dcdde22b-483f-4551-bfa8-a8ad23f2f868"",""replica"":""d74614c5-3877-4710-a4a1-8f41af3269ac""}",2026-07-28T14:54:29.605520668Z
2026-07-28 14:54:23.323 UTC [4200] STATEMENT:  -- =============================================================================,error,"{""level"":""error""}","{""project"":""e40824fb-b871-4f4a-bbd4-dc97257175b5"",""environment"":""71fe69c0-317e-4401-83e8-167236953714"",""service"":""98ac865d-3446-4204-8b6f-837e63498101"",""deployment"":""dcdde22b-483f-4551-bfa8-a8ad23f2f868"",""replica"":""d74614c5-3877-4710-a4a1-8f41af3269ac""}",2026-07-28T14:54:29.605524388Z
	-- RAILWAY POSTGRESQL BOOTSTRAP — La Web Core,error,"{""level"":""error""}","{""project"":""e40824fb-b871-4f4a-bbd4-dc97257175b5"",""environment"":""71fe69c0-317e-4401-83e8-167236953714"",""service"":""98ac865d-3446-4204-8b6f-837e63498101"",""deployment"":""dcdde22b-483f-4551-bfa8-a8ad23f2f868"",""replica"":""d74614c5-3877-4710-a4a1-8f41af3269ac""}",2026-07-28T14:54:29.605527688Z
	-- =============================================================================,error,"{""level"":""error""}","{""project"":""e40824fb-b871-4f4a-bbd4-dc97257175b5"",""environment"":""71fe69c0-317e-4401-83e8-167236953714"",""service"":""98ac865d-3446-4204-8b6f-837e63498101"",""deployment"":""dcdde22b-483f-4551-bfa8-a8ad23f2f868"",""replica"":""d74614c5-3877-4710-a4a1-8f41af3269ac""}",2026-07-28T14:54:29.605531738Z
	-- Single-file migration for Railway PostgreSQL.,error,"{""level"":""error""}","{""project"":""e40824fb-b871-4f4a-bbd4-dc97257175b5"",""environment"":""71fe69c0-317e-4401-83e8-167236953714"",""service"":""98ac865d-3446-4204-8b6f-837e63498101"",""deployment"":""dcdde22b-483f-4551-bfa8-a8ad23f2f868"",""replica"":""d74614c5-3877-4710-a4a1-8f41af3269ac""}",2026-07-28T14:54:29.605536908Z
	-- Consolidates migrations 0001–0018 + 0019–0028 (already applied on prod).,error,"{""level"":""error""}","{""project"":""e40824fb-b871-4f4a-bbd4-dc97257175b5"",""environment"":""71fe69c0-317e-4401-83e8-167236953714"",""service"":""98ac865d-3446-4204-8b6f-837e63498101"",""deployment"":""dcdde22b-483f-4551-bfa8-a8ad23f2f868"",""replica"":""d74614c5-3877-4710-a4a1-8f41af3269ac""}",2026-07-28T14:54:29.605541298Z
	-- Safe to re-run: uses IF NOT EXISTS / CREATE OR REPLACE throughout.,error,"{""level"":""error""}","{""project"":""e40824fb-b871-4f4a-bbd4-dc97257175b5"",""environment"":""71fe69c0-317e-4401-83e8-167236953714"",""service"":""98ac865d-3446-4204-8b6f-837e63498101"",""deployment"":""dcdde22b-483f-4551-bfa8-a8ad23f2f868"",""replica"":""d74614c5-3877-4710-a4a1-8f41af3269ac""}",2026-07-28T14:54:29.605545588Z
	--,error,"{""level"":""error""}","{""project"":""e40824fb-b871-4f4a-bbd4-dc97257175b5"",""environment"":""71fe69c0-317e-4401-83e8-167236953714"",""service"":""98ac865d-3446-4204-8b6f-837e63498101"",""deployment"":""dcdde22b-483f-4551-bfa8-a8ad23f2f868"",""replica"":""d74614c5-3877-4710-a4a1-8f41af3269ac""}",2026-07-28T14:54:29.605550298Z
"	-- WHY: The original migrations were written for Supabase (auth schema, RLS,",error,"{""level"":""error""}","{""project"":""e40824fb-b871-4f4a-bbd4-dc97257175b5"",""environment"":""71fe69c0-317e-4401-83e8-167236953714"",""service"":""98ac865d-3446-4204-8b6f-837e63498101"",""deployment"":""dcdde22b-483f-4551-bfa8-a8ad23f2f868"",""replica"":""d74614c5-3877-4710-a4a1-8f41af3269ac""}",2026-07-28T14:54:29.605554768Z
	-- role-based grants). Railway PostgreSQL is vanilla PostgreSQL.,error,"{""level"":""error""}","{""project"":""e40824fb-b871-4f4a-bbd4-dc97257175b5"",""environment"":""71fe69c0-317e-4401-83e8-167236953714"",""service"":""98ac865d-3446-4204-8b6f-837e63498101"",""deployment"":""dcdde22b-483f-4551-bfa8-a8ad23f2f868"",""replica"":""d74614c5-3877-4710-a4a1-8f41af3269ac""}",2026-07-28T14:54:29.605560938Z
	-- This file adapts them for Railway with:,error,"{""level"":""error""}","{""project"":""e40824fb-b871-4f4a-bbd4-dc97257175b5"",""environment"":""71fe69c0-317e-4401-83e8-167236953714"",""service"":""98ac865d-3446-4204-8b6f-837e63498101"",""deployment"":""dcdde22b-483f-4551-bfa8-a8ad23f2f868"",""replica"":""d74614c5-3877-4710-a4a1-8f41af3269ac""}",2026-07-28T14:54:29.605564428Z
	--   • Stub auth schema (auth.users + auth.uid()),error,"{""level"":""error""}","{""project"":""e40824fb-b871-4f4a-bbd4-dc97257175b5"",""environment"":""71fe69c0-317e-4401-83e8-167236953714"",""service"":""98ac865d-3446-4204-8b6f-837e63498101"",""deployment"":""dcdde22b-483f-4551-bfa8-a8ad23f2f868"",""replica"":""d74614c5-3877-4710-a4a1-8f41af3269ac""}",2026-07-28T14:54:29.605567758Z
	--   • RLS policies OMITTED (asyncpg connects as postgres superuser),error,"{""level"":""error""}","{""project"":""e40824fb-b871-4f4a-bbd4-dc97257175b5"",""environment"":""71fe69c0-317e-4401-83e8-167236953714"",""service"":""98ac865d-3446-4204-8b6f-837e63498101"",""deployment"":""dcdde22b-483f-4551-bfa8-a8ad23f2f868"",""replica"":""d74614c5-3877-4710-a4a1-8f41af3269ac""}",2026-07-28T14:54:29.605571138Z
	--   • Grants simplified to PUBLIC,error,"{""level"":""error""}","{""project"":""e40824fb-b871-4f4a-bbd4-dc97257175b5"",""environment"":""71fe69c0-317e-4401-83e8-167236953714"",""service"":""98ac865d-3446-4204-8b6f-837e63498101"",""deployment"":""dcdde22b-483f-4551-bfa8-a8ad23f2f868"",""replica"":""d74614c5-3877-4710-a4a1-8f41af3269ac""}",2026-07-28T14:54:29.605574528Z
	--   • Extensions installed in 'extensions' schema,error,"{""level"":""error""}","{""project"":""e40824fb-b871-4f4a-bbd4-dc97257175b5"",""environment"":""71fe69c0-317e-4401-83e8-167236953714"",""service"":""98ac865d-3446-4204-8b6f-837e63498101"",""deployment"":""dcdde22b-483f-4551-bfa8-a8ad23f2f868"",""replica"":""d74614c5-3877-4710-a4a1-8f41af3269ac""}",2026-07-28T14:54:29.605577788Z
	--   • All ENUMs and tables created in dependency order,error,"{""level"":""error""}","{""project"":""e40824fb-b871-4f4a-bbd4-dc97257175b5"",""environment"":""71fe69c0-317e-4401-83e8-167236953714"",""service"":""98ac865d-3446-4204-8b6f-837e63498101"",""deployment"":""dcdde22b-483f-4551-bfa8-a8ad23f2f868"",""replica"":""d74614c5-3877-4710-a4a1-8f41af3269ac""}",2026-07-28T14:54:29.605581027Z
	-- =============================================================================,error,"{""level"":""error""}","{""project"":""e40824fb-b871-4f4a-bbd4-dc97257175b5"",""environment"":""71fe69c0-317e-4401-83e8-167236953714"",""service"":""98ac865d-3446-4204-8b6f-837e63498101"",""deployment"":""dcdde22b-483f-4551-bfa8-a8ad23f2f868"",""replica"":""d74614c5-3877-4710-a4a1-8f41af3269ac""}",2026-07-28T14:54:29.605583857Z
	,error,"{""level"":""error""}","{""project"":""e40824fb-b871-4f4a-bbd4-dc97257175b5"",""environment"":""71fe69c0-317e-4401-83e8-167236953714"",""service"":""98ac865d-3446-4204-8b6f-837e63498101"",""deployment"":""dcdde22b-483f-4551-bfa8-a8ad23f2f868"",""replica"":""d74614c5-3877-4710-a4a1-8f41af3269ac""}",2026-07-28T14:54:29.605586777Z
	-- =============================================================================,error,"{""level"":""error""}","{""project"":""e40824fb-b871-4f4a-bbd4-dc97257175b5"",""environment"":""71fe69c0-317e-4401-83e8-167236953714"",""service"":""98ac865d-3446-4204-8b6f-837e63498101"",""deployment"":""dcdde22b-483f-4551-bfa8-a8ad23f2f868"",""replica"":""d74614c5-3877-4710-a4a1-8f41af3269ac""}",2026-07-28T14:54:29.605589737Z
	-- PHASE 0: Bootstrap schemas and extensions,error,"{""level"":""error""}","{""project"":""e40824fb-b871-4f4a-bbd4-dc97257175b5"",""environment"":""71fe69c0-317e-4401-83e8-167236953714"",""service"":""98ac865d-3446-4204-8b6f-837e63498101"",""deployment"":""dcdde22b-483f-4551-bfa8-a8ad23f2f868"",""replica"":""d74614c5-3877-4710-a4a1-8f41af3269ac""}",2026-07-28T14:54:29.605592747Z
	-- =============================================================================,error,"{""level"":""error""}","{""project"":""e40824fb-b871-4f4a-bbd4-dc97257175b5"",""environment"":""71fe69c0-317e-4401-83e8-167236953714"",""service"":""98ac865d-3446-4204-8b6f-837e63498101"",""deployment"":""dcdde22b-483f-4551-bfa8-a8ad23f2f868"",""replica"":""d74614c5-3877-4710-a4a1-8f41af3269ac""}",2026-07-28T14:54:29.606022862Z
	CREATE SCHEMA IF NOT EXISTS extensions;,error,"{""level"":""error""}","{""project"":""e40824fb-b871-4f4a-bbd4-dc97257175b5"",""environment"":""71fe69c0-317e-4401-83e8-167236953714"",""service"":""98ac865d-3446-4204-8b6f-837e63498101"",""deployment"":""dcdde22b-483f-4551-bfa8-a8ad23f2f868"",""replica"":""d74614c5-3877-4710-a4a1-8f41af3269ac""}",2026-07-28T14:54:29.606030352Z
	CREATE SCHEMA IF NOT EXISTS auth;,error,"{""level"":""error""}","{""project"":""e40824fb-b871-4f4a-bbd4-dc97257175b5"",""environment"":""71fe69c0-317e-4401-83e8-167236953714"",""service"":""98ac865d-3446-4204-8b6f-837e63498101"",""deployment"":""dcdde22b-483f-4551-bfa8-a8ad23f2f868"",""replica"":""d74614c5-3877-4710-a4a1-8f41af3269ac""}",2026-07-28T14:54:29.606034752Z
	,error,"{""level"":""error""}","{""project"":""e40824fb-b871-4f4a-bbd4-dc97257175b5"",""environment"":""71fe69c0-317e-4401-83e8-167236953714"",""service"":""98ac865d-3446-4204-8b6f-837e63498101"",""deployment"":""dcdde22b-483f-4551-bfa8-a8ad23f2f868"",""replica"":""d74614c5-3877-4710-a4a1-8f41af3269ac""}",2026-07-28T14:54:29.606039732Z
	-- uuid-ossp: provides uuid_generate_v4(),error,"{""level"":""error""}","{""project"":""e40824fb-b871-4f4a-bbd4-dc97257175b5"",""environment"":""71fe69c0-317e-4401-83e8-167236953714"",""service"":""98ac865d-3446-4204-8b6f-837e63498101"",""deployment"":""dcdde22b-483f-4551-bfa8-a8ad23f2f868"",""replica"":""d74614c5-3877-4710-a4a1-8f41af3269ac""}",2026-07-28T14:54:29.606044102Z
"	CREATE EXTENSION IF NOT EXISTS ""uuid-ossp"" SCHEMA extensions;",error,"{""level"":""error""}","{""project"":""e40824fb-b871-4f4a-bbd4-dc97257175b5"",""environment"":""71fe69c0-317e-4401-83e8-167236953714"",""service"":""98ac865d-3446-4204-8b6f-837e63498101"",""deployment"":""dcdde22b-483f-4551-bfa8-a8ad23f2f868"",""replica"":""d74614c5-3877-4710-a4a1-8f41af3269ac""}",2026-07-28T14:54:29.606048332Z
	,error,"{""level"":""error""}","{""project"":""e40824fb-b871-4f4a-bbd4-dc97257175b5"",""environment"":""71fe69c0-317e-4401-83e8-167236953714"",""service"":""98ac865d-3446-4204-8b6f-837e63498101"",""deployment"":""dcdde22b-483f-4551-bfa8-a8ad23f2f868"",""replica"":""d74614c5-3877-4710-a4a1-8f41af3269ac""}",2026-07-28T14:54:29.606052652Z
"	-- pgcrypto: provides gen_random_uuid(), also used for auth",error,"{""level"":""error""}","{""project"":""e40824fb-b871-4f4a-bbd4-dc97257175b5"",""environment"":""71fe69c0-317e-4401-83e8-167236953714"",""service"":""98ac865d-3446-4204-8b6f-837e63498101"",""deployment"":""dcdde22b-483f-4551-bfa8-a8ad23f2f868"",""replica"":""d74614c5-3877-4710-a4a1-8f41af3269ac""}",2026-07-28T14:54:29.606056572Z
"	CREATE EXTENSION IF NOT EXISTS ""pgcrypto"" SCHEMA extensions;",error,"{""level"":""error""}","{""project"":""e40824fb-b871-4f4a-bbd4-dc97257175b5"",""environment"":""71fe69c0-317e-4401-83e8-167236953714"",""service"":""98ac865d-3446-4204-8b6f-837e63498101"",""deployment"":""dcdde22b-483f-4551-bfa8-a8ad23f2f868"",""replica"":""d74614c5-3877-4710-a4a1-8f41af3269ac""}",2026-07-28T14:54:29.606060032Z
	,error,"{""level"":""error""}","{""project"":""e40824fb-b871-4f4a-bbd4-dc97257175b5"",""environment"":""71fe69c0-317e-4401-83e8-167236953714"",""service"":""98ac865d-3446-4204-8b6f-837e63498101"",""deployment"":""dcdde22b-483f-4551-bfa8-a8ad23f2f868"",""replica"":""d74614c5-3877-4710-a4a1-8f41af3269ac""}",2026-07-28T14:54:29.606064282Z
	-- pg_trgm: used for fuzzy text search on handles/bios,error,"{""level"":""error""}","{""project"":""e40824fb-b871-4f4a-bbd4-dc97257175b5"",""environment"":""71fe69c0-317e-4401-83e8-167236953714"",""service"":""98ac865d-3446-4204-8b6f-837e63498101"",""deployment"":""dcdde22b-483f-4551-bfa8-a8ad23f2f868"",""replica"":""d74614c5-3877-4710-a4a1-8f41af3269ac""}",2026-07-28T14:54:29.606067892Z
"	CREATE EXTENSION IF NOT EXISTS ""pg_trgm"" SCHEMA extensions;",error,"{""level"":""error""}","{""project"":""e40824fb-b871-4f4a-bbd4-dc97257175b5"",""environment"":""71fe69c0-317e-4401-83e8-167236953714"",""service"":""98ac865d-3446-4204-8b6f-837e63498101"",""deployment"":""dcdde22b-483f-4551-bfa8-a8ad23f2f868"",""replica"":""d74614c5-3877-4710-a4a1-8f41af3269ac""}",2026-07-28T14:54:29.606071342Z
	,error,"{""level"":""error""}","{""project"":""e40824fb-b871-4f4a-bbd4-dc97257175b5"",""environment"":""71fe69c0-317e-4401-83e8-167236953714"",""service"":""98ac865d-3446-4204-8b6f-837e63498101"",""deployment"":""dcdde22b-483f-4551-bfa8-a8ad23f2f868"",""replica"":""d74614c5-3877-4710-a4a1-8f41af3269ac""}",2026-07-28T14:54:29.606075202Z
	-- pgvector: required for AI/RAG vector search (migration 0009).,error,"{""level"":""error""}","{""project"":""e40824fb-b871-4f4a-bbd4-dc97257175b5"",""environment"":""71fe69c0-317e-4401-83e8-167236953714"",""service"":""98ac865d-3446-4204-8b6f-837e63498101"",""deployment"":""dcdde22b-483f-4551-bfa8-a8ad23f2f868"",""replica"":""d74614c5-3877-4710-a4a1-8f41af3269ac""}",2026-07-28T14:54:29.606078912Z
"	-- If not available (Railway Starter plan), skip AI features.",error,"{""level"":""error""}","{""project"":""e40824fb-b871-4f4a-bbd4-dc97257175b5"",""environment"":""71fe69c0-317e-4401-83e8-167236953714"",""service"":""98ac865d-3446-4204-8b6f-837e63498101"",""deployment"":""dcdde22b-483f-4551-bfa8-a8ad23f2f868"",""replica"":""d74614c5-3877-4710-a4a1-8f41af3269ac""}",2026-07-28T14:54:29.606082252Z
	DO $$,error,"{""level"":""error""}","{""project"":""e40824fb-b871-4f4a-bbd4-dc97257175b5"",""environment"":""71fe69c0-317e-4401-83e8-167236953714"",""service"":""98ac865d-3446-4204-8b6f-837e63498101"",""deployment"":""dcdde22b-483f-4551-bfa8-a8ad23f2f868"",""replica"":""d74614c5-3877-4710-a4a1-8f41af3269ac""}",2026-07-28T14:54:29.606085482Z
	BEGIN,error,"{""level"":""error""}","{""project"":""e40824fb-b871-4f4a-bbd4-dc97257175b5"",""environment"":""71fe69c0-317e-4401-83e8-167236953714"",""service"":""98ac865d-3446-4204-8b6f-837e63498101"",""deployment"":""dcdde22b-483f-4551-bfa8-a8ad23f2f868"",""replica"":""d74614c5-3877-4710-a4a1-8f41af3269ac""}",2026-07-28T14:54:29.606091882Z
"	  CREATE EXTENSION IF NOT EXISTS ""vector"" SCHEMA extensions;",error,"{""level"":""error""}","{""project"":""e40824fb-b871-4f4a-bbd4-dc97257175b5"",""environment"":""71fe69c0-317e-4401-83e8-167236953714"",""service"":""98ac865d-3446-4204-8b6f-837e63498101"",""deployment"":""dcdde22b-483f-4551-bfa8-a8ad23f2f868"",""replica"":""d74614c5-3877-4710-a4a1-8f41af3269ac""}",2026-07-28T14:54:29.606096161Z
	  RAISE NOTICE 'pgvector extension installed successfully';,error,"{""level"":""error""}","{""project"":""e40824fb-b871-4f4a-bbd4-dc97257175b5"",""environment"":""71fe69c0-317e-4401-83e8-167236953714"",""service"":""98ac865d-3446-4204-8b6f-837e63498101"",""deployment"":""dcdde22b-483f-4551-bfa8-a8ad23f2f868"",""replica"":""d74614c5-3877-4710-a4a1-8f41af3269ac""}",2026-07-28T14:54:29.606100271Z
	EXCEPTION WHEN OTHERS THEN,error,"{""level"":""error""}","{""project"":""e40824fb-b871-4f4a-bbd4-dc97257175b5"",""environment"":""71fe69c0-317e-4401-83e8-167236953714"",""service"":""98ac865d-3446-4204-8b6f-837e63498101"",""deployment"":""dcdde22b-483f-4551-bfa8-a8ad23f2f868"",""replica"":""d74614c5-3877-4710-a4a1-8f41af3269ac""}",2026-07-28T14:54:29.606103831Z
	  RAISE NOTICE 'pgvector not available on this Railway plan — AI/RAG features disabled (non-critical for discovery pipeline)';,error,"{""level"":""error""}","{""project"":""e40824fb-b871-4f4a-bbd4-dc97257175b5"",""environment"":""71fe69c0-317e-4401-83e8-167236953714"",""service"":""98ac865d-3446-4204-8b6f-837e63498101"",""deployment"":""dcdde22b-483f-4551-bfa8-a8ad23f2f868"",""replica"":""d74614c5-3877-4710-a4a1-8f41af3269ac""}",2026-07-28T14:54:29.606107251Z
	END $$;,error,"{""level"":""error""}","{""project"":""e40824fb-b871-4f4a-bbd4-dc97257175b5"",""environment"":""71fe69c0-317e-4401-83e8-167236953714"",""service"":""98ac865d-3446-4204-8b6f-837e63498101"",""deployment"":""dcdde22b-483f-4551-bfa8-a8ad23f2f868"",""replica"":""d74614c5-3877-4710-a4a1-8f41af3269ac""}",2026-07-28T14:54:29.606110601Z
	,error,"{""level"":""error""}","{""project"":""e40824fb-b871-4f4a-bbd4-dc97257175b5"",""environment"":""71fe69c0-317e-4401-83e8-167236953714"",""service"":""98ac865d-3446-4204-8b6f-837e63498101"",""deployment"":""dcdde22b-483f-4551-bfa8-a8ad23f2f868"",""replica"":""d74614c5-3877-4710-a4a1-8f41af3269ac""}",2026-07-28T14:54:29.606114031Z
	GRANT USAGE ON SCHEMA extensions TO PUBLIC;,error,"{""level"":""error""}","{""project"":""e40824fb-b871-4f4a-bbd4-dc97257175b5"",""environment"":""71fe69c0-317e-4401-83e8-167236953714"",""service"":""98ac865d-3446-4204-8b6f-837e63498101"",""deployment"":""dcdde22b-483f-4551-bfa8-a8ad23f2f868"",""replica"":""d74614c5-3877-4710-a4a1-8f41af3269ac""}",2026-07-28T14:54:29.606117421Z
	GRANT ALL ON SCHEMA extensions TO postgres;,error,"{""level"":""error""}","{""project"":""e40824fb-b871-4f4a-bbd4-dc97257175b5"",""environment"":""71fe69c0-317e-4401-83e8-167236953714"",""service"":""98ac865d-3446-4204-8b6f-837e63498101"",""deployment"":""dcdde22b-483f-4551-bfa8-a8ad23f2f868"",""replica"":""d74614c5-3877-4710-a4a1-8f41af3269ac""}",2026-07-28T14:54:29.606121551Z
	,error,"{""level"":""error""}","{""project"":""e40824fb-b871-4f4a-bbd4-dc97257175b5"",""environment"":""71fe69c0-317e-4401-83e8-167236953714"",""service"":""98ac865d-3446-4204-8b6f-837e63498101"",""deployment"":""dcdde22b-483f-4551-bfa8-a8ad23f2f868"",""replica"":""d74614c5-3877-4710-a4a1-8f41af3269ac""}",2026-07-28T14:54:29.606721203Z
	-- =============================================================================,error,"{""level"":""error""}","{""project"":""e40824fb-b871-4f4a-bbd4-dc97257175b5"",""environment"":""71fe69c0-317e-4401-83e8-167236953714"",""service"":""98ac865d-3446-4204-8b6f-837e63498101"",""deployment"":""dcdde22b-483f-4551-bfa8-a8ad23f2f868"",""replica"":""d74614c5-3877-4710-a4a1-8f41af3269ac""}",2026-07-28T14:54:29.606726463Z
	-- PHASE 1: Stub auth schema (satisfied FK references from users table),error,"{""level"":""error""}","{""project"":""e40824fb-b871-4f4a-bbd4-dc97257175b5"",""environment"":""71fe69c0-317e-4401-83e8-167236953714"",""service"":""98ac865d-3446-4204-8b6f-837e63498101"",""deployment"":""dcdde22b-483f-4551-bfa8-a8ad23f2f868"",""replica"":""d74614c5-3877-4710-a4a1-8f41af3269ac""}",2026-07-28T14:54:29.606729783Z
	-- =============================================================================,error,"{""level"":""error""}","{""project"":""e40824fb-b871-4f4a-bbd4-dc97257175b5"",""environment"":""71fe69c0-317e-4401-83e8-167236953714"",""service"":""98ac865d-3446-4204-8b6f-837e63498101"",""deployment"":""dcdde22b-483f-4551-bfa8-a8ad23f2f868"",""replica"":""d74614c5-3877-4710-a4a1-8f41af3269ac""}",2026-07-28T14:54:29.606732793Z
	-- The original migrations reference auth.users(id) as FK.,error,"{""level"":""error""}","{""project"":""e40824fb-b871-4f4a-bbd4-dc97257175b5"",""environment"":""71fe69c0-317e-4401-83e8-167236953714"",""service"":""98ac865d-3446-4204-8b6f-837e63498101"",""deployment"":""dcdde22b-483f-4551-bfa8-a8ad23f2f868"",""replica"":""d74614c5-3877-4710-a4a1-8f41af3269ac""}",2026-07-28T14:54:29.606735403Z
	-- In Railway we stub this table. The API never validates these FKs,error,"{""level"":""error""}","{""project"":""e40824fb-b871-4f4a-bbd4-dc97257175b5"",""environment"":""71fe69c0-317e-4401-83e8-167236953714"",""service"":""98ac865d-3446-4204-8b6f-837e63498101"",""deployment"":""dcdde22b-483f-4551-bfa8-a8ad23f2f868"",""replica"":""d74614c5-3877-4710-a4a1-8f41af3269ac""}",2026-07-28T14:54:29.606741123Z
"	-- (it connects as postgres superuser via asyncpg), so this is safe.",error,"{""level"":""error""}","{""project"":""e40824fb-b871-4f4a-bbd4-dc97257175b5"",""environment"":""71fe69c0-317e-4401-83e8-167236953714"",""service"":""98ac865d-3446-4204-8b6f-837e63498101"",""deployment"":""dcdde22b-483f-4551-bfa8-a8ad23f2f868"",""replica"":""d74614c5-3877-4710-a4a1-8f41af3269ac""}",2026-07-28T14:54:29.606743683Z
	CREATE TABLE IF NOT EXISTS auth.users (,error,"{""level"":""error""}","{""project"":""e40824fb-b871-4f4a-bbd4-dc97257175b5"",""environment"":""71fe69c0-317e-4401-83e8-167236953714"",""service"":""98ac865d-3446-4204-8b6f-837e63498101"",""deployment"":""dcdde22b-483f-4551-bfa8-a8ad23f2f868"",""replica"":""d74614c5-3877-4710-a4a1-8f41af3269ac""}",2026-07-28T14:54:29.606746083Z
"	    id          UUID PRIMARY KEY DEFAULT gen_random_uuid(),",error,"{""level"":""error""}","{""project"":""e40824fb-b871-4f4a-bbd4-dc97257175b5"",""environment"":""71fe69c0-317e-4401-83e8-167236953714"",""service"":""98ac865d-3446-4204-8b6f-837e63498101"",""deployment"":""dcdde22b-483f-4551-bfa8-a8ad23f2f868"",""replica"":""d74614c5-3877-4710-a4a1-8f41af3269ac""}",2026-07-28T14:54:29.606749003Z
"	    email       TEXT,",error,"{""level"":""error""}","{""project"":""e40824fb-b871-4f4a-bbd4-dc97257175b5"",""environment"":""71fe69c0-317e-4401-83e8-167236953714"",""service"":""98ac865d-3446-4204-8b6f-837e63498101"",""deployment"":""dcdde22b-483f-4551-bfa8-a8ad23f2f868"",""replica"":""d74614c5-3877-4710-a4a1-8f41af3269ac""}",2026-07-28T14:54:29.606751843Z
	    created_at  TIMESTAMPTZ DEFAULT NOW(),error,"{""level"":""error""}","{""project"":""e40824fb-b871-4f4a-bbd4-dc97257175b5"",""environment"":""71fe69c0-317e-4401-83e8-167236953714"",""service"":""98ac865d-3446-4204-8b6f-837e63498101"",""deployment"":""dcdde22b-483f-4551-bfa8-a8ad23f2f868"",""replica"":""d74614c5-3877-4710-a4a1-8f41af3269ac""}",2026-07-28T14:54:29.606754433Z
	);,error,"{""level"":""error""}","{""project"":""e40824fb-b871-4f4a-bbd4-dc97257175b5"",""environment"":""71fe69c0-317e-4401-83e8-167236953714"",""service"":""98ac865d-3446-4204-8b6f-837e63498101"",""deployment"":""dcdde22b-483f-4551-bfa8-a8ad23f2f868"",""replica"":""d74614c5-3877-4710-a4a1-8f41af3269ac""}",2026-07-28T14:54:29.606757083Z
	,error,"{""level"":""error""}","{""project"":""e40824fb-b871-4f4a-bbd4-dc97257175b5"",""environment"":""71fe69c0-317e-4401-83e8-167236953714"",""service"":""98ac865d-3446-4204-8b6f-837e63498101"",""deployment"":""dcdde22b-483f-4551-bfa8-a8ad23f2f868"",""replica"":""d74614c5-3877-4710-a4a1-8f41af3269ac""}",2026-07-28T14:54:29.606759432Z
	-- auth.uid() is called in some triggers. Stub it to return NULL,error,"{""level"":""error""}","{""project"":""e40824fb-b871-4f4a-bbd4-dc97257175b5"",""environment"":""71fe69c0-317e-4401-83e8-167236953714"",""service"":""98ac865d-3446-4204-8b6f-837e63498101"",""deployment"":""dcdde22b-483f-4551-bfa8-a8ad23f2f868"",""replica"":""d74614c5-3877-4710-a4a1-8f41af3269ac""}",2026-07-28T14:54:29.606761752Z
	-- so triggers don't break (postgres superuser has no session auth context).,error,"{""level"":""error""}","{""project"":""e40824fb-b871-4f4a-bbd4-dc97257175b5"",""environment"":""71fe69c0-317e-4401-83e8-167236953714"",""service"":""98ac865d-3446-4204-8b6f-837e63498101"",""deployment"":""dcdde22b-483f-4551-bfa8-a8ad23f2f868"",""replica"":""d74614c5-3877-4710-a4a1-8f41af3269ac""}",2026-07-28T14:54:29.606764622Z
	CREATE OR REPLACE FUNCTION auth.uid() RETURNS UUID,error,"{""level"":""error""}","{""project"":""e40824fb-b871-4f4a-bbd4-dc97257175b5"",""environment"":""71fe69c0-317e-4401-83e8-167236953714"",""service"":""98ac865d-3446-4204-8b6f-837e63498101"",""deployment"":""dcdde22b-483f-4551-bfa8-a8ad23f2f868"",""replica"":""d74614c5-3877-4710-a4a1-8f41af3269ac""}",2026-07-28T14:54:29.606767242Z
	    LANGUAGE sql STABLE,error,"{""level"":""error""}","{""project"":""e40824fb-b871-4f4a-bbd4-dc97257175b5"",""environment"":""71fe69c0-317e-4401-83e8-167236953714"",""service"":""98ac865d-3446-4204-8b6f-837e63498101"",""deployment"":""dcdde22b-483f-4551-bfa8-a8ad23f2f868"",""replica"":""d74614c5-3877-4710-a4a1-8f41af3269ac""}",2026-07-28T14:54:29.606769792Z
	    RETURN COALESCE(,error,"{""level"":""error""}","{""project"":""e40824fb-b871-4f4a-bbd4-dc97257175b5"",""environment"":""71fe69c0-317e-4401-83e8-167236953714"",""service"":""98ac865d-3446-4204-8b6f-837e63498101"",""deployment"":""dcdde22b-483f-4551-bfa8-a8ad23f2f868"",""replica"":""d74614c5-3877-4710-a4a1-8f41af3269ac""}",2026-07-28T14:54:29.606773832Z
"	        NULLIF(current_setting('request.jwt.claim.sub', true), '')::UUID,",error,"{""level"":""error""}","{""project"":""e40824fb-b871-4f4a-bbd4-dc97257175b5"",""environment"":""71fe69c0-317e-4401-83e8-167236953714"",""service"":""98ac865d-3446-4204-8b6f-837e63498101"",""deployment"":""dcdde22b-483f-4551-bfa8-a8ad23f2f868"",""replica"":""d74614c5-3877-4710-a4a1-8f41af3269ac""}",2026-07-28T14:54:29.606776602Z
	        '00000000-0000-0000-0000-000000000000'::UUID,error,"{""level"":""error""}","{""project"":""e40824fb-b871-4f4a-bbd4-dc97257175b5"",""environment"":""71fe69c0-317e-4401-83e8-167236953714"",""service"":""98ac865d-3446-4204-8b6f-837e63498101"",""deployment"":""dcdde22b-483f-4551-bfa8-a8ad23f2f868"",""replica"":""d74614c5-3877-4710-a4a1-8f41af3269ac""}",2026-07-28T14:54:29.606779472Z
	    );,error,"{""level"":""error""}","{""project"":""e40824fb-b871-4f4a-bbd4-dc97257175b5"",""environment"":""71fe69c0-317e-4401-83e8-167236953714"",""service"":""98ac865d-3446-4204-8b6f-837e63498101"",""deployment"":""dcdde22b-483f-4551-bfa8-a8ad23f2f868"",""replica"":""d74614c5-3877-4710-a4a1-8f41af3269ac""}",2026-07-28T14:54:29.606782122Z
	,error,"{""level"":""error""}","{""project"":""e40824fb-b871-4f4a-bbd4-dc97257175b5"",""environment"":""71fe69c0-317e-4401-83e8-167236953714"",""service"":""98ac865d-3446-4204-8b6f-837e63498101"",""deployment"":""dcdde22b-483f-4551-bfa8-a8ad23f2f868"",""replica"":""d74614c5-3877-4710-a4a1-8f41af3269ac""}",2026-07-28T14:54:29.606784562Z
	-- =============================================================================,error,"{""level"":""error""}","{""project"":""e40824fb-b871-4f4a-bbd4-dc97257175b5"",""environment"":""71fe69c0-317e-4401-83e8-167236953714"",""service"":""98ac865d-3446-4204-8b6f-837e63498101"",""deployment"":""dcdde22b-483f-4551-bfa8-a8ad23f2f868"",""replica"":""d74614c5-3877-4710-a4a1-8f41af3269ac""}",2026-07-28T14:54:29.606787072Z
	);,error,"{""level"":""error""}","{""project"":""e40824fb-b871-4f4a-bbd4-dc97257175b5"",""environment"":""71fe69c0-317e-4401-83e8-167236953714"",""service"":""98ac865d-3446-4204-8b6f-837e63498101"",""deployment"":""dcdde22b-483f-4551-bfa8-a8ad23f2f868"",""replica"":""d74614c5-3877-4710-a4a1-8f41af3269ac""}",2026-07-28T14:54:29.607490034Z
	-- PHASE 2: Enums (migration 0002 — no Supabase dependencies),error,"{""level"":""error""}","{""project"":""e40824fb-b871-4f4a-bbd4-dc97257175b5"",""environment"":""71fe69c0-317e-4401-83e8-167236953714"",""service"":""98ac865d-3446-4204-8b6f-837e63498101"",""deployment"":""dcdde22b-483f-4551-bfa8-a8ad23f2f868"",""replica"":""d74614c5-3877-4710-a4a1-8f41af3269ac""}",2026-07-28T14:54:29.607494553Z
	,error,"{""level"":""error""}","{""project"":""e40824fb-b871-4f4a-bbd4-dc97257175b5"",""environment"":""71fe69c0-317e-4401-83e8-167236953714"",""service"":""98ac865d-3446-4204-8b6f-837e63498101"",""deployment"":""dcdde22b-483f-4551-bfa8-a8ad23f2f868"",""replica"":""d74614c5-3877-4710-a4a1-8f41af3269ac""}",2026-07-28T14:54:29.607494933Z
	CREATE TYPE campaign_objective AS ENUM (,error,"{""level"":""error""}","{""project"":""e40824fb-b871-4f4a-bbd4-dc97257175b5"",""environment"":""71fe69c0-317e-4401-83e8-167236953714"",""service"":""98ac865d-3446-4204-8b6f-837e63498101"",""deployment"":""dcdde22b-483f-4551-bfa8-a8ad23f2f868"",""replica"":""d74614c5-3877-4710-a4a1-8f41af3269ac""}",2026-07-28T14:54:29.607502233Z
"	CREATE TYPE influencer_tier AS ENUM ('NANO','MICRO','MID','MACRO','MEGA','MIX');",error,"{""level"":""error""}","{""project"":""e40824fb-b871-4f4a-bbd4-dc97257175b5"",""environment"":""71fe69c0-317e-4401-83e8-167236953714"",""service"":""98ac865d-3446-4204-8b6f-837e63498101"",""deployment"":""dcdde22b-483f-4551-bfa8-a8ad23f2f868"",""replica"":""d74614c5-3877-4710-a4a1-8f41af3269ac""}",2026-07-28T14:54:29.607505003Z
	-- =============================================================================,error,"{""level"":""error""}","{""project"":""e40824fb-b871-4f4a-bbd4-dc97257175b5"",""environment"":""71fe69c0-317e-4401-83e8-167236953714"",""service"":""98ac865d-3446-4204-8b6f-837e63498101"",""deployment"":""dcdde22b-483f-4551-bfa8-a8ad23f2f868"",""replica"":""d74614c5-3877-4710-a4a1-8f41af3269ac""}",2026-07-28T14:54:29.607508063Z
"	    'FORMULARIO','PULL','PLAN_DE_CUENTAS','CAMPANA_INTERNA','DRIVE',",error,"{""level"":""error""}","{""project"":""e40824fb-b871-4f4a-bbd4-dc97257175b5"",""environment"":""71fe69c0-317e-4401-83e8-167236953714"",""service"":""98ac865d-3446-4204-8b6f-837e63498101"",""deployment"":""dcdde22b-483f-4551-bfa8-a8ad23f2f868"",""replica"":""d74614c5-3877-4710-a4a1-8f41af3269ac""}",2026-07-28T14:54:29.607517973Z
"	    'AWARENESS','CONSIDERACION','CONVERSION','GESTION_DE_CRISIS',",error,"{""level"":""error""}","{""project"":""e40824fb-b871-4f4a-bbd4-dc97257175b5"",""environment"":""71fe69c0-317e-4401-83e8-167236953714"",""service"":""98ac865d-3446-4204-8b6f-837e63498101"",""deployment"":""dcdde22b-483f-4551-bfa8-a8ad23f2f868"",""replica"":""d74614c5-3877-4710-a4a1-8f41af3269ac""}",2026-07-28T14:54:29.607522013Z
"	CREATE TYPE user_status AS ENUM ('active', 'invited', 'suspended', 'deactivated');",error,"{""level"":""error""}","{""project"":""e40824fb-b871-4f4a-bbd4-dc97257175b5"",""environment"":""71fe69c0-317e-4401-83e8-167236953714"",""service"":""98ac865d-3446-4204-8b6f-837e63498101"",""deployment"":""dcdde22b-483f-4551-bfa8-a8ad23f2f868"",""replica"":""d74614c5-3877-4710-a4a1-8f41af3269ac""}",2026-07-28T14:54:29.607524963Z
"	    'BRANDING','LANZAMIENTO','RETENCION'",error,"{""level"":""error""}","{""project"":""e40824fb-b871-4f4a-bbd4-dc97257175b5"",""environment"":""71fe69c0-317e-4401-83e8-167236953714"",""service"":""98ac865d-3446-4204-8b6f-837e63498101"",""deployment"":""dcdde22b-483f-4551-bfa8-a8ad23f2f868"",""replica"":""d74614c5-3877-4710-a4a1-8f41af3269ac""}",2026-07-28T14:54:29.607527763Z
	,error,"{""level"":""error""}","{""project"":""e40824fb-b871-4f4a-bbd4-dc97257175b5"",""environment"":""71fe69c0-317e-4401-83e8-167236953714"",""service"":""98ac865d-3446-4204-8b6f-837e63498101"",""deployment"":""dcdde22b-483f-4551-bfa8-a8ad23f2f868"",""replica"":""d74614c5-3877-4710-a4a1-8f41af3269ac""}",2026-07-28T14:54:29.607532433Z
	);,error,"{""level"":""error""}","{""project"":""e40824fb-b871-4f4a-bbd4-dc97257175b5"",""environment"":""71fe69c0-317e-4401-83e8-167236953714"",""service"":""98ac865d-3446-4204-8b6f-837e63498101"",""deployment"":""dcdde22b-483f-4551-bfa8-a8ad23f2f868"",""replica"":""d74614c5-3877-4710-a4a1-8f41af3269ac""}",2026-07-28T14:54:29.607532853Z
	,error,"{""level"":""error""}","{""project"":""e40824fb-b871-4f4a-bbd4-dc97257175b5"",""environment"":""71fe69c0-317e-4401-83e8-167236953714"",""service"":""98ac865d-3446-4204-8b6f-837e63498101"",""deployment"":""dcdde22b-483f-4551-bfa8-a8ad23f2f868"",""replica"":""d74614c5-3877-4710-a4a1-8f41af3269ac""}",2026-07-28T14:54:29.607533583Z
	,error,"{""level"":""error""}","{""project"":""e40824fb-b871-4f4a-bbd4-dc97257175b5"",""environment"":""71fe69c0-317e-4401-83e8-167236953714"",""service"":""98ac865d-3446-4204-8b6f-837e63498101"",""deployment"":""dcdde22b-483f-4551-bfa8-a8ad23f2f868"",""replica"":""d74614c5-3877-4710-a4a1-8f41af3269ac""}",2026-07-28T14:54:29.607538633Z
	CREATE TYPE campaign_status AS ENUM (,error,"{""level"":""error""}","{""project"":""e40824fb-b871-4f4a-bbd4-dc97257175b5"",""environment"":""71fe69c0-317e-4401-83e8-167236953714"",""service"":""98ac865d-3446-4204-8b6f-837e63498101"",""deployment"":""dcdde22b-483f-4551-bfa8-a8ad23f2f868"",""replica"":""d74614c5-3877-4710-a4a1-8f41af3269ac""}",2026-07-28T14:54:29.607539353Z
	CREATE TYPE campaign_influencer_status AS ENUM (,error,"{""level"":""error""}","{""project"":""e40824fb-b871-4f4a-bbd4-dc97257175b5"",""environment"":""71fe69c0-317e-4401-83e8-167236953714"",""service"":""98ac865d-3446-4204-8b6f-837e63498101"",""deployment"":""dcdde22b-483f-4551-bfa8-a8ad23f2f868"",""replica"":""d74614c5-3877-4710-a4a1-8f41af3269ac""}",2026-07-28T14:54:29.607541803Z
"	    'BRIEF','CONTACTANDO','PLAN_DE_CUENTAS','PULL',",error,"{""level"":""error""}","{""project"":""e40824fb-b871-4f4a-bbd4-dc97257175b5"",""environment"":""71fe69c0-317e-4401-83e8-167236953714"",""service"":""98ac865d-3446-4204-8b6f-837e63498101"",""deployment"":""dcdde22b-483f-4551-bfa8-a8ad23f2f868"",""replica"":""d74614c5-3877-4710-a4a1-8f41af3269ac""}",2026-07-28T14:54:29.607547543Z
"	    'PROPUESTO','CONTACTADO','CONFIRMADO','CONTRATADO',",error,"{""level"":""error""}","{""project"":""e40824fb-b871-4f4a-bbd4-dc97257175b5"",""environment"":""71fe69c0-317e-4401-83e8-167236953714"",""service"":""98ac865d-3446-4204-8b6f-837e63498101"",""deployment"":""dcdde22b-483f-4551-bfa8-a8ad23f2f868"",""replica"":""d74614c5-3877-4710-a4a1-8f41af3269ac""}",2026-07-28T14:54:29.607550303Z
"	    'CAMPAÑA INTERNA','REPORTE','TERMINADA','CANCELADA','PAUSADA'",error,"{""level"":""error""}","{""project"":""e40824fb-b871-4f4a-bbd4-dc97257175b5"",""environment"":""71fe69c0-317e-4401-83e8-167236953714"",""service"":""98ac865d-3446-4204-8b6f-837e63498101"",""deployment"":""dcdde22b-483f-4551-bfa8-a8ad23f2f868"",""replica"":""d74614c5-3877-4710-a4a1-8f41af3269ac""}",2026-07-28T14:54:29.607554653Z
"	    'CONTENIDO_ENTREGADO','PAGADO','RECHAZADO','CANCELADO'",error,"{""level"":""error""}","{""project"":""e40824fb-b871-4f4a-bbd4-dc97257175b5"",""environment"":""71fe69c0-317e-4401-83e8-167236953714"",""service"":""98ac865d-3446-4204-8b6f-837e63498101"",""deployment"":""dcdde22b-483f-4551-bfa8-a8ad23f2f868"",""replica"":""d74614c5-3877-4710-a4a1-8f41af3269ac""}",2026-07-28T14:54:29.607557403Z
	);,error,"{""level"":""error""}","{""project"":""e40824fb-b871-4f4a-bbd4-dc97257175b5"",""environment"":""71fe69c0-317e-4401-83e8-167236953714"",""service"":""98ac865d-3446-4204-8b6f-837e63498101"",""deployment"":""dcdde22b-483f-4551-bfa8-a8ad23f2f868"",""replica"":""d74614c5-3877-4710-a4a1-8f41af3269ac""}",2026-07-28T14:54:29.607561533Z
	,error,"{""level"":""error""}","{""project"":""e40824fb-b871-4f4a-bbd4-dc97257175b5"",""environment"":""71fe69c0-317e-4401-83e8-167236953714"",""service"":""98ac865d-3446-4204-8b6f-837e63498101"",""deployment"":""dcdde22b-483f-4551-bfa8-a8ad23f2f868"",""replica"":""d74614c5-3877-4710-a4a1-8f41af3269ac""}",2026-07-28T14:54:29.607564963Z
	CREATE TYPE campaign_link_type AS ENUM (,error,"{""level"":""error""}","{""project"":""e40824fb-b871-4f4a-bbd4-dc97257175b5"",""environment"":""71fe69c0-317e-4401-83e8-167236953714"",""service"":""98ac865d-3446-4204-8b6f-837e63498101"",""deployment"":""dcdde22b-483f-4551-bfa8-a8ad23f2f868"",""replica"":""d74614c5-3877-4710-a4a1-8f41af3269ac""}",2026-07-28T14:54:29.607568382Z
"	    'BRIEF','DOCUMENTO_INDUCCION','CONTRATO','HOOK','AUTOMATIZACION',",error,"{""level"":""error""}","{""project"":""e40824fb-b871-4f4a-bbd4-dc97257175b5"",""environment"":""71fe69c0-317e-4401-83e8-167236953714"",""service"":""98ac865d-3446-4204-8b6f-837e63498101"",""deployment"":""dcdde22b-483f-4551-bfa8-a8ad23f2f868"",""replica"":""d74614c5-3877-4710-a4a1-8f41af3269ac""}",2026-07-28T14:54:29.607571512Z
"	    'REPORTE','CANVA','TRELLO','HYPEAUDITOR','OTRO'",error,"{""level"":""error""}","{""project"":""e40824fb-b871-4f4a-bbd4-dc97257175b5"",""environment"":""71fe69c0-317e-4401-83e8-167236953714"",""service"":""98ac865d-3446-4204-8b6f-837e63498101"",""deployment"":""dcdde22b-483f-4551-bfa8-a8ad23f2f868"",""replica"":""d74614c5-3877-4710-a4a1-8f41af3269ac""}",2026-07-28T14:54:29.608675308Z
	);,error,"{""level"":""error""}","{""project"":""e40824fb-b871-4f4a-bbd4-dc97257175b5"",""environment"":""71fe69c0-317e-4401-83e8-167236953714"",""service"":""98ac865d-3446-4204-8b6f-837e63498101"",""deployment"":""dcdde22b-483f-4551-bfa8-a8ad23f2f868"",""replica"":""d74614c5-3877-4710-a4a1-8f41af3269ac""}",2026-07-28T14:54:29.608687958Z
	,error,"{""level"":""error""}","{""project"":""e40824fb-b871-4f4a-bbd4-dc97257175b5"",""environment"":""71fe69c0-317e-4401-83e8-167236953714"",""service"":""98ac865d-3446-4204-8b6f-837e63498101"",""deployment"":""dcdde22b-483f-4551-bfa8-a8ad23f2f868"",""replica"":""d74614c5-3877-4710-a4a1-8f41af3269ac""}",2026-07-28T14:54:29.608692268Z
	CREATE TYPE kpi_category AS ENUM (,error,"{""level"":""error""}","{""project"":""e40824fb-b871-4f4a-bbd4-dc97257175b5"",""environment"":""71fe69c0-317e-4401-83e8-167236953714"",""service"":""98ac865d-3446-4204-8b6f-837e63498101"",""deployment"":""dcdde22b-483f-4551-bfa8-a8ad23f2f868"",""replica"":""d74614c5-3877-4710-a4a1-8f41af3269ac""}",2026-07-28T14:54:29.608695858Z
"	    'ALCANCE','ENGAGEMENT','CONVERSION','RETENCION',",error,"{""level"":""error""}","{""project"":""e40824fb-b871-4f4a-bbd4-dc97257175b5"",""environment"":""71fe69c0-317e-4401-83e8-167236953714"",""service"":""98ac865d-3446-4204-8b6f-837e63498101"",""deployment"":""dcdde22b-483f-4551-bfa8-a8ad23f2f868"",""replica"":""d74614c5-3877-4710-a4a1-8f41af3269ac""}",2026-07-28T14:54:29.608700508Z
"	    'AWARENESS','SENTIMIENTO','BRAND_HEALTH'",error,"{""level"":""error""}","{""project"":""e40824fb-b871-4f4a-bbd4-dc97257175b5"",""environment"":""71fe69c0-317e-4401-83e8-167236953714"",""service"":""98ac865d-3446-4204-8b6f-837e63498101"",""deployment"":""dcdde22b-483f-4551-bfa8-a8ad23f2f868"",""replica"":""d74614c5-3877-4710-a4a1-8f41af3269ac""}",2026-07-28T14:54:29.608704068Z
	);,error,"{""level"":""error""}","{""project"":""e40824fb-b871-4f4a-bbd4-dc97257175b5"",""environment"":""71fe69c0-317e-4401-83e8-167236953714"",""service"":""98ac865d-3446-4204-8b6f-837e63498101"",""deployment"":""dcdde22b-483f-4551-bfa8-a8ad23f2f868"",""replica"":""d74614c5-3877-4710-a4a1-8f41af3269ac""}",2026-07-28T14:54:29.608707838Z
	,error,"{""level"":""error""}","{""project"":""e40824fb-b871-4f4a-bbd4-dc97257175b5"",""environment"":""71fe69c0-317e-4401-83e8-167236953714"",""service"":""98ac865d-3446-4204-8b6f-837e63498101"",""deployment"":""dcdde22b-483f-4551-bfa8-a8ad23f2f868"",""replica"":""d74614c5-3877-4710-a4a1-8f41af3269ac""}",2026-07-28T14:54:29.608711548Z
	CREATE TYPE kpi_source AS ENUM (,error,"{""level"":""error""}","{""project"":""e40824fb-b871-4f4a-bbd4-dc97257175b5"",""environment"":""71fe69c0-317e-4401-83e8-167236953714"",""service"":""98ac865d-3446-4204-8b6f-837e63498101"",""deployment"":""dcdde22b-483f-4551-bfa8-a8ad23f2f868"",""replica"":""d74614c5-3877-4710-a4a1-8f41af3269ac""}",2026-07-28T14:54:29.608714728Z
"	    'MANUAL','HYPEAUDITOR','PLATAFORMA_NATIVA','FORMULARIO','IMPORTADO','IA'",error,"{""level"":""error""}","{""project"":""e40824fb-b871-4f4a-bbd4-dc97257175b5"",""environment"":""71fe69c0-317e-4401-83e8-167236953714"",""service"":""98ac865d-3446-4204-8b6f-837e63498101"",""deployment"":""dcdde22b-483f-4551-bfa8-a8ad23f2f868"",""replica"":""d74614c5-3877-4710-a4a1-8f41af3269ac""}",2026-07-28T14:54:29.608719078Z
	);,error,"{""level"":""error""}","{""project"":""e40824fb-b871-4f4a-bbd4-dc97257175b5"",""environment"":""71fe69c0-317e-4401-83e8-167236953714"",""service"":""98ac865d-3446-4204-8b6f-837e63498101"",""deployment"":""dcdde22b-483f-4551-bfa8-a8ad23f2f868"",""replica"":""d74614c5-3877-4710-a4a1-8f41af3269ac""}",2026-07-28T14:54:29.608722498Z
	,error,"{""level"":""error""}","{""project"":""e40824fb-b871-4f4a-bbd4-dc97257175b5"",""environment"":""71fe69c0-317e-4401-83e8-167236953714"",""service"":""98ac865d-3446-4204-8b6f-837e63498101"",""deployment"":""dcdde22b-483f-4551-bfa8-a8ad23f2f868"",""replica"":""d74614c5-3877-4710-a4a1-8f41af3269ac""}",2026-07-28T14:54:29.608725538Z
"	CREATE TYPE task_status AS ENUM ('PENDIENTE','EN_PROGRESO','BLOQUEADA','COMPLETADA','CANCELADA');",error,"{""level"":""error""}","{""project"":""e40824fb-b871-4f4a-bbd4-dc97257175b5"",""environment"":""71fe69c0-317e-4401-83e8-167236953714"",""service"":""98ac865d-3446-4204-8b6f-837e63498101"",""deployment"":""dcdde22b-483f-4551-bfa8-a8ad23f2f868"",""replica"":""d74614c5-3877-4710-a4a1-8f41af3269ac""}",2026-07-28T14:54:29.608730078Z
"	CREATE TYPE task_priority AS ENUM ('BAJA','MEDIA','ALTA','URGENTE');",error,"{""level"":""error""}","{""project"":""e40824fb-b871-4f4a-bbd4-dc97257175b5"",""environment"":""71fe69c0-317e-4401-83e8-167236953714"",""service"":""98ac865d-3446-4204-8b6f-837e63498101"",""deployment"":""dcdde22b-483f-4551-bfa8-a8ad23f2f868"",""replica"":""d74614c5-3877-4710-a4a1-8f41af3269ac""}",2026-07-28T14:54:29.608733338Z
	,error,"{""level"":""error""}","{""project"":""e40824fb-b871-4f4a-bbd4-dc97257175b5"",""environment"":""71fe69c0-317e-4401-83e8-167236953714"",""service"":""98ac865d-3446-4204-8b6f-837e63498101"",""deployment"":""dcdde22b-483f-4551-bfa8-a8ad23f2f868"",""replica"":""d74614c5-3877-4710-a4a1-8f41af3269ac""}",2026-07-28T14:54:29.608736918Z
	CREATE TYPE integration_provider AS ENUM (,error,"{""level"":""error""}","{""project"":""e40824fb-b871-4f4a-bbd4-dc97257175b5"",""environment"":""71fe69c0-317e-4401-83e8-167236953714"",""service"":""98ac865d-3446-4204-8b6f-837e63498101"",""deployment"":""dcdde22b-483f-4551-bfa8-a8ad23f2f868"",""replica"":""d74614c5-3877-4710-a4a1-8f41af3269ac""}",2026-07-28T14:54:29.608739978Z
"	    'HYPEAUDITOR','CANVA','GOOGLE_DRIVE','TRELLO','SLACK',",error,"{""level"":""error""}","{""project"":""e40824fb-b871-4f4a-bbd4-dc97257175b5"",""environment"":""71fe69c0-317e-4401-83e8-167236953714"",""service"":""98ac865d-3446-4204-8b6f-837e63498101"",""deployment"":""dcdde22b-483f-4551-bfa8-a8ad23f2f868"",""replica"":""d74614c5-3877-4710-a4a1-8f41af3269ac""}",2026-07-28T14:54:29.608743018Z
"	    'META','TIKTOK','YOUTUBE','OPENAI','ANTHROPIC'",error,"{""level"":""error""}","{""project"":""e40824fb-b871-4f4a-bbd4-dc97257175b5"",""environment"":""71fe69c0-317e-4401-83e8-167236953714"",""service"":""98ac865d-3446-4204-8b6f-837e63498101"",""deployment"":""dcdde22b-483f-4551-bfa8-a8ad23f2f868"",""replica"":""d74614c5-3877-4710-a4a1-8f41af3269ac""}",2026-07-28T14:54:29.608746337Z
	);,error,"{""level"":""error""}","{""project"":""e40824fb-b871-4f4a-bbd4-dc97257175b5"",""environment"":""71fe69c0-317e-4401-83e8-167236953714"",""service"":""98ac865d-3446-4204-8b6f-837e63498101"",""deployment"":""dcdde22b-483f-4551-bfa8-a8ad23f2f868"",""replica"":""d74614c5-3877-4710-a4a1-8f41af3269ac""}",2026-07-28T14:54:29.608750997Z
	,error,"{""level"":""error""}","{""project"":""e40824fb-b871-4f4a-bbd4-dc97257175b5"",""environment"":""71fe69c0-317e-4401-83e8-167236953714"",""service"":""98ac865d-3446-4204-8b6f-837e63498101"",""deployment"":""dcdde22b-483f-4551-bfa8-a8ad23f2f868"",""replica"":""d74614c5-3877-4710-a4a1-8f41af3269ac""}",2026-07-28T14:54:29.608754437Z
"	CREATE TYPE ai_job_status AS ENUM ('PENDING','RUNNING','COMPLETED','FAILED','CANCELLED');",error,"{""level"":""error""}","{""project"":""e40824fb-b871-4f4a-bbd4-dc97257175b5"",""environment"":""71fe69c0-317e-4401-83e8-167236953714"",""service"":""98ac865d-3446-4204-8b6f-837e63498101"",""deployment"":""dcdde22b-483f-4551-bfa8-a8ad23f2f868"",""replica"":""d74614c5-3877-4710-a4a1-8f41af3269ac""}",2026-07-28T14:54:29.608757367Z
	,error,"{""level"":""error""}","{""project"":""e40824fb-b871-4f4a-bbd4-dc97257175b5"",""environment"":""71fe69c0-317e-4401-83e8-167236953714"",""service"":""98ac865d-3446-4204-8b6f-837e63498101"",""deployment"":""dcdde22b-483f-4551-bfa8-a8ad23f2f868"",""replica"":""d74614c5-3877-4710-a4a1-8f41af3269ac""}",2026-07-28T14:54:29.608760597Z
	CREATE TYPE ai_job_type AS ENUM (,error,"{""level"":""error""}","{""project"":""e40824fb-b871-4f4a-bbd4-dc97257175b5"",""environment"":""71fe69c0-317e-4401-83e8-167236953714"",""service"":""98ac865d-3446-4204-8b6f-837e63498101"",""deployment"":""dcdde22b-483f-4551-bfa8-a8ad23f2f868"",""replica"":""d74614c5-3877-4710-a4a1-8f41af3269ac""}",2026-07-28T14:54:29.608764407Z
"	    'EMBEDDING','RAG_QUERY','BRIEF_GENERATION','POST_MORTEM_GENERATION',",error,"{""level"":""error""}","{""project"":""e40824fb-b871-4f4a-bbd4-dc97257175b5"",""environment"":""71fe69c0-317e-4401-83e8-167236953714"",""service"":""98ac865d-3446-4204-8b6f-837e63498101"",""deployment"":""dcdde22b-483f-4551-bfa8-a8ad23f2f868"",""replica"":""d74614c5-3877-4710-a4a1-8f41af3269ac""}",2026-07-28T14:54:29.608768587Z
"	    'INSIGHT_GENERATION','FORECAST','MATCHMAKING','SENTIMENT_ANALYSIS'",error,"{""level"":""error""}","{""project"":""e40824fb-b871-4f4a-bbd4-dc97257175b5"",""environment"":""71fe69c0-317e-4401-83e8-167236953714"",""service"":""98ac865d-3446-4204-8b6f-837e63498101"",""deployment"":""dcdde22b-483f-4551-bfa8-a8ad23f2f868"",""replica"":""d74614c5-3877-4710-a4a1-8f41af3269ac""}",2026-07-28T14:54:29.608771467Z
	);,error,"{""level"":""error""}","{""project"":""e40824fb-b871-4f4a-bbd4-dc97257175b5"",""environment"":""71fe69c0-317e-4401-83e8-167236953714"",""service"":""98ac865d-3446-4204-8b6f-837e63498101"",""deployment"":""dcdde22b-483f-4551-bfa8-a8ad23f2f868"",""replica"":""d74614c5-3877-4710-a4a1-8f41af3269ac""}",2026-07-28T14:54:29.608774327Z
	    updated_at  TIMESTAMPTZ NOT NULL DEFAULT NOW(),error,"{""level"":""error""}","{""project"":""e40824fb-b871-4f4a-bbd4-dc97257175b5"",""environment"":""71fe69c0-317e-4401-83e8-167236953714"",""service"":""98ac865d-3446-4204-8b6f-837e63498101"",""deployment"":""dcdde22b-483f-4551-bfa8-a8ad23f2f868"",""replica"":""d74614c5-3877-4710-a4a1-8f41af3269ac""}",2026-07-28T14:54:29.609621106Z
	,error,"{""level"":""error""}","{""project"":""e40824fb-b871-4f4a-bbd4-dc97257175b5"",""environment"":""71fe69c0-317e-4401-83e8-167236953714"",""service"":""98ac865d-3446-4204-8b6f-837e63498101"",""deployment"":""dcdde22b-483f-4551-bfa8-a8ad23f2f868"",""replica"":""d74614c5-3877-4710-a4a1-8f41af3269ac""}",2026-07-28T14:54:29.609621586Z
	CREATE TABLE IF NOT EXISTS business_units (,error,"{""level"":""error""}","{""project"":""e40824fb-b871-4f4a-bbd4-dc97257175b5"",""environment"":""71fe69c0-317e-4401-83e8-167236953714"",""service"":""98ac865d-3446-4204-8b6f-837e63498101"",""deployment"":""dcdde22b-483f-4551-bfa8-a8ad23f2f868"",""replica"":""d74614c5-3877-4710-a4a1-8f41af3269ac""}",2026-07-28T14:54:29.609625946Z
	);,error,"{""level"":""error""}","{""project"":""e40824fb-b871-4f4a-bbd4-dc97257175b5"",""environment"":""71fe69c0-317e-4401-83e8-167236953714"",""service"":""98ac865d-3446-4204-8b6f-837e63498101"",""deployment"":""dcdde22b-483f-4551-bfa8-a8ad23f2f868"",""replica"":""d74614c5-3877-4710-a4a1-8f41af3269ac""}",2026-07-28T14:54:29.609630535Z
	CREATE TYPE audit_action AS ENUM (,error,"{""level"":""error""}","{""project"":""e40824fb-b871-4f4a-bbd4-dc97257175b5"",""environment"":""71fe69c0-317e-4401-83e8-167236953714"",""service"":""98ac865d-3446-4204-8b6f-837e63498101"",""deployment"":""dcdde22b-483f-4551-bfa8-a8ad23f2f868"",""replica"":""d74614c5-3877-4710-a4a1-8f41af3269ac""}",2026-07-28T14:54:29.609632125Z
"	    id          UUID PRIMARY KEY DEFAULT extensions.uuid_generate_v4(),",error,"{""level"":""error""}","{""project"":""e40824fb-b871-4f4a-bbd4-dc97257175b5"",""environment"":""71fe69c0-317e-4401-83e8-167236953714"",""service"":""98ac865d-3446-4204-8b6f-837e63498101"",""deployment"":""dcdde22b-483f-4551-bfa8-a8ad23f2f868"",""replica"":""d74614c5-3877-4710-a4a1-8f41af3269ac""}",2026-07-28T14:54:29.609637505Z
	,error,"{""level"":""error""}","{""project"":""e40824fb-b871-4f4a-bbd4-dc97257175b5"",""environment"":""71fe69c0-317e-4401-83e8-167236953714"",""service"":""98ac865d-3446-4204-8b6f-837e63498101"",""deployment"":""dcdde22b-483f-4551-bfa8-a8ad23f2f868"",""replica"":""d74614c5-3877-4710-a4a1-8f41af3269ac""}",2026-07-28T14:54:29.609640855Z
"	    'CREATE','UPDATE','DELETE','RESTORE',",error,"{""level"":""error""}","{""project"":""e40824fb-b871-4f4a-bbd4-dc97257175b5"",""environment"":""71fe69c0-317e-4401-83e8-167236953714"",""service"":""98ac865d-3446-4204-8b6f-837e63498101"",""deployment"":""dcdde22b-483f-4551-bfa8-a8ad23f2f868"",""replica"":""d74614c5-3877-4710-a4a1-8f41af3269ac""}",2026-07-28T14:54:29.609646455Z
"	    code        TEXT NOT NULL UNIQUE,",error,"{""level"":""error""}","{""project"":""e40824fb-b871-4f4a-bbd4-dc97257175b5"",""environment"":""71fe69c0-317e-4401-83e8-167236953714"",""service"":""98ac865d-3446-4204-8b6f-837e63498101"",""deployment"":""dcdde22b-483f-4551-bfa8-a8ad23f2f868"",""replica"":""d74614c5-3877-4710-a4a1-8f41af3269ac""}",2026-07-28T14:54:29.609647305Z
"	    name        TEXT NOT NULL,",error,"{""level"":""error""}","{""project"":""e40824fb-b871-4f4a-bbd4-dc97257175b5"",""environment"":""71fe69c0-317e-4401-83e8-167236953714"",""service"":""98ac865d-3446-4204-8b6f-837e63498101"",""deployment"":""dcdde22b-483f-4551-bfa8-a8ad23f2f868"",""replica"":""d74614c5-3877-4710-a4a1-8f41af3269ac""}",2026-07-28T14:54:29.609653765Z
"	    'LOGIN','LOGOUT','EXPORT','IMPORT',",error,"{""level"":""error""}","{""project"":""e40824fb-b871-4f4a-bbd4-dc97257175b5"",""environment"":""71fe69c0-317e-4401-83e8-167236953714"",""service"":""98ac865d-3446-4204-8b6f-837e63498101"",""deployment"":""dcdde22b-483f-4551-bfa8-a8ad23f2f868"",""replica"":""d74614c5-3877-4710-a4a1-8f41af3269ac""}",2026-07-28T14:54:29.609654095Z
"	    'STATUS_CHANGE','PERMISSION_CHANGE','ROLE_CHANGE'",error,"{""level"":""error""}","{""project"":""e40824fb-b871-4f4a-bbd4-dc97257175b5"",""environment"":""71fe69c0-317e-4401-83e8-167236953714"",""service"":""98ac865d-3446-4204-8b6f-837e63498101"",""deployment"":""dcdde22b-483f-4551-bfa8-a8ad23f2f868"",""replica"":""d74614c5-3877-4710-a4a1-8f41af3269ac""}",2026-07-28T14:54:29.609659455Z
"	    description TEXT,",error,"{""level"":""error""}","{""project"":""e40824fb-b871-4f4a-bbd4-dc97257175b5"",""environment"":""71fe69c0-317e-4401-83e8-167236953714"",""service"":""98ac865d-3446-4204-8b6f-837e63498101"",""deployment"":""dcdde22b-483f-4551-bfa8-a8ad23f2f868"",""replica"":""d74614c5-3877-4710-a4a1-8f41af3269ac""}",2026-07-28T14:54:29.609663895Z
	);,error,"{""level"":""error""}","{""project"":""e40824fb-b871-4f4a-bbd4-dc97257175b5"",""environment"":""71fe69c0-317e-4401-83e8-167236953714"",""service"":""98ac865d-3446-4204-8b6f-837e63498101"",""deployment"":""dcdde22b-483f-4551-bfa8-a8ad23f2f868"",""replica"":""d74614c5-3877-4710-a4a1-8f41af3269ac""}",2026-07-28T14:54:29.609666675Z
"	    is_active   BOOLEAN NOT NULL DEFAULT TRUE,",error,"{""level"":""error""}","{""project"":""e40824fb-b871-4f4a-bbd4-dc97257175b5"",""environment"":""71fe69c0-317e-4401-83e8-167236953714"",""service"":""98ac865d-3446-4204-8b6f-837e63498101"",""deployment"":""dcdde22b-483f-4551-bfa8-a8ad23f2f868"",""replica"":""d74614c5-3877-4710-a4a1-8f41af3269ac""}",2026-07-28T14:54:29.609670725Z
	,error,"{""level"":""error""}","{""project"":""e40824fb-b871-4f4a-bbd4-dc97257175b5"",""environment"":""71fe69c0-317e-4401-83e8-167236953714"",""service"":""98ac865d-3446-4204-8b6f-837e63498101"",""deployment"":""dcdde22b-483f-4551-bfa8-a8ad23f2f868"",""replica"":""d74614c5-3877-4710-a4a1-8f41af3269ac""}",2026-07-28T14:54:29.609673135Z
"	    created_at  TIMESTAMPTZ NOT NULL DEFAULT NOW(),",error,"{""level"":""error""}","{""project"":""e40824fb-b871-4f4a-bbd4-dc97257175b5"",""environment"":""71fe69c0-317e-4401-83e8-167236953714"",""service"":""98ac865d-3446-4204-8b6f-837e63498101"",""deployment"":""dcdde22b-483f-4551-bfa8-a8ad23f2f868"",""replica"":""d74614c5-3877-4710-a4a1-8f41af3269ac""}",2026-07-28T14:54:29.609677685Z
	-- =============================================================================,error,"{""level"":""error""}","{""project"":""e40824fb-b871-4f4a-bbd4-dc97257175b5"",""environment"":""71fe69c0-317e-4401-83e8-167236953714"",""service"":""98ac865d-3446-4204-8b6f-837e63498101"",""deployment"":""dcdde22b-483f-4551-bfa8-a8ad23f2f868"",""replica"":""d74614c5-3877-4710-a4a1-8f41af3269ac""}",2026-07-28T14:54:29.609680055Z
	-- PHASE 3: Identity & Permissions (migration 0003 adapted),error,"{""level"":""error""}","{""project"":""e40824fb-b871-4f4a-bbd4-dc97257175b5"",""environment"":""71fe69c0-317e-4401-83e8-167236953714"",""service"":""98ac865d-3446-4204-8b6f-837e63498101"",""deployment"":""dcdde22b-483f-4551-bfa8-a8ad23f2f868"",""replica"":""d74614c5-3877-4710-a4a1-8f41af3269ac""}",2026-07-28T14:54:29.609683956Z
	-- =============================================================================,error,"{""level"":""error""}","{""project"":""e40824fb-b871-4f4a-bbd4-dc97257175b5"",""environment"":""71fe69c0-317e-4401-83e8-167236953714"",""service"":""98ac865d-3446-4204-8b6f-837e63498101"",""deployment"":""dcdde22b-483f-4551-bfa8-a8ad23f2f868"",""replica"":""d74614c5-3877-4710-a4a1-8f41af3269ac""}",2026-07-28T14:54:29.609687396Z
	,error,"{""level"":""error""}","{""project"":""e40824fb-b871-4f4a-bbd4-dc97257175b5"",""environment"":""71fe69c0-317e-4401-83e8-167236953714"",""service"":""98ac865d-3446-4204-8b6f-837e63498101"",""deployment"":""dcdde22b-483f-4551-bfa8-a8ad23f2f868"",""replica"":""d74614c5-3877-4710-a4a1-8f41af3269ac""}",2026-07-28T14:54:29.609690586Z
	-- shared helper,error,"{""level"":""error""}","{""project"":""e40824fb-b871-4f4a-bbd4-dc97257175b5"",""environment"":""71fe69c0-317e-4401-83e8-167236953714"",""service"":""98ac865d-3446-4204-8b6f-837e63498101"",""deployment"":""dcdde22b-483f-4551-bfa8-a8ad23f2f868"",""replica"":""d74614c5-3877-4710-a4a1-8f41af3269ac""}",2026-07-28T14:54:29.609693886Z
	CREATE OR REPLACE FUNCTION public.set_updated_at(),error,"{""level"":""error""}","{""project"":""e40824fb-b871-4f4a-bbd4-dc97257175b5"",""environment"":""71fe69c0-317e-4401-83e8-167236953714"",""service"":""98ac865d-3446-4204-8b6f-837e63498101"",""deployment"":""dcdde22b-483f-4551-bfa8-a8ad23f2f868"",""replica"":""d74614c5-3877-4710-a4a1-8f41af3269ac""}",2026-07-28T14:54:29.609702065Z
	RETURNS TRIGGER LANGUAGE plpgsql AS $$,error,"{""level"":""error""}","{""project"":""e40824fb-b871-4f4a-bbd4-dc97257175b5"",""environment"":""71fe69c0-317e-4401-83e8-167236953714"",""service"":""98ac865d-3446-4204-8b6f-837e63498101"",""deployment"":""dcdde22b-483f-4551-bfa8-a8ad23f2f868"",""replica"":""d74614c5-3877-4710-a4a1-8f41af3269ac""}",2026-07-28T14:54:29.609705625Z
	BEGIN NEW.updated_at = NOW(); RETURN NEW; END; $$;,error,"{""level"":""error""}","{""project"":""e40824fb-b871-4f4a-bbd4-dc97257175b5"",""environment"":""71fe69c0-317e-4401-83e8-167236953714"",""service"":""98ac865d-3446-4204-8b6f-837e63498101"",""deployment"":""dcdde22b-483f-4551-bfa8-a8ad23f2f868"",""replica"":""d74614c5-3877-4710-a4a1-8f41af3269ac""}",2026-07-28T14:54:29.609710275Z
	,error,"{""level"":""error""}","{""project"":""e40824fb-b871-4f4a-bbd4-dc97257175b5"",""environment"":""71fe69c0-317e-4401-83e8-167236953714"",""service"":""98ac865d-3446-4204-8b6f-837e63498101"",""deployment"":""dcdde22b-483f-4551-bfa8-a8ad23f2f868"",""replica"":""d74614c5-3877-4710-a4a1-8f41af3269ac""}",2026-07-28T14:54:29.609714245Z
	CREATE TABLE IF NOT EXISTS users (,error,"{""level"":""error""}","{""project"":""e40824fb-b871-4f4a-bbd4-dc97257175b5"",""environment"":""71fe69c0-317e-4401-83e8-167236953714"",""service"":""98ac865d-3446-4204-8b6f-837e63498101"",""deployment"":""dcdde22b-483f-4551-bfa8-a8ad23f2f868"",""replica"":""d74614c5-3877-4710-a4a1-8f41af3269ac""}",2026-07-28T14:54:29.610611923Z
	CREATE INDEX IF NOT EXISTS idx_users_status ON users(status);,error,"{""level"":""error""}","{""project"":""e40824fb-b871-4f4a-bbd4-dc97257175b5"",""environment"":""71fe69c0-317e-4401-83e8-167236953714"",""service"":""98ac865d-3446-4204-8b6f-837e63498101"",""deployment"":""dcdde22b-483f-4551-bfa8-a8ad23f2f868"",""replica"":""d74614c5-3877-4710-a4a1-8f41af3269ac""}",2026-07-28T14:54:29.610612213Z
	,error,"{""level"":""error""}","{""project"":""e40824fb-b871-4f4a-bbd4-dc97257175b5"",""environment"":""71fe69c0-317e-4401-83e8-167236953714"",""service"":""98ac865d-3446-4204-8b6f-837e63498101"",""deployment"":""dcdde22b-483f-4551-bfa8-a8ad23f2f868"",""replica"":""d74614c5-3877-4710-a4a1-8f41af3269ac""}",2026-07-28T14:54:29.610619503Z
"	    id                  UUID PRIMARY KEY DEFAULT extensions.uuid_generate_v4(),",error,"{""level"":""error""}","{""project"":""e40824fb-b871-4f4a-bbd4-dc97257175b5"",""environment"":""71fe69c0-317e-4401-83e8-167236953714"",""service"":""98ac865d-3446-4204-8b6f-837e63498101"",""deployment"":""dcdde22b-483f-4551-bfa8-a8ad23f2f868"",""replica"":""d74614c5-3877-4710-a4a1-8f41af3269ac""}",2026-07-28T14:54:29.610619683Z
"	    email               TEXT NOT NULL UNIQUE,",error,"{""level"":""error""}","{""project"":""e40824fb-b871-4f4a-bbd4-dc97257175b5"",""environment"":""71fe69c0-317e-4401-83e8-167236953714"",""service"":""98ac865d-3446-4204-8b6f-837e63498101"",""deployment"":""dcdde22b-483f-4551-bfa8-a8ad23f2f868"",""replica"":""d74614c5-3877-4710-a4a1-8f41af3269ac""}",2026-07-28T14:54:29.610628023Z
	CREATE TABLE IF NOT EXISTS roles (,error,"{""level"":""error""}","{""project"":""e40824fb-b871-4f4a-bbd4-dc97257175b5"",""environment"":""71fe69c0-317e-4401-83e8-167236953714"",""service"":""98ac865d-3446-4204-8b6f-837e63498101"",""deployment"":""dcdde22b-483f-4551-bfa8-a8ad23f2f868"",""replica"":""d74614c5-3877-4710-a4a1-8f41af3269ac""}",2026-07-28T14:54:29.610628153Z
"	    full_name           TEXT NOT NULL,",error,"{""level"":""error""}","{""project"":""e40824fb-b871-4f4a-bbd4-dc97257175b5"",""environment"":""71fe69c0-317e-4401-83e8-167236953714"",""service"":""98ac865d-3446-4204-8b6f-837e63498101"",""deployment"":""dcdde22b-483f-4551-bfa8-a8ad23f2f868"",""replica"":""d74614c5-3877-4710-a4a1-8f41af3269ac""}",2026-07-28T14:54:29.610636663Z
"	    id          UUID PRIMARY KEY DEFAULT extensions.uuid_generate_v4(),",error,"{""level"":""error""}","{""project"":""e40824fb-b871-4f4a-bbd4-dc97257175b5"",""environment"":""71fe69c0-317e-4401-83e8-167236953714"",""service"":""98ac865d-3446-4204-8b6f-837e63498101"",""deployment"":""dcdde22b-483f-4551-bfa8-a8ad23f2f868"",""replica"":""d74614c5-3877-4710-a4a1-8f41af3269ac""}",2026-07-28T14:54:29.610636793Z
"	    avatar_url          TEXT,",error,"{""level"":""error""}","{""project"":""e40824fb-b871-4f4a-bbd4-dc97257175b5"",""environment"":""71fe69c0-317e-4401-83e8-167236953714"",""service"":""98ac865d-3446-4204-8b6f-837e63498101"",""deployment"":""dcdde22b-483f-4551-bfa8-a8ad23f2f868"",""replica"":""d74614c5-3877-4710-a4a1-8f41af3269ac""}",2026-07-28T14:54:29.610644303Z
"	    code        TEXT NOT NULL UNIQUE,",error,"{""level"":""error""}","{""project"":""e40824fb-b871-4f4a-bbd4-dc97257175b5"",""environment"":""71fe69c0-317e-4401-83e8-167236953714"",""service"":""98ac865d-3446-4204-8b6f-837e63498101"",""deployment"":""dcdde22b-483f-4551-bfa8-a8ad23f2f868"",""replica"":""d74614c5-3877-4710-a4a1-8f41af3269ac""}",2026-07-28T14:54:29.610644593Z
"	    phone               TEXT,",error,"{""level"":""error""}","{""project"":""e40824fb-b871-4f4a-bbd4-dc97257175b5"",""environment"":""71fe69c0-317e-4401-83e8-167236953714"",""service"":""98ac865d-3446-4204-8b6f-837e63498101"",""deployment"":""dcdde22b-483f-4551-bfa8-a8ad23f2f868"",""replica"":""d74614c5-3877-4710-a4a1-8f41af3269ac""}",2026-07-28T14:54:29.610649193Z
"	    job_title           TEXT,",error,"{""level"":""error""}","{""project"":""e40824fb-b871-4f4a-bbd4-dc97257175b5"",""environment"":""71fe69c0-317e-4401-83e8-167236953714"",""service"":""98ac865d-3446-4204-8b6f-837e63498101"",""deployment"":""dcdde22b-483f-4551-bfa8-a8ad23f2f868"",""replica"":""d74614c5-3877-4710-a4a1-8f41af3269ac""}",2026-07-28T14:54:29.610652053Z
"	    primary_bu_id       UUID REFERENCES business_units(id) ON DELETE SET NULL,",error,"{""level"":""error""}","{""project"":""e40824fb-b871-4f4a-bbd4-dc97257175b5"",""environment"":""71fe69c0-317e-4401-83e8-167236953714"",""service"":""98ac865d-3446-4204-8b6f-837e63498101"",""deployment"":""dcdde22b-483f-4551-bfa8-a8ad23f2f868"",""replica"":""d74614c5-3877-4710-a4a1-8f41af3269ac""}",2026-07-28T14:54:29.610654903Z
"	    status              user_status NOT NULL DEFAULT 'invited',",error,"{""level"":""error""}","{""project"":""e40824fb-b871-4f4a-bbd4-dc97257175b5"",""environment"":""71fe69c0-317e-4401-83e8-167236953714"",""service"":""98ac865d-3446-4204-8b6f-837e63498101"",""deployment"":""dcdde22b-483f-4551-bfa8-a8ad23f2f868"",""replica"":""d74614c5-3877-4710-a4a1-8f41af3269ac""}",2026-07-28T14:54:29.610657423Z
"	    locale              TEXT NOT NULL DEFAULT 'es-VE',",error,"{""level"":""error""}","{""project"":""e40824fb-b871-4f4a-bbd4-dc97257175b5"",""environment"":""71fe69c0-317e-4401-83e8-167236953714"",""service"":""98ac865d-3446-4204-8b6f-837e63498101"",""deployment"":""dcdde22b-483f-4551-bfa8-a8ad23f2f868"",""replica"":""d74614c5-3877-4710-a4a1-8f41af3269ac""}",2026-07-28T14:54:29.610660072Z
"	    timezone            TEXT NOT NULL DEFAULT 'America/Caracas',",error,"{""level"":""error""}","{""project"":""e40824fb-b871-4f4a-bbd4-dc97257175b5"",""environment"":""71fe69c0-317e-4401-83e8-167236953714"",""service"":""98ac865d-3446-4204-8b6f-837e63498101"",""deployment"":""dcdde22b-483f-4551-bfa8-a8ad23f2f868"",""replica"":""d74614c5-3877-4710-a4a1-8f41af3269ac""}",2026-07-28T14:54:29.610662832Z
"	    metadata            JSONB NOT NULL DEFAULT '{}'::jsonb,",error,"{""level"":""error""}","{""project"":""e40824fb-b871-4f4a-bbd4-dc97257175b5"",""environment"":""71fe69c0-317e-4401-83e8-167236953714"",""service"":""98ac865d-3446-4204-8b6f-837e63498101"",""deployment"":""dcdde22b-483f-4551-bfa8-a8ad23f2f868"",""replica"":""d74614c5-3877-4710-a4a1-8f41af3269ac""}",2026-07-28T14:54:29.610665752Z
"	    last_login_at       TIMESTAMPTZ,",error,"{""level"":""error""}","{""project"":""e40824fb-b871-4f4a-bbd4-dc97257175b5"",""environment"":""71fe69c0-317e-4401-83e8-167236953714"",""service"":""98ac865d-3446-4204-8b6f-837e63498101"",""deployment"":""dcdde22b-483f-4551-bfa8-a8ad23f2f868"",""replica"":""d74614c5-3877-4710-a4a1-8f41af3269ac""}",2026-07-28T14:54:29.610669002Z
"	    created_at          TIMESTAMPTZ NOT NULL DEFAULT NOW(),",error,"{""level"":""error""}","{""project"":""e40824fb-b871-4f4a-bbd4-dc97257175b5"",""environment"":""71fe69c0-317e-4401-83e8-167236953714"",""service"":""98ac865d-3446-4204-8b6f-837e63498101"",""deployment"":""dcdde22b-483f-4551-bfa8-a8ad23f2f868"",""replica"":""d74614c5-3877-4710-a4a1-8f41af3269ac""}",2026-07-28T14:54:29.610671732Z
	    updated_at          TIMESTAMPTZ NOT NULL DEFAULT NOW(),error,"{""level"":""error""}","{""project"":""e40824fb-b871-4f4a-bbd4-dc97257175b5"",""environment"":""71fe69c0-317e-4401-83e8-167236953714"",""service"":""98ac865d-3446-4204-8b6f-837e63498101"",""deployment"":""dcdde22b-483f-4551-bfa8-a8ad23f2f868"",""replica"":""d74614c5-3877-4710-a4a1-8f41af3269ac""}",2026-07-28T14:54:29.610674612Z
	);,error,"{""level"":""error""}","{""project"":""e40824fb-b871-4f4a-bbd4-dc97257175b5"",""environment"":""71fe69c0-317e-4401-83e8-167236953714"",""service"":""98ac865d-3446-4204-8b6f-837e63498101"",""deployment"":""dcdde22b-483f-4551-bfa8-a8ad23f2f868"",""replica"":""d74614c5-3877-4710-a4a1-8f41af3269ac""}",2026-07-28T14:54:29.610676962Z
	,error,"{""level"":""error""}","{""project"":""e40824fb-b871-4f4a-bbd4-dc97257175b5"",""environment"":""71fe69c0-317e-4401-83e8-167236953714"",""service"":""98ac865d-3446-4204-8b6f-837e63498101"",""deployment"":""dcdde22b-483f-4551-bfa8-a8ad23f2f868"",""replica"":""d74614c5-3877-4710-a4a1-8f41af3269ac""}",2026-07-28T14:54:29.610679562Z
	CREATE INDEX IF NOT EXISTS idx_users_primary_bu ON users(primary_bu_id);,error,"{""level"":""error""}","{""project"":""e40824fb-b871-4f4a-bbd4-dc97257175b5"",""environment"":""71fe69c0-317e-4401-83e8-167236953714"",""service"":""98ac865d-3446-4204-8b6f-837e63498101"",""deployment"":""dcdde22b-483f-4551-bfa8-a8ad23f2f868"",""replica"":""d74614c5-3877-4710-a4a1-8f41af3269ac""}",2026-07-28T14:54:29.610682322Z
	,error,"{""level"":""error""}","{""project"":""e40824fb-b871-4f4a-bbd4-dc97257175b5"",""environment"":""71fe69c0-317e-4401-83e8-167236953714"",""service"":""98ac865d-3446-4204-8b6f-837e63498101"",""deployment"":""dcdde22b-483f-4551-bfa8-a8ad23f2f868"",""replica"":""d74614c5-3877-4710-a4a1-8f41af3269ac""}",2026-07-28T14:54:29.611703889Z
"	    name        TEXT NOT NULL,",error,"{""level"":""error""}","{""project"":""e40824fb-b871-4f4a-bbd4-dc97257175b5"",""environment"":""71fe69c0-317e-4401-83e8-167236953714"",""service"":""98ac865d-3446-4204-8b6f-837e63498101"",""deployment"":""dcdde22b-483f-4551-bfa8-a8ad23f2f868"",""replica"":""d74614c5-3877-4710-a4a1-8f41af3269ac""}",2026-07-28T14:54:29.611704239Z
"	    description TEXT,",error,"{""level"":""error""}","{""project"":""e40824fb-b871-4f4a-bbd4-dc97257175b5"",""environment"":""71fe69c0-317e-4401-83e8-167236953714"",""service"":""98ac865d-3446-4204-8b6f-837e63498101"",""deployment"":""dcdde22b-483f-4551-bfa8-a8ad23f2f868"",""replica"":""d74614c5-3877-4710-a4a1-8f41af3269ac""}",2026-07-28T14:54:29.611710749Z
	CREATE TABLE IF NOT EXISTS role_permissions (,error,"{""level"":""error""}","{""project"":""e40824fb-b871-4f4a-bbd4-dc97257175b5"",""environment"":""71fe69c0-317e-4401-83e8-167236953714"",""service"":""98ac865d-3446-4204-8b6f-837e63498101"",""deployment"":""dcdde22b-483f-4551-bfa8-a8ad23f2f868"",""replica"":""d74614c5-3877-4710-a4a1-8f41af3269ac""}",2026-07-28T14:54:29.611713229Z
"	    is_system   BOOLEAN NOT NULL DEFAULT FALSE,",error,"{""level"":""error""}","{""project"":""e40824fb-b871-4f4a-bbd4-dc97257175b5"",""environment"":""71fe69c0-317e-4401-83e8-167236953714"",""service"":""98ac865d-3446-4204-8b6f-837e63498101"",""deployment"":""dcdde22b-483f-4551-bfa8-a8ad23f2f868"",""replica"":""d74614c5-3877-4710-a4a1-8f41af3269ac""}",2026-07-28T14:54:29.611716439Z
"	    is_active   BOOLEAN NOT NULL DEFAULT TRUE,",error,"{""level"":""error""}","{""project"":""e40824fb-b871-4f4a-bbd4-dc97257175b5"",""environment"":""71fe69c0-317e-4401-83e8-167236953714"",""service"":""98ac865d-3446-4204-8b6f-837e63498101"",""deployment"":""dcdde22b-483f-4551-bfa8-a8ad23f2f868"",""replica"":""d74614c5-3877-4710-a4a1-8f41af3269ac""}",2026-07-28T14:54:29.611721229Z
"	    role_id       UUID NOT NULL REFERENCES roles(id) ON DELETE CASCADE,",error,"{""level"":""error""}","{""project"":""e40824fb-b871-4f4a-bbd4-dc97257175b5"",""environment"":""71fe69c0-317e-4401-83e8-167236953714"",""service"":""98ac865d-3446-4204-8b6f-837e63498101"",""deployment"":""dcdde22b-483f-4551-bfa8-a8ad23f2f868"",""replica"":""d74614c5-3877-4710-a4a1-8f41af3269ac""}",2026-07-28T14:54:29.611724689Z
"	    created_at  TIMESTAMPTZ NOT NULL DEFAULT NOW(),",error,"{""level"":""error""}","{""project"":""e40824fb-b871-4f4a-bbd4-dc97257175b5"",""environment"":""71fe69c0-317e-4401-83e8-167236953714"",""service"":""98ac865d-3446-4204-8b6f-837e63498101"",""deployment"":""dcdde22b-483f-4551-bfa8-a8ad23f2f868"",""replica"":""d74614c5-3877-4710-a4a1-8f41af3269ac""}",2026-07-28T14:54:29.611726949Z
	    updated_at  TIMESTAMPTZ NOT NULL DEFAULT NOW(),error,"{""level"":""error""}","{""project"":""e40824fb-b871-4f4a-bbd4-dc97257175b5"",""environment"":""71fe69c0-317e-4401-83e8-167236953714"",""service"":""98ac865d-3446-4204-8b6f-837e63498101"",""deployment"":""dcdde22b-483f-4551-bfa8-a8ad23f2f868"",""replica"":""d74614c5-3877-4710-a4a1-8f41af3269ac""}",2026-07-28T14:54:29.611733849Z
"	    permission_id UUID NOT NULL REFERENCES permissions(id) ON DELETE CASCADE,",error,"{""level"":""error""}","{""project"":""e40824fb-b871-4f4a-bbd4-dc97257175b5"",""environment"":""71fe69c0-317e-4401-83e8-167236953714"",""service"":""98ac865d-3446-4204-8b6f-837e63498101"",""deployment"":""dcdde22b-483f-4551-bfa8-a8ad23f2f868"",""replica"":""d74614c5-3877-4710-a4a1-8f41af3269ac""}",2026-07-28T14:54:29.611733999Z
	);,error,"{""level"":""error""}","{""project"":""e40824fb-b871-4f4a-bbd4-dc97257175b5"",""environment"":""71fe69c0-317e-4401-83e8-167236953714"",""service"":""98ac865d-3446-4204-8b6f-837e63498101"",""deployment"":""dcdde22b-483f-4551-bfa8-a8ad23f2f868"",""replica"":""d74614c5-3877-4710-a4a1-8f41af3269ac""}",2026-07-28T14:54:29.611739549Z
"	    created_at    TIMESTAMPTZ NOT NULL DEFAULT NOW(),",error,"{""level"":""error""}","{""project"":""e40824fb-b871-4f4a-bbd4-dc97257175b5"",""environment"":""71fe69c0-317e-4401-83e8-167236953714"",""service"":""98ac865d-3446-4204-8b6f-837e63498101"",""deployment"":""dcdde22b-483f-4551-bfa8-a8ad23f2f868"",""replica"":""d74614c5-3877-4710-a4a1-8f41af3269ac""}",2026-07-28T14:54:29.611742859Z
	,error,"{""level"":""error""}","{""project"":""e40824fb-b871-4f4a-bbd4-dc97257175b5"",""environment"":""71fe69c0-317e-4401-83e8-167236953714"",""service"":""98ac865d-3446-4204-8b6f-837e63498101"",""deployment"":""dcdde22b-483f-4551-bfa8-a8ad23f2f868"",""replica"":""d74614c5-3877-4710-a4a1-8f41af3269ac""}",2026-07-28T14:54:29.611745329Z
"	    PRIMARY KEY (role_id, permission_id)",error,"{""level"":""error""}","{""project"":""e40824fb-b871-4f4a-bbd4-dc97257175b5"",""environment"":""71fe69c0-317e-4401-83e8-167236953714"",""service"":""98ac865d-3446-4204-8b6f-837e63498101"",""deployment"":""dcdde22b-483f-4551-bfa8-a8ad23f2f868"",""replica"":""d74614c5-3877-4710-a4a1-8f41af3269ac""}",2026-07-28T14:54:29.611751489Z
	CREATE TABLE IF NOT EXISTS permissions (,error,"{""level"":""error""}","{""project"":""e40824fb-b871-4f4a-bbd4-dc97257175b5"",""environment"":""71fe69c0-317e-4401-83e8-167236953714"",""service"":""98ac865d-3446-4204-8b6f-837e63498101"",""deployment"":""dcdde22b-483f-4551-bfa8-a8ad23f2f868"",""replica"":""d74614c5-3877-4710-a4a1-8f41af3269ac""}",2026-07-28T14:54:29.611751659Z
"	    id          UUID PRIMARY KEY DEFAULT extensions.uuid_generate_v4(),",error,"{""level"":""error""}","{""project"":""e40824fb-b871-4f4a-bbd4-dc97257175b5"",""environment"":""71fe69c0-317e-4401-83e8-167236953714"",""service"":""98ac865d-3446-4204-8b6f-837e63498101"",""deployment"":""dcdde22b-483f-4551-bfa8-a8ad23f2f868"",""replica"":""d74614c5-3877-4710-a4a1-8f41af3269ac""}",2026-07-28T14:54:29.611757829Z
	);,error,"{""level"":""error""}","{""project"":""e40824fb-b871-4f4a-bbd4-dc97257175b5"",""environment"":""71fe69c0-317e-4401-83e8-167236953714"",""service"":""98ac865d-3446-4204-8b6f-837e63498101"",""deployment"":""dcdde22b-483f-4551-bfa8-a8ad23f2f868"",""replica"":""d74614c5-3877-4710-a4a1-8f41af3269ac""}",2026-07-28T14:54:29.611759989Z
"	    code        TEXT NOT NULL UNIQUE,",error,"{""level"":""error""}","{""project"":""e40824fb-b871-4f4a-bbd4-dc97257175b5"",""environment"":""71fe69c0-317e-4401-83e8-167236953714"",""service"":""98ac865d-3446-4204-8b6f-837e63498101"",""deployment"":""dcdde22b-483f-4551-bfa8-a8ad23f2f868"",""replica"":""d74614c5-3877-4710-a4a1-8f41af3269ac""}",2026-07-28T14:54:29.611764208Z
	,error,"{""level"":""error""}","{""project"":""e40824fb-b871-4f4a-bbd4-dc97257175b5"",""environment"":""71fe69c0-317e-4401-83e8-167236953714"",""service"":""98ac865d-3446-4204-8b6f-837e63498101"",""deployment"":""dcdde22b-483f-4551-bfa8-a8ad23f2f868"",""replica"":""d74614c5-3877-4710-a4a1-8f41af3269ac""}",2026-07-28T14:54:29.611768438Z
"	    resource    TEXT NOT NULL,",error,"{""level"":""error""}","{""project"":""e40824fb-b871-4f4a-bbd4-dc97257175b5"",""environment"":""71fe69c0-317e-4401-83e8-167236953714"",""service"":""98ac865d-3446-4204-8b6f-837e63498101"",""deployment"":""dcdde22b-483f-4551-bfa8-a8ad23f2f868"",""replica"":""d74614c5-3877-4710-a4a1-8f41af3269ac""}",2026-07-28T14:54:29.611770788Z
	CREATE TABLE IF NOT EXISTS user_roles (,error,"{""level"":""error""}","{""project"":""e40824fb-b871-4f4a-bbd4-dc97257175b5"",""environment"":""71fe69c0-317e-4401-83e8-167236953714"",""service"":""98ac865d-3446-4204-8b6f-837e63498101"",""deployment"":""dcdde22b-483f-4551-bfa8-a8ad23f2f868"",""replica"":""d74614c5-3877-4710-a4a1-8f41af3269ac""}",2026-07-28T14:54:29.611775978Z
"	    action      TEXT NOT NULL,",error,"{""level"":""error""}","{""project"":""e40824fb-b871-4f4a-bbd4-dc97257175b5"",""environment"":""71fe69c0-317e-4401-83e8-167236953714"",""service"":""98ac865d-3446-4204-8b6f-837e63498101"",""deployment"":""dcdde22b-483f-4551-bfa8-a8ad23f2f868"",""replica"":""d74614c5-3877-4710-a4a1-8f41af3269ac""}",2026-07-28T14:54:29.611778928Z
"	    description TEXT,",error,"{""level"":""error""}","{""project"":""e40824fb-b871-4f4a-bbd4-dc97257175b5"",""environment"":""71fe69c0-317e-4401-83e8-167236953714"",""service"":""98ac865d-3446-4204-8b6f-837e63498101"",""deployment"":""dcdde22b-483f-4551-bfa8-a8ad23f2f868"",""replica"":""d74614c5-3877-4710-a4a1-8f41af3269ac""}",2026-07-28T14:54:29.611782008Z
	    created_at  TIMESTAMPTZ NOT NULL DEFAULT NOW(),error,"{""level"":""error""}","{""project"":""e40824fb-b871-4f4a-bbd4-dc97257175b5"",""environment"":""71fe69c0-317e-4401-83e8-167236953714"",""service"":""98ac865d-3446-4204-8b6f-837e63498101"",""deployment"":""dcdde22b-483f-4551-bfa8-a8ad23f2f868"",""replica"":""d74614c5-3877-4710-a4a1-8f41af3269ac""}",2026-07-28T14:54:29.611784548Z
	);,error,"{""level"":""error""}","{""project"":""e40824fb-b871-4f4a-bbd4-dc97257175b5"",""environment"":""71fe69c0-317e-4401-83e8-167236953714"",""service"":""98ac865d-3446-4204-8b6f-837e63498101"",""deployment"":""dcdde22b-483f-4551-bfa8-a8ad23f2f868"",""replica"":""d74614c5-3877-4710-a4a1-8f41af3269ac""}",2026-07-28T14:54:29.611787068Z
"	    id              UUID PRIMARY KEY DEFAULT extensions.uuid_generate_v4(),",error,"{""level"":""error""}","{""project"":""e40824fb-b871-4f4a-bbd4-dc97257175b5"",""environment"":""71fe69c0-317e-4401-83e8-167236953714"",""service"":""98ac865d-3446-4204-8b6f-837e63498101"",""deployment"":""dcdde22b-483f-4551-bfa8-a8ad23f2f868"",""replica"":""d74614c5-3877-4710-a4a1-8f41af3269ac""}",2026-07-28T14:54:29.612737276Z
"	    user_id         UUID NOT NULL REFERENCES users(id) ON DELETE CASCADE,",error,"{""level"":""error""}","{""project"":""e40824fb-b871-4f4a-bbd4-dc97257175b5"",""environment"":""71fe69c0-317e-4401-83e8-167236953714"",""service"":""98ac865d-3446-4204-8b6f-837e63498101"",""deployment"":""dcdde22b-483f-4551-bfa8-a8ad23f2f868"",""replica"":""d74614c5-3877-4710-a4a1-8f41af3269ac""}",2026-07-28T14:54:29.612744066Z
	    updated_at      TIMESTAMPTZ NOT NULL DEFAULT NOW(),error,"{""level"":""error""}","{""project"":""e40824fb-b871-4f4a-bbd4-dc97257175b5"",""environment"":""71fe69c0-317e-4401-83e8-167236953714"",""service"":""98ac865d-3446-4204-8b6f-837e63498101"",""deployment"":""dcdde22b-483f-4551-bfa8-a8ad23f2f868"",""replica"":""d74614c5-3877-4710-a4a1-8f41af3269ac""}",2026-07-28T14:54:29.612747626Z
"	    name            TEXT NOT NULL,",error,"{""level"":""error""}","{""project"":""e40824fb-b871-4f4a-bbd4-dc97257175b5"",""environment"":""71fe69c0-317e-4401-83e8-167236953714"",""service"":""98ac865d-3446-4204-8b6f-837e63498101"",""deployment"":""dcdde22b-483f-4551-bfa8-a8ad23f2f868"",""replica"":""d74614c5-3877-4710-a4a1-8f41af3269ac""}",2026-07-28T14:54:29.612751326Z
"	    role_id         UUID NOT NULL REFERENCES roles(id) ON DELETE RESTRICT,",error,"{""level"":""error""}","{""project"":""e40824fb-b871-4f4a-bbd4-dc97257175b5"",""environment"":""71fe69c0-317e-4401-83e8-167236953714"",""service"":""98ac865d-3446-4204-8b6f-837e63498101"",""deployment"":""dcdde22b-483f-4551-bfa8-a8ad23f2f868"",""replica"":""d74614c5-3877-4710-a4a1-8f41af3269ac""}",2026-07-28T14:54:29.612752086Z
"	    business_unit_id UUID REFERENCES business_units(id) ON DELETE CASCADE,",error,"{""level"":""error""}","{""project"":""e40824fb-b871-4f4a-bbd4-dc97257175b5"",""environment"":""71fe69c0-317e-4401-83e8-167236953714"",""service"":""98ac865d-3446-4204-8b6f-837e63498101"",""deployment"":""dcdde22b-483f-4551-bfa8-a8ad23f2f868"",""replica"":""d74614c5-3877-4710-a4a1-8f41af3269ac""}",2026-07-28T14:54:29.612756656Z
"	    description     TEXT,",error,"{""level"":""error""}","{""project"":""e40824fb-b871-4f4a-bbd4-dc97257175b5"",""environment"":""71fe69c0-317e-4401-83e8-167236953714"",""service"":""98ac865d-3446-4204-8b6f-837e63498101"",""deployment"":""dcdde22b-483f-4551-bfa8-a8ad23f2f868"",""replica"":""d74614c5-3877-4710-a4a1-8f41af3269ac""}",2026-07-28T14:54:29.612760726Z
"	    granted_by      UUID REFERENCES users(id) ON DELETE SET NULL,",error,"{""level"":""error""}","{""project"":""e40824fb-b871-4f4a-bbd4-dc97257175b5"",""environment"":""71fe69c0-317e-4401-83e8-167236953714"",""service"":""98ac865d-3446-4204-8b6f-837e63498101"",""deployment"":""dcdde22b-483f-4551-bfa8-a8ad23f2f868"",""replica"":""d74614c5-3877-4710-a4a1-8f41af3269ac""}",2026-07-28T14:54:29.612763126Z
"	    granted_at      TIMESTAMPTZ NOT NULL DEFAULT NOW(),",error,"{""level"":""error""}","{""project"":""e40824fb-b871-4f4a-bbd4-dc97257175b5"",""environment"":""71fe69c0-317e-4401-83e8-167236953714"",""service"":""98ac865d-3446-4204-8b6f-837e63498101"",""deployment"":""dcdde22b-483f-4551-bfa8-a8ad23f2f868"",""replica"":""d74614c5-3877-4710-a4a1-8f41af3269ac""}",2026-07-28T14:54:29.612769696Z
"	    is_active       BOOLEAN NOT NULL DEFAULT TRUE,",error,"{""level"":""error""}","{""project"":""e40824fb-b871-4f4a-bbd4-dc97257175b5"",""environment"":""71fe69c0-317e-4401-83e8-167236953714"",""service"":""98ac865d-3446-4204-8b6f-837e63498101"",""deployment"":""dcdde22b-483f-4551-bfa8-a8ad23f2f868"",""replica"":""d74614c5-3877-4710-a4a1-8f41af3269ac""}",2026-07-28T14:54:29.612769906Z
"	    expires_at      TIMESTAMPTZ,",error,"{""level"":""error""}","{""project"":""e40824fb-b871-4f4a-bbd4-dc97257175b5"",""environment"":""71fe69c0-317e-4401-83e8-167236953714"",""service"":""98ac865d-3446-4204-8b6f-837e63498101"",""deployment"":""dcdde22b-483f-4551-bfa8-a8ad23f2f868"",""replica"":""d74614c5-3877-4710-a4a1-8f41af3269ac""}",2026-07-28T14:54:29.612777656Z
"	    created_at      TIMESTAMPTZ NOT NULL DEFAULT NOW(),",error,"{""level"":""error""}","{""project"":""e40824fb-b871-4f4a-bbd4-dc97257175b5"",""environment"":""71fe69c0-317e-4401-83e8-167236953714"",""service"":""98ac865d-3446-4204-8b6f-837e63498101"",""deployment"":""dcdde22b-483f-4551-bfa8-a8ad23f2f868"",""replica"":""d74614c5-3877-4710-a4a1-8f41af3269ac""}",2026-07-28T14:54:29.612777846Z
"	    UNIQUE (user_id, role_id, business_unit_id)",error,"{""level"":""error""}","{""project"":""e40824fb-b871-4f4a-bbd4-dc97257175b5"",""environment"":""71fe69c0-317e-4401-83e8-167236953714"",""service"":""98ac865d-3446-4204-8b6f-837e63498101"",""deployment"":""dcdde22b-483f-4551-bfa8-a8ad23f2f868"",""replica"":""d74614c5-3877-4710-a4a1-8f41af3269ac""}",2026-07-28T14:54:29.612783216Z
	);,error,"{""level"":""error""}","{""project"":""e40824fb-b871-4f4a-bbd4-dc97257175b5"",""environment"":""71fe69c0-317e-4401-83e8-167236953714"",""service"":""98ac865d-3446-4204-8b6f-837e63498101"",""deployment"":""dcdde22b-483f-4551-bfa8-a8ad23f2f868"",""replica"":""d74614c5-3877-4710-a4a1-8f41af3269ac""}",2026-07-28T14:54:29.612786276Z
	,error,"{""level"":""error""}","{""project"":""e40824fb-b871-4f4a-bbd4-dc97257175b5"",""environment"":""71fe69c0-317e-4401-83e8-167236953714"",""service"":""98ac865d-3446-4204-8b6f-837e63498101"",""deployment"":""dcdde22b-483f-4551-bfa8-a8ad23f2f868"",""replica"":""d74614c5-3877-4710-a4a1-8f41af3269ac""}",2026-07-28T14:54:29.612788986Z
	CREATE INDEX IF NOT EXISTS idx_user_roles_user ON user_roles(user_id);,error,"{""level"":""error""}","{""project"":""e40824fb-b871-4f4a-bbd4-dc97257175b5"",""environment"":""71fe69c0-317e-4401-83e8-167236953714"",""service"":""98ac865d-3446-4204-8b6f-837e63498101"",""deployment"":""dcdde22b-483f-4551-bfa8-a8ad23f2f868"",""replica"":""d74614c5-3877-4710-a4a1-8f41af3269ac""}",2026-07-28T14:54:29.612793385Z
	CREATE INDEX IF NOT EXISTS idx_user_roles_role ON user_roles(role_id);,error,"{""level"":""error""}","{""project"":""e40824fb-b871-4f4a-bbd4-dc97257175b5"",""environment"":""71fe69c0-317e-4401-83e8-167236953714"",""service"":""98ac865d-3446-4204-8b6f-837e63498101"",""deployment"":""dcdde22b-483f-4551-bfa8-a8ad23f2f868"",""replica"":""d74614c5-3877-4710-a4a1-8f41af3269ac""}",2026-07-28T14:54:29.612795945Z
	CREATE INDEX IF NOT EXISTS idx_user_roles_bu ON user_roles(business_unit_id);,error,"{""level"":""error""}","{""project"":""e40824fb-b871-4f4a-bbd4-dc97257175b5"",""environment"":""71fe69c0-317e-4401-83e8-167236953714"",""service"":""98ac865d-3446-4204-8b6f-837e63498101"",""deployment"":""dcdde22b-483f-4551-bfa8-a8ad23f2f868"",""replica"":""d74614c5-3877-4710-a4a1-8f41af3269ac""}",2026-07-28T14:54:29.612798865Z
	,error,"{""level"":""error""}","{""project"":""e40824fb-b871-4f4a-bbd4-dc97257175b5"",""environment"":""71fe69c0-317e-4401-83e8-167236953714"",""service"":""98ac865d-3446-4204-8b6f-837e63498101"",""deployment"":""dcdde22b-483f-4551-bfa8-a8ad23f2f868"",""replica"":""d74614c5-3877-4710-a4a1-8f41af3269ac""}",2026-07-28T14:54:29.612801515Z
	CREATE TABLE IF NOT EXISTS teams (,error,"{""level"":""error""}","{""project"":""e40824fb-b871-4f4a-bbd4-dc97257175b5"",""environment"":""71fe69c0-317e-4401-83e8-167236953714"",""service"":""98ac865d-3446-4204-8b6f-837e63498101"",""deployment"":""dcdde22b-483f-4551-bfa8-a8ad23f2f868"",""replica"":""d74614c5-3877-4710-a4a1-8f41af3269ac""}",2026-07-28T14:54:29.612804375Z
"	    id              UUID PRIMARY KEY DEFAULT extensions.uuid_generate_v4(),",error,"{""level"":""error""}","{""project"":""e40824fb-b871-4f4a-bbd4-dc97257175b5"",""environment"":""71fe69c0-317e-4401-83e8-167236953714"",""service"":""98ac865d-3446-4204-8b6f-837e63498101"",""deployment"":""dcdde22b-483f-4551-bfa8-a8ad23f2f868"",""replica"":""d74614c5-3877-4710-a4a1-8f41af3269ac""}",2026-07-28T14:54:29.612806965Z
"	    business_unit_id UUID NOT NULL REFERENCES business_units(id) ON DELETE CASCADE,",error,"{""level"":""error""}","{""project"":""e40824fb-b871-4f4a-bbd4-dc97257175b5"",""environment"":""71fe69c0-317e-4401-83e8-167236953714"",""service"":""98ac865d-3446-4204-8b6f-837e63498101"",""deployment"":""dcdde22b-483f-4551-bfa8-a8ad23f2f868"",""replica"":""d74614c5-3877-4710-a4a1-8f41af3269ac""}",2026-07-28T14:54:29.612809915Z
"	GRANT SELECT, INSERT, UPDATE, DELETE ON ALL TABLES IN SCHEMA public TO PUBLIC;",error,"{""level"":""error""}","{""project"":""e40824fb-b871-4f4a-bbd4-dc97257175b5"",""environment"":""71fe69c0-317e-4401-83e8-167236953714"",""service"":""98ac865d-3446-4204-8b6f-837e63498101"",""deployment"":""dcdde22b-483f-4551-bfa8-a8ad23f2f868"",""replica"":""d74614c5-3877-4710-a4a1-8f41af3269ac""}",2026-07-28T14:54:29.614090169Z
	,error,"{""level"":""error""}","{""project"":""e40824fb-b871-4f4a-bbd4-dc97257175b5"",""environment"":""71fe69c0-317e-4401-83e8-167236953714"",""service"":""98ac865d-3446-4204-8b6f-837e63498101"",""deployment"":""dcdde22b-483f-4551-bfa8-a8ad23f2f868"",""replica"":""d74614c5-3877-4710-a4a1-8f41af3269ac""}",2026-07-28T14:54:29.614094449Z
	-- =============================================================================,error,"{""level"":""error""}","{""project"":""e40824fb-b871-4f4a-bbd4-dc97257175b5"",""environment"":""71fe69c0-317e-4401-83e8-167236953714"",""service"":""98ac865d-3446-4204-8b6f-837e63498101"",""deployment"":""dcdde22b-483f-4551-bfa8-a8ad23f2f868"",""replica"":""d74614c5-3877-4710-a4a1-8f41af3269ac""}",2026-07-28T14:54:29.614097779Z
	-- PHASE 4: Commercial Hierarchy (migration 0004 adapted),error,"{""level"":""error""}","{""project"":""e40824fb-b871-4f4a-bbd4-dc97257175b5"",""environment"":""71fe69c0-317e-4401-83e8-167236953714"",""service"":""98ac865d-3446-4204-8b6f-837e63498101"",""deployment"":""dcdde22b-483f-4551-bfa8-a8ad23f2f868"",""replica"":""d74614c5-3877-4710-a4a1-8f41af3269ac""}",2026-07-28T14:54:29.614101139Z
	-- =============================================================================,error,"{""level"":""error""}","{""project"":""e40824fb-b871-4f4a-bbd4-dc97257175b5"",""environment"":""71fe69c0-317e-4401-83e8-167236953714"",""service"":""98ac865d-3446-4204-8b6f-837e63498101"",""deployment"":""dcdde22b-483f-4551-bfa8-a8ad23f2f868"",""replica"":""d74614c5-3877-4710-a4a1-8f41af3269ac""}",2026-07-28T14:54:29.614104359Z
	);,error,"{""level"":""error""}","{""project"":""e40824fb-b871-4f4a-bbd4-dc97257175b5"",""environment"":""71fe69c0-317e-4401-83e8-167236953714"",""service"":""98ac865d-3446-4204-8b6f-837e63498101"",""deployment"":""dcdde22b-483f-4551-bfa8-a8ad23f2f868"",""replica"":""d74614c5-3877-4710-a4a1-8f41af3269ac""}",2026-07-28T14:54:29.614111969Z
	,error,"{""level"":""error""}","{""project"":""e40824fb-b871-4f4a-bbd4-dc97257175b5"",""environment"":""71fe69c0-317e-4401-83e8-167236953714"",""service"":""98ac865d-3446-4204-8b6f-837e63498101"",""deployment"":""dcdde22b-483f-4551-bfa8-a8ad23f2f868"",""replica"":""d74614c5-3877-4710-a4a1-8f41af3269ac""}",2026-07-28T14:54:29.614115879Z
	CREATE TABLE IF NOT EXISTS team_members (,error,"{""level"":""error""}","{""project"":""e40824fb-b871-4f4a-bbd4-dc97257175b5"",""environment"":""71fe69c0-317e-4401-83e8-167236953714"",""service"":""98ac865d-3446-4204-8b6f-837e63498101"",""deployment"":""dcdde22b-483f-4551-bfa8-a8ad23f2f868"",""replica"":""d74614c5-3877-4710-a4a1-8f41af3269ac""}",2026-07-28T14:54:29.614119618Z
"	    team_id    UUID NOT NULL REFERENCES teams(id) ON DELETE CASCADE,",error,"{""level"":""error""}","{""project"":""e40824fb-b871-4f4a-bbd4-dc97257175b5"",""environment"":""71fe69c0-317e-4401-83e8-167236953714"",""service"":""98ac865d-3446-4204-8b6f-837e63498101"",""deployment"":""dcdde22b-483f-4551-bfa8-a8ad23f2f868"",""replica"":""d74614c5-3877-4710-a4a1-8f41af3269ac""}",2026-07-28T14:54:29.614122908Z
"	    user_id    UUID NOT NULL REFERENCES users(id) ON DELETE CASCADE,",error,"{""level"":""error""}","{""project"":""e40824fb-b871-4f4a-bbd4-dc97257175b5"",""environment"":""71fe69c0-317e-4401-83e8-167236953714"",""service"":""98ac865d-3446-4204-8b6f-837e63498101"",""deployment"":""dcdde22b-483f-4551-bfa8-a8ad23f2f868"",""replica"":""d74614c5-3877-4710-a4a1-8f41af3269ac""}",2026-07-28T14:54:29.614126748Z
"	    role_in_team TEXT,",error,"{""level"":""error""}","{""project"":""e40824fb-b871-4f4a-bbd4-dc97257175b5"",""environment"":""71fe69c0-317e-4401-83e8-167236953714"",""service"":""98ac865d-3446-4204-8b6f-837e63498101"",""deployment"":""dcdde22b-483f-4551-bfa8-a8ad23f2f868"",""replica"":""d74614c5-3877-4710-a4a1-8f41af3269ac""}",2026-07-28T14:54:29.614131178Z
"	    joined_at  TIMESTAMPTZ NOT NULL DEFAULT NOW(),",error,"{""level"":""error""}","{""project"":""e40824fb-b871-4f4a-bbd4-dc97257175b5"",""environment"":""71fe69c0-317e-4401-83e8-167236953714"",""service"":""98ac865d-3446-4204-8b6f-837e63498101"",""deployment"":""dcdde22b-483f-4551-bfa8-a8ad23f2f868"",""replica"":""d74614c5-3877-4710-a4a1-8f41af3269ac""}",2026-07-28T14:54:29.614134338Z
"	    PRIMARY KEY (team_id, user_id)",error,"{""level"":""error""}","{""project"":""e40824fb-b871-4f4a-bbd4-dc97257175b5"",""environment"":""71fe69c0-317e-4401-83e8-167236953714"",""service"":""98ac865d-3446-4204-8b6f-837e63498101"",""deployment"":""dcdde22b-483f-4551-bfa8-a8ad23f2f868"",""replica"":""d74614c5-3877-4710-a4a1-8f41af3269ac""}",2026-07-28T14:54:29.614137668Z
	);,error,"{""level"":""error""}","{""project"":""e40824fb-b871-4f4a-bbd4-dc97257175b5"",""environment"":""71fe69c0-317e-4401-83e8-167236953714"",""service"":""98ac865d-3446-4204-8b6f-837e63498101"",""deployment"":""dcdde22b-483f-4551-bfa8-a8ad23f2f868"",""replica"":""d74614c5-3877-4710-a4a1-8f41af3269ac""}",2026-07-28T14:54:29.614141208Z
	,error,"{""level"":""error""}","{""project"":""e40824fb-b871-4f4a-bbd4-dc97257175b5"",""environment"":""71fe69c0-317e-4401-83e8-167236953714"",""service"":""98ac865d-3446-4204-8b6f-837e63498101"",""deployment"":""dcdde22b-483f-4551-bfa8-a8ad23f2f868"",""replica"":""d74614c5-3877-4710-a4a1-8f41af3269ac""}",2026-07-28T14:54:29.614144708Z
	CREATE TRIGGER trg_business_units_updated_at BEFORE UPDATE ON business_units,error,"{""level"":""error""}","{""project"":""e40824fb-b871-4f4a-bbd4-dc97257175b5"",""environment"":""71fe69c0-317e-4401-83e8-167236953714"",""service"":""98ac865d-3446-4204-8b6f-837e63498101"",""deployment"":""dcdde22b-483f-4551-bfa8-a8ad23f2f868"",""replica"":""d74614c5-3877-4710-a4a1-8f41af3269ac""}",2026-07-28T14:54:29.614147878Z
	    FOR EACH ROW EXECUTE FUNCTION public.set_updated_at();,error,"{""level"":""error""}","{""project"":""e40824fb-b871-4f4a-bbd4-dc97257175b5"",""environment"":""71fe69c0-317e-4401-83e8-167236953714"",""service"":""98ac865d-3446-4204-8b6f-837e63498101"",""deployment"":""dcdde22b-483f-4551-bfa8-a8ad23f2f868"",""replica"":""d74614c5-3877-4710-a4a1-8f41af3269ac""}",2026-07-28T14:54:29.614152408Z
	CREATE TRIGGER trg_users_updated_at BEFORE UPDATE ON users,error,"{""level"":""error""}","{""project"":""e40824fb-b871-4f4a-bbd4-dc97257175b5"",""environment"":""71fe69c0-317e-4401-83e8-167236953714"",""service"":""98ac865d-3446-4204-8b6f-837e63498101"",""deployment"":""dcdde22b-483f-4551-bfa8-a8ad23f2f868"",""replica"":""d74614c5-3877-4710-a4a1-8f41af3269ac""}",2026-07-28T14:54:29.614155738Z
	    FOR EACH ROW EXECUTE FUNCTION public.set_updated_at();,error,"{""level"":""error""}","{""project"":""e40824fb-b871-4f4a-bbd4-dc97257175b5"",""environment"":""71fe69c0-317e-4401-83e8-167236953714"",""service"":""98ac865d-3446-4204-8b6f-837e63498101"",""deployment"":""dcdde22b-483f-4551-bfa8-a8ad23f2f868"",""replica"":""d74614c5-3877-4710-a4a1-8f41af3269ac""}",2026-07-28T14:54:29.614159038Z
	CREATE TRIGGER trg_roles_updated_at BEFORE UPDATE ON roles,error,"{""level"":""error""}","{""project"":""e40824fb-b871-4f4a-bbd4-dc97257175b5"",""environment"":""71fe69c0-317e-4401-83e8-167236953714"",""service"":""98ac865d-3446-4204-8b6f-837e63498101"",""deployment"":""dcdde22b-483f-4551-bfa8-a8ad23f2f868"",""replica"":""d74614c5-3877-4710-a4a1-8f41af3269ac""}",2026-07-28T14:54:29.614162238Z
	    FOR EACH ROW EXECUTE FUNCTION public.set_updated_at();,error,"{""level"":""error""}","{""project"":""e40824fb-b871-4f4a-bbd4-dc97257175b5"",""environment"":""71fe69c0-317e-4401-83e8-167236953714"",""service"":""98ac865d-3446-4204-8b6f-837e63498101"",""deployment"":""dcdde22b-483f-4551-bfa8-a8ad23f2f868"",""replica"":""d74614c5-3877-4710-a4a1-8f41af3269ac""}",2026-07-28T14:54:29.614165298Z
	CREATE TRIGGER trg_teams_updated_at BEFORE UPDATE ON teams,error,"{""level"":""error""}","{""project"":""e40824fb-b871-4f4a-bbd4-dc97257175b5"",""environment"":""71fe69c0-317e-4401-83e8-167236953714"",""service"":""98ac865d-3446-4204-8b6f-837e63498101"",""deployment"":""dcdde22b-483f-4551-bfa8-a8ad23f2f868"",""replica"":""d74614c5-3877-4710-a4a1-8f41af3269ac""}",2026-07-28T14:54:29.614170018Z
	    FOR EACH ROW EXECUTE FUNCTION public.set_updated_at();,error,"{""level"":""error""}","{""project"":""e40824fb-b871-4f4a-bbd4-dc97257175b5"",""environment"":""71fe69c0-317e-4401-83e8-167236953714"",""service"":""98ac865d-3446-4204-8b6f-837e63498101"",""deployment"":""dcdde22b-483f-4551-bfa8-a8ad23f2f868"",""replica"":""d74614c5-3877-4710-a4a1-8f41af3269ac""}",2026-07-28T14:54:29.614173538Z
	,error,"{""level"":""error""}","{""project"":""e40824fb-b871-4f4a-bbd4-dc97257175b5"",""environment"":""71fe69c0-317e-4401-83e8-167236953714"",""service"":""98ac865d-3446-4204-8b6f-837e63498101"",""deployment"":""dcdde22b-483f-4551-bfa8-a8ad23f2f868"",""replica"":""d74614c5-3877-4710-a4a1-8f41af3269ac""}",2026-07-28T14:54:29.614176248Z
	,error,"{""level"":""error""}","{""project"":""e40824fb-b871-4f4a-bbd4-dc97257175b5"",""environment"":""71fe69c0-317e-4401-83e8-167236953714"",""service"":""98ac865d-3446-4204-8b6f-837e63498101"",""deployment"":""dcdde22b-483f-4551-bfa8-a8ad23f2f868"",""replica"":""d74614c5-3877-4710-a4a1-8f41af3269ac""}",2026-07-28T14:54:29.616401969Z
	CREATE TABLE IF NOT EXISTS clients (,error,"{""level"":""error""}","{""project"":""e40824fb-b871-4f4a-bbd4-dc97257175b5"",""environment"":""71fe69c0-317e-4401-83e8-167236953714"",""service"":""98ac865d-3446-4204-8b6f-837e63498101"",""deployment"":""dcdde22b-483f-4551-bfa8-a8ad23f2f868"",""replica"":""d74614c5-3877-4710-a4a1-8f41af3269ac""}",2026-07-28T14:54:29.616405729Z
"	    id              UUID PRIMARY KEY DEFAULT extensions.uuid_generate_v4(),",error,"{""level"":""error""}","{""project"":""e40824fb-b871-4f4a-bbd4-dc97257175b5"",""environment"":""71fe69c0-317e-4401-83e8-167236953714"",""service"":""98ac865d-3446-4204-8b6f-837e63498101"",""deployment"":""dcdde22b-483f-4551-bfa8-a8ad23f2f868"",""replica"":""d74614c5-3877-4710-a4a1-8f41af3269ac""}",2026-07-28T14:54:29.616408249Z
"	    code            TEXT NOT NULL UNIQUE,",error,"{""level"":""error""}","{""project"":""e40824fb-b871-4f4a-bbd4-dc97257175b5"",""environment"":""71fe69c0-317e-4401-83e8-167236953714"",""service"":""98ac865d-3446-4204-8b6f-837e63498101"",""deployment"":""dcdde22b-483f-4551-bfa8-a8ad23f2f868"",""replica"":""d74614c5-3877-4710-a4a1-8f41af3269ac""}",2026-07-28T14:54:29.616411499Z
"	    name            TEXT NOT NULL,",error,"{""level"":""error""}","{""project"":""e40824fb-b871-4f4a-bbd4-dc97257175b5"",""environment"":""71fe69c0-317e-4401-83e8-167236953714"",""service"":""98ac865d-3446-4204-8b6f-837e63498101"",""deployment"":""dcdde22b-483f-4551-bfa8-a8ad23f2f868"",""replica"":""d74614c5-3877-4710-a4a1-8f41af3269ac""}",2026-07-28T14:54:29.616414069Z
"	    legal_name      TEXT,",error,"{""level"":""error""}","{""project"":""e40824fb-b871-4f4a-bbd4-dc97257175b5"",""environment"":""71fe69c0-317e-4401-83e8-167236953714"",""service"":""98ac865d-3446-4204-8b6f-837e63498101"",""deployment"":""dcdde22b-483f-4551-bfa8-a8ad23f2f868"",""replica"":""d74614c5-3877-4710-a4a1-8f41af3269ac""}",2026-07-28T14:54:29.616416509Z
"	    tax_id          TEXT,",error,"{""level"":""error""}","{""project"":""e40824fb-b871-4f4a-bbd4-dc97257175b5"",""environment"":""71fe69c0-317e-4401-83e8-167236953714"",""service"":""98ac865d-3446-4204-8b6f-837e63498101"",""deployment"":""dcdde22b-483f-4551-bfa8-a8ad23f2f868"",""replica"":""d74614c5-3877-4710-a4a1-8f41af3269ac""}",2026-07-28T14:54:29.616419789Z
"	    industry        TEXT,",error,"{""level"":""error""}","{""project"":""e40824fb-b871-4f4a-bbd4-dc97257175b5"",""environment"":""71fe69c0-317e-4401-83e8-167236953714"",""service"":""98ac865d-3446-4204-8b6f-837e63498101"",""deployment"":""dcdde22b-483f-4551-bfa8-a8ad23f2f868"",""replica"":""d74614c5-3877-4710-a4a1-8f41af3269ac""}",2026-07-28T14:54:29.616422089Z
"	    website         TEXT,",error,"{""level"":""error""}","{""project"":""e40824fb-b871-4f4a-bbd4-dc97257175b5"",""environment"":""71fe69c0-317e-4401-83e8-167236953714"",""service"":""98ac865d-3446-4204-8b6f-837e63498101"",""deployment"":""dcdde22b-483f-4551-bfa8-a8ad23f2f868"",""replica"":""d74614c5-3877-4710-a4a1-8f41af3269ac""}",2026-07-28T14:54:29.616424339Z
"	    logo_url        TEXT,",error,"{""level"":""error""}","{""project"":""e40824fb-b871-4f4a-bbd4-dc97257175b5"",""environment"":""71fe69c0-317e-4401-83e8-167236953714"",""service"":""98ac865d-3446-4204-8b6f-837e63498101"",""deployment"":""dcdde22b-483f-4551-bfa8-a8ad23f2f868"",""replica"":""d74614c5-3877-4710-a4a1-8f41af3269ac""}",2026-07-28T14:54:29.616426529Z
"	    notes           TEXT,",error,"{""level"":""error""}","{""project"":""e40824fb-b871-4f4a-bbd4-dc97257175b5"",""environment"":""71fe69c0-317e-4401-83e8-167236953714"",""service"":""98ac865d-3446-4204-8b6f-837e63498101"",""deployment"":""dcdde22b-483f-4551-bfa8-a8ad23f2f868"",""replica"":""d74614c5-3877-4710-a4a1-8f41af3269ac""}",2026-07-28T14:54:29.616429199Z
"	    is_active       BOOLEAN NOT NULL DEFAULT TRUE,",error,"{""level"":""error""}","{""project"":""e40824fb-b871-4f4a-bbd4-dc97257175b5"",""environment"":""71fe69c0-317e-4401-83e8-167236953714"",""service"":""98ac865d-3446-4204-8b6f-837e63498101"",""deployment"":""dcdde22b-483f-4551-bfa8-a8ad23f2f868"",""replica"":""d74614c5-3877-4710-a4a1-8f41af3269ac""}",2026-07-28T14:54:29.616431459Z
"	    metadata        JSONB NOT NULL DEFAULT '{}'::jsonb,",error,"{""level"":""error""}","{""project"":""e40824fb-b871-4f4a-bbd4-dc97257175b5"",""environment"":""71fe69c0-317e-4401-83e8-167236953714"",""service"":""98ac865d-3446-4204-8b6f-837e63498101"",""deployment"":""dcdde22b-483f-4551-bfa8-a8ad23f2f868"",""replica"":""d74614c5-3877-4710-a4a1-8f41af3269ac""}",2026-07-28T14:54:29.616433939Z
"	    created_by      UUID REFERENCES users(id) ON DELETE SET NULL,",error,"{""level"":""error""}","{""project"":""e40824fb-b871-4f4a-bbd4-dc97257175b5"",""environment"":""71fe69c0-317e-4401-83e8-167236953714"",""service"":""98ac865d-3446-4204-8b6f-837e63498101"",""deployment"":""dcdde22b-483f-4551-bfa8-a8ad23f2f868"",""replica"":""d74614c5-3877-4710-a4a1-8f41af3269ac""}",2026-07-28T14:54:29.616436589Z
"	    created_at      TIMESTAMPTZ NOT NULL DEFAULT NOW(),",error,"{""level"":""error""}","{""project"":""e40824fb-b871-4f4a-bbd4-dc97257175b5"",""environment"":""71fe69c0-317e-4401-83e8-167236953714"",""service"":""98ac865d-3446-4204-8b6f-837e63498101"",""deployment"":""dcdde22b-483f-4551-bfa8-a8ad23f2f868"",""replica"":""d74614c5-3877-4710-a4a1-8f41af3269ac""}",2026-07-28T14:54:29.616438799Z
"	    updated_at      TIMESTAMPTZ NOT NULL DEFAULT NOW(),",error,"{""level"":""error""}","{""project"":""e40824fb-b871-4f4a-bbd4-dc97257175b5"",""environment"":""71fe69c0-317e-4401-83e8-167236953714"",""service"":""98ac865d-3446-4204-8b6f-837e63498101"",""deployment"":""dcdde22b-483f-4551-bfa8-a8ad23f2f868"",""replica"":""d74614c5-3877-4710-a4a1-8f41af3269ac""}",2026-07-28T14:54:29.616441569Z
	    deleted_at      TIMESTAMPTZ,error,"{""level"":""error""}","{""project"":""e40824fb-b871-4f4a-bbd4-dc97257175b5"",""environment"":""71fe69c0-317e-4401-83e8-167236953714"",""service"":""98ac865d-3446-4204-8b6f-837e63498101"",""deployment"":""dcdde22b-483f-4551-bfa8-a8ad23f2f868"",""replica"":""d74614c5-3877-4710-a4a1-8f41af3269ac""}",2026-07-28T14:54:29.616443699Z
	);,error,"{""level"":""error""}","{""project"":""e40824fb-b871-4f4a-bbd4-dc97257175b5"",""environment"":""71fe69c0-317e-4401-83e8-167236953714"",""service"":""98ac865d-3446-4204-8b6f-837e63498101"",""deployment"":""dcdde22b-483f-4551-bfa8-a8ad23f2f868"",""replica"":""d74614c5-3877-4710-a4a1-8f41af3269ac""}",2026-07-28T14:54:29.616446589Z
	CREATE INDEX IF NOT EXISTS idx_clients_active ON clients(is_active) WHERE deleted_at IS NULL;,error,"{""level"":""error""}","{""project"":""e40824fb-b871-4f4a-bbd4-dc97257175b5"",""environment"":""71fe69c0-317e-4401-83e8-167236953714"",""service"":""98ac865d-3446-4204-8b6f-837e63498101"",""deployment"":""dcdde22b-483f-4551-bfa8-a8ad23f2f868"",""replica"":""d74614c5-3877-4710-a4a1-8f41af3269ac""}",2026-07-28T14:54:29.616448779Z
	,error,"{""level"":""error""}","{""project"":""e40824fb-b871-4f4a-bbd4-dc97257175b5"",""environment"":""71fe69c0-317e-4401-83e8-167236953714"",""service"":""98ac865d-3446-4204-8b6f-837e63498101"",""deployment"":""dcdde22b-483f-4551-bfa8-a8ad23f2f868"",""replica"":""d74614c5-3877-4710-a4a1-8f41af3269ac""}",2026-07-28T14:54:29.616451019Z
	CREATE TABLE IF NOT EXISTS brands (,error,"{""level"":""error""}","{""project"":""e40824fb-b871-4f4a-bbd4-dc97257175b5"",""environment"":""71fe69c0-317e-4401-83e8-167236953714"",""service"":""98ac865d-3446-4204-8b6f-837e63498101"",""deployment"":""dcdde22b-483f-4551-bfa8-a8ad23f2f868"",""replica"":""d74614c5-3877-4710-a4a1-8f41af3269ac""}",2026-07-28T14:54:29.616453789Z
"	    id          UUID PRIMARY KEY DEFAULT extensions.uuid_generate_v4(),",error,"{""level"":""error""}","{""project"":""e40824fb-b871-4f4a-bbd4-dc97257175b5"",""environment"":""71fe69c0-317e-4401-83e8-167236953714"",""service"":""98ac865d-3446-4204-8b6f-837e63498101"",""deployment"":""dcdde22b-483f-4551-bfa8-a8ad23f2f868"",""replica"":""d74614c5-3877-4710-a4a1-8f41af3269ac""}",2026-07-28T14:54:29.616456179Z
"	    client_id   UUID NOT NULL REFERENCES clients(id) ON DELETE RESTRICT,",error,"{""level"":""error""}","{""project"":""e40824fb-b871-4f4a-bbd4-dc97257175b5"",""environment"":""71fe69c0-317e-4401-83e8-167236953714"",""service"":""98ac865d-3446-4204-8b6f-837e63498101"",""deployment"":""dcdde22b-483f-4551-bfa8-a8ad23f2f868"",""replica"":""d74614c5-3877-4710-a4a1-8f41af3269ac""}",2026-07-28T14:54:29.616458459Z
"	    code        TEXT NOT NULL,",error,"{""level"":""error""}","{""project"":""e40824fb-b871-4f4a-bbd4-dc97257175b5"",""environment"":""71fe69c0-317e-4401-83e8-167236953714"",""service"":""98ac865d-3446-4204-8b6f-837e63498101"",""deployment"":""dcdde22b-483f-4551-bfa8-a8ad23f2f868"",""replica"":""d74614c5-3877-4710-a4a1-8f41af3269ac""}",2026-07-28T14:54:29.616460649Z
"	    created_at  TIMESTAMPTZ NOT NULL DEFAULT NOW(),",error,"{""level"":""error""}","{""project"":""e40824fb-b871-4f4a-bbd4-dc97257175b5"",""environment"":""71fe69c0-317e-4401-83e8-167236953714"",""service"":""98ac865d-3446-4204-8b6f-837e63498101"",""deployment"":""dcdde22b-483f-4551-bfa8-a8ad23f2f868"",""replica"":""d74614c5-3877-4710-a4a1-8f41af3269ac""}",2026-07-28T14:54:29.617593814Z
"	    brand_id    UUID NOT NULL REFERENCES brands(id) ON DELETE CASCADE,",error,"{""level"":""error""}","{""project"":""e40824fb-b871-4f4a-bbd4-dc97257175b5"",""environment"":""71fe69c0-317e-4401-83e8-167236953714"",""service"":""98ac865d-3446-4204-8b6f-837e63498101"",""deployment"":""dcdde22b-483f-4551-bfa8-a8ad23f2f868"",""replica"":""d74614c5-3877-4710-a4a1-8f41af3269ac""}",2026-07-28T14:54:29.617598624Z
"	    name        TEXT NOT NULL,",error,"{""level"":""error""}","{""project"":""e40824fb-b871-4f4a-bbd4-dc97257175b5"",""environment"":""71fe69c0-317e-4401-83e8-167236953714"",""service"":""98ac865d-3446-4204-8b6f-837e63498101"",""deployment"":""dcdde22b-483f-4551-bfa8-a8ad23f2f868"",""replica"":""d74614c5-3877-4710-a4a1-8f41af3269ac""}",2026-07-28T14:54:29.617599384Z
	    updated_at  TIMESTAMPTZ NOT NULL DEFAULT NOW(),error,"{""level"":""error""}","{""project"":""e40824fb-b871-4f4a-bbd4-dc97257175b5"",""environment"":""71fe69c0-317e-4401-83e8-167236953714"",""service"":""98ac865d-3446-4204-8b6f-837e63498101"",""deployment"":""dcdde22b-483f-4551-bfa8-a8ad23f2f868"",""replica"":""d74614c5-3877-4710-a4a1-8f41af3269ac""}",2026-07-28T14:54:29.617600274Z
"	    full_name   TEXT NOT NULL,",error,"{""level"":""error""}","{""project"":""e40824fb-b871-4f4a-bbd4-dc97257175b5"",""environment"":""71fe69c0-317e-4401-83e8-167236953714"",""service"":""98ac865d-3446-4204-8b6f-837e63498101"",""deployment"":""dcdde22b-483f-4551-bfa8-a8ad23f2f868"",""replica"":""d74614c5-3877-4710-a4a1-8f41af3269ac""}",2026-07-28T14:54:29.617604794Z
	);,error,"{""level"":""error""}","{""project"":""e40824fb-b871-4f4a-bbd4-dc97257175b5"",""environment"":""71fe69c0-317e-4401-83e8-167236953714"",""service"":""98ac865d-3446-4204-8b6f-837e63498101"",""deployment"":""dcdde22b-483f-4551-bfa8-a8ad23f2f868"",""replica"":""d74614c5-3877-4710-a4a1-8f41af3269ac""}",2026-07-28T14:54:29.617606784Z
"	    email       TEXT,",error,"{""level"":""error""}","{""project"":""e40824fb-b871-4f4a-bbd4-dc97257175b5"",""environment"":""71fe69c0-317e-4401-83e8-167236953714"",""service"":""98ac865d-3446-4204-8b6f-837e63498101"",""deployment"":""dcdde22b-483f-4551-bfa8-a8ad23f2f868"",""replica"":""d74614c5-3877-4710-a4a1-8f41af3269ac""}",2026-07-28T14:54:29.617610514Z
	,error,"{""level"":""error""}","{""project"":""e40824fb-b871-4f4a-bbd4-dc97257175b5"",""environment"":""71fe69c0-317e-4401-83e8-167236953714"",""service"":""98ac865d-3446-4204-8b6f-837e63498101"",""deployment"":""dcdde22b-483f-4551-bfa8-a8ad23f2f868"",""replica"":""d74614c5-3877-4710-a4a1-8f41af3269ac""}",2026-07-28T14:54:29.617611074Z
"	    category    TEXT,",error,"{""level"":""error""}","{""project"":""e40824fb-b871-4f4a-bbd4-dc97257175b5"",""environment"":""71fe69c0-317e-4401-83e8-167236953714"",""service"":""98ac865d-3446-4204-8b6f-837e63498101"",""deployment"":""dcdde22b-483f-4551-bfa8-a8ad23f2f868"",""replica"":""d74614c5-3877-4710-a4a1-8f41af3269ac""}",2026-07-28T14:54:29.617611864Z
	CREATE TABLE IF NOT EXISTS client_contracts (,error,"{""level"":""error""}","{""project"":""e40824fb-b871-4f4a-bbd4-dc97257175b5"",""environment"":""71fe69c0-317e-4401-83e8-167236953714"",""service"":""98ac865d-3446-4204-8b6f-837e63498101"",""deployment"":""dcdde22b-483f-4551-bfa8-a8ad23f2f868"",""replica"":""d74614c5-3877-4710-a4a1-8f41af3269ac""}",2026-07-28T14:54:29.617615644Z
"	    phone       TEXT,",error,"{""level"":""error""}","{""project"":""e40824fb-b871-4f4a-bbd4-dc97257175b5"",""environment"":""71fe69c0-317e-4401-83e8-167236953714"",""service"":""98ac865d-3446-4204-8b6f-837e63498101"",""deployment"":""dcdde22b-483f-4551-bfa8-a8ad23f2f868"",""replica"":""d74614c5-3877-4710-a4a1-8f41af3269ac""}",2026-07-28T14:54:29.617615704Z
"	    logo_url    TEXT,",error,"{""level"":""error""}","{""project"":""e40824fb-b871-4f4a-bbd4-dc97257175b5"",""environment"":""71fe69c0-317e-4401-83e8-167236953714"",""service"":""98ac865d-3446-4204-8b6f-837e63498101"",""deployment"":""dcdde22b-483f-4551-bfa8-a8ad23f2f868"",""replica"":""d74614c5-3877-4710-a4a1-8f41af3269ac""}",2026-07-28T14:54:29.617619364Z
"	    job_title   TEXT,",error,"{""level"":""error""}","{""project"":""e40824fb-b871-4f4a-bbd4-dc97257175b5"",""environment"":""71fe69c0-317e-4401-83e8-167236953714"",""service"":""98ac865d-3446-4204-8b6f-837e63498101"",""deployment"":""dcdde22b-483f-4551-bfa8-a8ad23f2f868"",""replica"":""d74614c5-3877-4710-a4a1-8f41af3269ac""}",2026-07-28T14:54:29.617622204Z
"	    is_active   BOOLEAN NOT NULL DEFAULT TRUE,",error,"{""level"":""error""}","{""project"":""e40824fb-b871-4f4a-bbd4-dc97257175b5"",""environment"":""71fe69c0-317e-4401-83e8-167236953714"",""service"":""98ac865d-3446-4204-8b6f-837e63498101"",""deployment"":""dcdde22b-483f-4551-bfa8-a8ad23f2f868"",""replica"":""d74614c5-3877-4710-a4a1-8f41af3269ac""}",2026-07-28T14:54:29.617626254Z
"	    is_primary  BOOLEAN NOT NULL DEFAULT FALSE,",error,"{""level"":""error""}","{""project"":""e40824fb-b871-4f4a-bbd4-dc97257175b5"",""environment"":""71fe69c0-317e-4401-83e8-167236953714"",""service"":""98ac865d-3446-4204-8b6f-837e63498101"",""deployment"":""dcdde22b-483f-4551-bfa8-a8ad23f2f868"",""replica"":""d74614c5-3877-4710-a4a1-8f41af3269ac""}",2026-07-28T14:54:29.617628554Z
"	    metadata    JSONB NOT NULL DEFAULT '{}'::jsonb,",error,"{""level"":""error""}","{""project"":""e40824fb-b871-4f4a-bbd4-dc97257175b5"",""environment"":""71fe69c0-317e-4401-83e8-167236953714"",""service"":""98ac865d-3446-4204-8b6f-837e63498101"",""deployment"":""dcdde22b-483f-4551-bfa8-a8ad23f2f868"",""replica"":""d74614c5-3877-4710-a4a1-8f41af3269ac""}",2026-07-28T14:54:29.617633254Z
"	    notes       TEXT,",error,"{""level"":""error""}","{""project"":""e40824fb-b871-4f4a-bbd4-dc97257175b5"",""environment"":""71fe69c0-317e-4401-83e8-167236953714"",""service"":""98ac865d-3446-4204-8b6f-837e63498101"",""deployment"":""dcdde22b-483f-4551-bfa8-a8ad23f2f868"",""replica"":""d74614c5-3877-4710-a4a1-8f41af3269ac""}",2026-07-28T14:54:29.617635764Z
"	    created_at  TIMESTAMPTZ NOT NULL DEFAULT NOW(),",error,"{""level"":""error""}","{""project"":""e40824fb-b871-4f4a-bbd4-dc97257175b5"",""environment"":""71fe69c0-317e-4401-83e8-167236953714"",""service"":""98ac865d-3446-4204-8b6f-837e63498101"",""deployment"":""dcdde22b-483f-4551-bfa8-a8ad23f2f868"",""replica"":""d74614c5-3877-4710-a4a1-8f41af3269ac""}",2026-07-28T14:54:29.617639174Z
"	    updated_at  TIMESTAMPTZ NOT NULL DEFAULT NOW(),",error,"{""level"":""error""}","{""project"":""e40824fb-b871-4f4a-bbd4-dc97257175b5"",""environment"":""71fe69c0-317e-4401-83e8-167236953714"",""service"":""98ac865d-3446-4204-8b6f-837e63498101"",""deployment"":""dcdde22b-483f-4551-bfa8-a8ad23f2f868"",""replica"":""d74614c5-3877-4710-a4a1-8f41af3269ac""}",2026-07-28T14:54:29.617642954Z
"	    deleted_at  TIMESTAMPTZ,",error,"{""level"":""error""}","{""project"":""e40824fb-b871-4f4a-bbd4-dc97257175b5"",""environment"":""71fe69c0-317e-4401-83e8-167236953714"",""service"":""98ac865d-3446-4204-8b6f-837e63498101"",""deployment"":""dcdde22b-483f-4551-bfa8-a8ad23f2f868"",""replica"":""d74614c5-3877-4710-a4a1-8f41af3269ac""}",2026-07-28T14:54:29.617646204Z
"	    UNIQUE (client_id, code)",error,"{""level"":""error""}","{""project"":""e40824fb-b871-4f4a-bbd4-dc97257175b5"",""environment"":""71fe69c0-317e-4401-83e8-167236953714"",""service"":""98ac865d-3446-4204-8b6f-837e63498101"",""deployment"":""dcdde22b-483f-4551-bfa8-a8ad23f2f868"",""replica"":""d74614c5-3877-4710-a4a1-8f41af3269ac""}",2026-07-28T14:54:29.617649633Z
	);,error,"{""level"":""error""}","{""project"":""e40824fb-b871-4f4a-bbd4-dc97257175b5"",""environment"":""71fe69c0-317e-4401-83e8-167236953714"",""service"":""98ac865d-3446-4204-8b6f-837e63498101"",""deployment"":""dcdde22b-483f-4551-bfa8-a8ad23f2f868"",""replica"":""d74614c5-3877-4710-a4a1-8f41af3269ac""}",2026-07-28T14:54:29.617652753Z
	CREATE INDEX IF NOT EXISTS idx_brands_client ON brands(client_id);,error,"{""level"":""error""}","{""project"":""e40824fb-b871-4f4a-bbd4-dc97257175b5"",""environment"":""71fe69c0-317e-4401-83e8-167236953714"",""service"":""98ac865d-3446-4204-8b6f-837e63498101"",""deployment"":""dcdde22b-483f-4551-bfa8-a8ad23f2f868"",""replica"":""d74614c5-3877-4710-a4a1-8f41af3269ac""}",2026-07-28T14:54:29.617656533Z
	,error,"{""level"":""error""}","{""project"":""e40824fb-b871-4f4a-bbd4-dc97257175b5"",""environment"":""71fe69c0-317e-4401-83e8-167236953714"",""service"":""98ac865d-3446-4204-8b6f-837e63498101"",""deployment"":""dcdde22b-483f-4551-bfa8-a8ad23f2f868"",""replica"":""d74614c5-3877-4710-a4a1-8f41af3269ac""}",2026-07-28T14:54:29.617663003Z
	CREATE TABLE IF NOT EXISTS brand_contacts (,error,"{""level"":""error""}","{""project"":""e40824fb-b871-4f4a-bbd4-dc97257175b5"",""environment"":""71fe69c0-317e-4401-83e8-167236953714"",""service"":""98ac865d-3446-4204-8b6f-837e63498101"",""deployment"":""dcdde22b-483f-4551-bfa8-a8ad23f2f868"",""replica"":""d74614c5-3877-4710-a4a1-8f41af3269ac""}",2026-07-28T14:54:29.617666703Z
"	    id          UUID PRIMARY KEY DEFAULT extensions.uuid_generate_v4(),",error,"{""level"":""error""}","{""project"":""e40824fb-b871-4f4a-bbd4-dc97257175b5"",""environment"":""71fe69c0-317e-4401-83e8-167236953714"",""service"":""98ac865d-3446-4204-8b6f-837e63498101"",""deployment"":""dcdde22b-483f-4551-bfa8-a8ad23f2f868"",""replica"":""d74614c5-3877-4710-a4a1-8f41af3269ac""}",2026-07-28T14:54:29.617670383Z
	    FOR EACH ROW EXECUTE FUNCTION public.set_updated_at();,error,"{""level"":""error""}","{""project"":""e40824fb-b871-4f4a-bbd4-dc97257175b5"",""environment"":""71fe69c0-317e-4401-83e8-167236953714"",""service"":""98ac865d-3446-4204-8b6f-837e63498101"",""deployment"":""dcdde22b-483f-4551-bfa8-a8ad23f2f868"",""replica"":""d74614c5-3877-4710-a4a1-8f41af3269ac""}",2026-07-28T14:54:29.618413743Z
"	    id              UUID PRIMARY KEY DEFAULT extensions.uuid_generate_v4(),",error,"{""level"":""error""}","{""project"":""e40824fb-b871-4f4a-bbd4-dc97257175b5"",""environment"":""71fe69c0-317e-4401-83e8-167236953714"",""service"":""98ac865d-3446-4204-8b6f-837e63498101"",""deployment"":""dcdde22b-483f-4551-bfa8-a8ad23f2f868"",""replica"":""d74614c5-3877-4710-a4a1-8f41af3269ac""}",2026-07-28T14:54:29.618414873Z
	CREATE TRIGGER trg_brand_contacts_updated_at BEFORE UPDATE ON brand_contacts,error,"{""level"":""error""}","{""project"":""e40824fb-b871-4f4a-bbd4-dc97257175b5"",""environment"":""71fe69c0-317e-4401-83e8-167236953714"",""service"":""98ac865d-3446-4204-8b6f-837e63498101"",""deployment"":""dcdde22b-483f-4551-bfa8-a8ad23f2f868"",""replica"":""d74614c5-3877-4710-a4a1-8f41af3269ac""}",2026-07-28T14:54:29.618419253Z
"	    client_id       UUID NOT NULL REFERENCES clients(id) ON DELETE CASCADE,",error,"{""level"":""error""}","{""project"":""e40824fb-b871-4f4a-bbd4-dc97257175b5"",""environment"":""71fe69c0-317e-4401-83e8-167236953714"",""service"":""98ac865d-3446-4204-8b6f-837e63498101"",""deployment"":""dcdde22b-483f-4551-bfa8-a8ad23f2f868"",""replica"":""d74614c5-3877-4710-a4a1-8f41af3269ac""}",2026-07-28T14:54:29.618423013Z
	    FOR EACH ROW EXECUTE FUNCTION public.set_updated_at();,error,"{""level"":""error""}","{""project"":""e40824fb-b871-4f4a-bbd4-dc97257175b5"",""environment"":""71fe69c0-317e-4401-83e8-167236953714"",""service"":""98ac865d-3446-4204-8b6f-837e63498101"",""deployment"":""dcdde22b-483f-4551-bfa8-a8ad23f2f868"",""replica"":""d74614c5-3877-4710-a4a1-8f41af3269ac""}",2026-07-28T14:54:29.618428393Z
"	    title           TEXT NOT NULL,",error,"{""level"":""error""}","{""project"":""e40824fb-b871-4f4a-bbd4-dc97257175b5"",""environment"":""71fe69c0-317e-4401-83e8-167236953714"",""service"":""98ac865d-3446-4204-8b6f-837e63498101"",""deployment"":""dcdde22b-483f-4551-bfa8-a8ad23f2f868"",""replica"":""d74614c5-3877-4710-a4a1-8f41af3269ac""}",2026-07-28T14:54:29.618430703Z
	CREATE TRIGGER trg_client_contracts_updated_at BEFORE UPDATE ON client_contracts,error,"{""level"":""error""}","{""project"":""e40824fb-b871-4f4a-bbd4-dc97257175b5"",""environment"":""71fe69c0-317e-4401-83e8-167236953714"",""service"":""98ac865d-3446-4204-8b6f-837e63498101"",""deployment"":""dcdde22b-483f-4551-bfa8-a8ad23f2f868"",""replica"":""d74614c5-3877-4710-a4a1-8f41af3269ac""}",2026-07-28T14:54:29.618435923Z
"	    contract_type   TEXT NOT NULL,",error,"{""level"":""error""}","{""project"":""e40824fb-b871-4f4a-bbd4-dc97257175b5"",""environment"":""71fe69c0-317e-4401-83e8-167236953714"",""service"":""98ac865d-3446-4204-8b6f-837e63498101"",""deployment"":""dcdde22b-483f-4551-bfa8-a8ad23f2f868"",""replica"":""d74614c5-3877-4710-a4a1-8f41af3269ac""}",2026-07-28T14:54:29.618436713Z
"	    start_date      DATE NOT NULL,",error,"{""level"":""error""}","{""project"":""e40824fb-b871-4f4a-bbd4-dc97257175b5"",""environment"":""71fe69c0-317e-4401-83e8-167236953714"",""service"":""98ac865d-3446-4204-8b6f-837e63498101"",""deployment"":""dcdde22b-483f-4551-bfa8-a8ad23f2f868"",""replica"":""d74614c5-3877-4710-a4a1-8f41af3269ac""}",2026-07-28T14:54:29.618441333Z
"	    end_date        DATE,",error,"{""level"":""error""}","{""project"":""e40824fb-b871-4f4a-bbd4-dc97257175b5"",""environment"":""71fe69c0-317e-4401-83e8-167236953714"",""service"":""98ac865d-3446-4204-8b6f-837e63498101"",""deployment"":""dcdde22b-483f-4551-bfa8-a8ad23f2f868"",""replica"":""d74614c5-3877-4710-a4a1-8f41af3269ac""}",2026-07-28T14:54:29.618444173Z
"	    total_value     NUMERIC(15, 2),",error,"{""level"":""error""}","{""project"":""e40824fb-b871-4f4a-bbd4-dc97257175b5"",""environment"":""71fe69c0-317e-4401-83e8-167236953714"",""service"":""98ac865d-3446-4204-8b6f-837e63498101"",""deployment"":""dcdde22b-483f-4551-bfa8-a8ad23f2f868"",""replica"":""d74614c5-3877-4710-a4a1-8f41af3269ac""}",2026-07-28T14:54:29.618446663Z
"	    currency        TEXT NOT NULL DEFAULT 'USD',",error,"{""level"":""error""}","{""project"":""e40824fb-b871-4f4a-bbd4-dc97257175b5"",""environment"":""71fe69c0-317e-4401-83e8-167236953714"",""service"":""98ac865d-3446-4204-8b6f-837e63498101"",""deployment"":""dcdde22b-483f-4551-bfa8-a8ad23f2f868"",""replica"":""d74614c5-3877-4710-a4a1-8f41af3269ac""}",2026-07-28T14:54:29.618448943Z
"	    status          TEXT NOT NULL DEFAULT 'active',",error,"{""level"":""error""}","{""project"":""e40824fb-b871-4f4a-bbd4-dc97257175b5"",""environment"":""71fe69c0-317e-4401-83e8-167236953714"",""service"":""98ac865d-3446-4204-8b6f-837e63498101"",""deployment"":""dcdde22b-483f-4551-bfa8-a8ad23f2f868"",""replica"":""d74614c5-3877-4710-a4a1-8f41af3269ac""}",2026-07-28T14:54:29.618451493Z
"	    document_url    TEXT,",error,"{""level"":""error""}","{""project"":""e40824fb-b871-4f4a-bbd4-dc97257175b5"",""environment"":""71fe69c0-317e-4401-83e8-167236953714"",""service"":""98ac865d-3446-4204-8b6f-837e63498101"",""deployment"":""dcdde22b-483f-4551-bfa8-a8ad23f2f868"",""replica"":""d74614c5-3877-4710-a4a1-8f41af3269ac""}",2026-07-28T14:54:29.618453913Z
"	    notes           TEXT,",error,"{""level"":""error""}","{""project"":""e40824fb-b871-4f4a-bbd4-dc97257175b5"",""environment"":""71fe69c0-317e-4401-83e8-167236953714"",""service"":""98ac865d-3446-4204-8b6f-837e63498101"",""deployment"":""dcdde22b-483f-4551-bfa8-a8ad23f2f868"",""replica"":""d74614c5-3877-4710-a4a1-8f41af3269ac""}",2026-07-28T14:54:29.618456443Z
"	    created_by      UUID REFERENCES users(id) ON DELETE SET NULL,",error,"{""level"":""error""}","{""project"":""e40824fb-b871-4f4a-bbd4-dc97257175b5"",""environment"":""71fe69c0-317e-4401-83e8-167236953714"",""service"":""98ac865d-3446-4204-8b6f-837e63498101"",""deployment"":""dcdde22b-483f-4551-bfa8-a8ad23f2f868"",""replica"":""d74614c5-3877-4710-a4a1-8f41af3269ac""}",2026-07-28T14:54:29.618458812Z
"	    created_at      TIMESTAMPTZ NOT NULL DEFAULT NOW(),",error,"{""level"":""error""}","{""project"":""e40824fb-b871-4f4a-bbd4-dc97257175b5"",""environment"":""71fe69c0-317e-4401-83e8-167236953714"",""service"":""98ac865d-3446-4204-8b6f-837e63498101"",""deployment"":""dcdde22b-483f-4551-bfa8-a8ad23f2f868"",""replica"":""d74614c5-3877-4710-a4a1-8f41af3269ac""}",2026-07-28T14:54:29.618461662Z
	    updated_at      TIMESTAMPTZ NOT NULL DEFAULT NOW(),error,"{""level"":""error""}","{""project"":""e40824fb-b871-4f4a-bbd4-dc97257175b5"",""environment"":""71fe69c0-317e-4401-83e8-167236953714"",""service"":""98ac865d-3446-4204-8b6f-837e63498101"",""deployment"":""dcdde22b-483f-4551-bfa8-a8ad23f2f868"",""replica"":""d74614c5-3877-4710-a4a1-8f41af3269ac""}",2026-07-28T14:54:29.618464532Z
	);,error,"{""level"":""error""}","{""project"":""e40824fb-b871-4f4a-bbd4-dc97257175b5"",""environment"":""71fe69c0-317e-4401-83e8-167236953714"",""service"":""98ac865d-3446-4204-8b6f-837e63498101"",""deployment"":""dcdde22b-483f-4551-bfa8-a8ad23f2f868"",""replica"":""d74614c5-3877-4710-a4a1-8f41af3269ac""}",2026-07-28T14:54:29.618467112Z
	,error,"{""level"":""error""}","{""project"":""e40824fb-b871-4f4a-bbd4-dc97257175b5"",""environment"":""71fe69c0-317e-4401-83e8-167236953714"",""service"":""98ac865d-3446-4204-8b6f-837e63498101"",""deployment"":""dcdde22b-483f-4551-bfa8-a8ad23f2f868"",""replica"":""d74614c5-3877-4710-a4a1-8f41af3269ac""}",2026-07-28T14:54:29.618470062Z
	CREATE TRIGGER trg_clients_updated_at BEFORE UPDATE ON clients,error,"{""level"":""error""}","{""project"":""e40824fb-b871-4f4a-bbd4-dc97257175b5"",""environment"":""71fe69c0-317e-4401-83e8-167236953714"",""service"":""98ac865d-3446-4204-8b6f-837e63498101"",""deployment"":""dcdde22b-483f-4551-bfa8-a8ad23f2f868"",""replica"":""d74614c5-3877-4710-a4a1-8f41af3269ac""}",2026-07-28T14:54:29.618472532Z
	    FOR EACH ROW EXECUTE FUNCTION public.set_updated_at();,error,"{""level"":""error""}","{""project"":""e40824fb-b871-4f4a-bbd4-dc97257175b5"",""environment"":""71fe69c0-317e-4401-83e8-167236953714"",""service"":""98ac865d-3446-4204-8b6f-837e63498101"",""deployment"":""dcdde22b-483f-4551-bfa8-a8ad23f2f868"",""replica"":""d74614c5-3877-4710-a4a1-8f41af3269ac""}",2026-07-28T14:54:29.618475352Z
	CREATE TRIGGER trg_brands_updated_at BEFORE UPDATE ON brands,error,"{""level"":""error""}","{""project"":""e40824fb-b871-4f4a-bbd4-dc97257175b5"",""environment"":""71fe69c0-317e-4401-83e8-167236953714"",""service"":""98ac865d-3446-4204-8b6f-837e63498101"",""deployment"":""dcdde22b-483f-4551-bfa8-a8ad23f2f868"",""replica"":""d74614c5-3877-4710-a4a1-8f41af3269ac""}",2026-07-28T14:54:29.618478012Z
	    FOR EACH ROW EXECUTE FUNCTION public.set_updated_at();,error,"{""level"":""error""}","{""project"":""e40824fb-b871-4f4a-bbd4-dc97257175b5"",""environment"":""71fe69c0-317e-4401-83e8-167236953714"",""service"":""98ac865d-3446-4204-8b6f-837e63498101"",""deployment"":""dcdde22b-483f-4551-bfa8-a8ad23f2f868"",""replica"":""d74614c5-3877-4710-a4a1-8f41af3269ac""}",2026-07-28T14:54:29.619272622Z
	,error,"{""level"":""error""}","{""project"":""e40824fb-b871-4f4a-bbd4-dc97257175b5"",""environment"":""71fe69c0-317e-4401-83e8-167236953714"",""service"":""98ac865d-3446-4204-8b6f-837e63498101"",""deployment"":""dcdde22b-483f-4551-bfa8-a8ad23f2f868"",""replica"":""d74614c5-3877-4710-a4a1-8f41af3269ac""}",2026-07-28T14:54:29.619276922Z
	-- =============================================================================,error,"{""level"":""error""}","{""project"":""e40824fb-b871-4f4a-bbd4-dc97257175b5"",""environment"":""71fe69c0-317e-4401-83e8-167236953714"",""service"":""98ac865d-3446-4204-8b6f-837e63498101"",""deployment"":""dcdde22b-483f-4551-bfa8-a8ad23f2f868"",""replica"":""d74614c5-3877-4710-a4a1-8f41af3269ac""}",2026-07-28T14:54:29.619280932Z
	-- PHASE 5: Influencers (migration 0005 adapted),error,"{""level"":""error""}","{""project"":""e40824fb-b871-4f4a-bbd4-dc97257175b5"",""environment"":""71fe69c0-317e-4401-83e8-167236953714"",""service"":""98ac865d-3446-4204-8b6f-837e63498101"",""deployment"":""dcdde22b-483f-4551-bfa8-a8ad23f2f868"",""replica"":""d74614c5-3877-4710-a4a1-8f41af3269ac""}",2026-07-28T14:54:29.619285242Z
	-- =============================================================================,error,"{""level"":""error""}","{""project"":""e40824fb-b871-4f4a-bbd4-dc97257175b5"",""environment"":""71fe69c0-317e-4401-83e8-167236953714"",""service"":""98ac865d-3446-4204-8b6f-837e63498101"",""deployment"":""dcdde22b-483f-4551-bfa8-a8ad23f2f868"",""replica"":""d74614c5-3877-4710-a4a1-8f41af3269ac""}",2026-07-28T14:54:29.619289522Z
	,error,"{""level"":""error""}","{""project"":""e40824fb-b871-4f4a-bbd4-dc97257175b5"",""environment"":""71fe69c0-317e-4401-83e8-167236953714"",""service"":""98ac865d-3446-4204-8b6f-837e63498101"",""deployment"":""dcdde22b-483f-4551-bfa8-a8ad23f2f868"",""replica"":""d74614c5-3877-4710-a4a1-8f41af3269ac""}",2026-07-28T14:54:29.619293262Z
	CREATE TABLE IF NOT EXISTS influencers (,error,"{""level"":""error""}","{""project"":""e40824fb-b871-4f4a-bbd4-dc97257175b5"",""environment"":""71fe69c0-317e-4401-83e8-167236953714"",""service"":""98ac865d-3446-4204-8b6f-837e63498101"",""deployment"":""dcdde22b-483f-4551-bfa8-a8ad23f2f868"",""replica"":""d74614c5-3877-4710-a4a1-8f41af3269ac""}",2026-07-28T14:54:29.619296992Z
"	    tags            TEXT[] NOT NULL DEFAULT '{}',",error,"{""level"":""error""}","{""project"":""e40824fb-b871-4f4a-bbd4-dc97257175b5"",""environment"":""71fe69c0-317e-4401-83e8-167236953714"",""service"":""98ac865d-3446-4204-8b6f-837e63498101"",""deployment"":""dcdde22b-483f-4551-bfa8-a8ad23f2f868"",""replica"":""d74614c5-3877-4710-a4a1-8f41af3269ac""}",2026-07-28T14:54:29.619300242Z
"	    id              UUID PRIMARY KEY DEFAULT extensions.uuid_generate_v4(),",error,"{""level"":""error""}","{""project"":""e40824fb-b871-4f4a-bbd4-dc97257175b5"",""environment"":""71fe69c0-317e-4401-83e8-167236953714"",""service"":""98ac865d-3446-4204-8b6f-837e63498101"",""deployment"":""dcdde22b-483f-4551-bfa8-a8ad23f2f868"",""replica"":""d74614c5-3877-4710-a4a1-8f41af3269ac""}",2026-07-28T14:54:29.619301082Z
"	    metadata        JSONB NOT NULL DEFAULT '{}'::jsonb,",error,"{""level"":""error""}","{""project"":""e40824fb-b871-4f4a-bbd4-dc97257175b5"",""environment"":""71fe69c0-317e-4401-83e8-167236953714"",""service"":""98ac865d-3446-4204-8b6f-837e63498101"",""deployment"":""dcdde22b-483f-4551-bfa8-a8ad23f2f868"",""replica"":""d74614c5-3877-4710-a4a1-8f41af3269ac""}",2026-07-28T14:54:29.619308802Z
"	    content_niches  TEXT[] NOT NULL DEFAULT '{}',",error,"{""level"":""error""}","{""project"":""e40824fb-b871-4f4a-bbd4-dc97257175b5"",""environment"":""71fe69c0-317e-4401-83e8-167236953714"",""service"":""98ac865d-3446-4204-8b6f-837e63498101"",""deployment"":""dcdde22b-483f-4551-bfa8-a8ad23f2f868"",""replica"":""d74614c5-3877-4710-a4a1-8f41af3269ac""}",2026-07-28T14:54:29.619309242Z
"	    full_name       TEXT NOT NULL,",error,"{""level"":""error""}","{""project"":""e40824fb-b871-4f4a-bbd4-dc97257175b5"",""environment"":""71fe69c0-317e-4401-83e8-167236953714"",""service"":""98ac865d-3446-4204-8b6f-837e63498101"",""deployment"":""dcdde22b-483f-4551-bfa8-a8ad23f2f868"",""replica"":""d74614c5-3877-4710-a4a1-8f41af3269ac""}",2026-07-28T14:54:29.619309772Z
"	    country         TEXT NOT NULL DEFAULT 'VE',",error,"{""level"":""error""}","{""project"":""e40824fb-b871-4f4a-bbd4-dc97257175b5"",""environment"":""71fe69c0-317e-4401-83e8-167236953714"",""service"":""98ac865d-3446-4204-8b6f-837e63498101"",""deployment"":""dcdde22b-483f-4551-bfa8-a8ad23f2f868"",""replica"":""d74614c5-3877-4710-a4a1-8f41af3269ac""}",2026-07-28T14:54:29.619314622Z
"	    source          TEXT,",error,"{""level"":""error""}","{""project"":""e40824fb-b871-4f4a-bbd4-dc97257175b5"",""environment"":""71fe69c0-317e-4401-83e8-167236953714"",""service"":""98ac865d-3446-4204-8b6f-837e63498101"",""deployment"":""dcdde22b-483f-4551-bfa8-a8ad23f2f868"",""replica"":""d74614c5-3877-4710-a4a1-8f41af3269ac""}",2026-07-28T14:54:29.619319432Z
"	    email           TEXT,",error,"{""level"":""error""}","{""project"":""e40824fb-b871-4f4a-bbd4-dc97257175b5"",""environment"":""71fe69c0-317e-4401-83e8-167236953714"",""service"":""98ac865d-3446-4204-8b6f-837e63498101"",""deployment"":""dcdde22b-483f-4551-bfa8-a8ad23f2f868"",""replica"":""d74614c5-3877-4710-a4a1-8f41af3269ac""}",2026-07-28T14:54:29.619320852Z
"	    languages       TEXT[] NOT NULL DEFAULT ARRAY['es'],",error,"{""level"":""error""}","{""project"":""e40824fb-b871-4f4a-bbd4-dc97257175b5"",""environment"":""71fe69c0-317e-4401-83e8-167236953714"",""service"":""98ac865d-3446-4204-8b6f-837e63498101"",""deployment"":""dcdde22b-483f-4551-bfa8-a8ad23f2f868"",""replica"":""d74614c5-3877-4710-a4a1-8f41af3269ac""}",2026-07-28T14:54:29.619321062Z
"	    source_id       TEXT,",error,"{""level"":""error""}","{""project"":""e40824fb-b871-4f4a-bbd4-dc97257175b5"",""environment"":""71fe69c0-317e-4401-83e8-167236953714"",""service"":""98ac865d-3446-4204-8b6f-837e63498101"",""deployment"":""dcdde22b-483f-4551-bfa8-a8ad23f2f868"",""replica"":""d74614c5-3877-4710-a4a1-8f41af3269ac""}",2026-07-28T14:54:29.619328162Z
"	    city            TEXT,",error,"{""level"":""error""}","{""project"":""e40824fb-b871-4f4a-bbd4-dc97257175b5"",""environment"":""71fe69c0-317e-4401-83e8-167236953714"",""service"":""98ac865d-3446-4204-8b6f-837e63498101"",""deployment"":""dcdde22b-483f-4551-bfa8-a8ad23f2f868"",""replica"":""d74614c5-3877-4710-a4a1-8f41af3269ac""}",2026-07-28T14:54:29.619331062Z
"	    status          TEXT NOT NULL DEFAULT 'active',",error,"{""level"":""error""}","{""project"":""e40824fb-b871-4f4a-bbd4-dc97257175b5"",""environment"":""71fe69c0-317e-4401-83e8-167236953714"",""service"":""98ac865d-3446-4204-8b6f-837e63498101"",""deployment"":""dcdde22b-483f-4551-bfa8-a8ad23f2f868"",""replica"":""d74614c5-3877-4710-a4a1-8f41af3269ac""}",2026-07-28T14:54:29.619332692Z
"	    phone           TEXT,",error,"{""level"":""error""}","{""project"":""e40824fb-b871-4f4a-bbd4-dc97257175b5"",""environment"":""71fe69c0-317e-4401-83e8-167236953714"",""service"":""98ac865d-3446-4204-8b6f-837e63498101"",""deployment"":""dcdde22b-483f-4551-bfa8-a8ad23f2f868"",""replica"":""d74614c5-3877-4710-a4a1-8f41af3269ac""}",2026-07-28T14:54:29.619334542Z
"	    primary_tier    influencer_tier NOT NULL DEFAULT 'NANO',",error,"{""level"":""error""}","{""project"":""e40824fb-b871-4f4a-bbd4-dc97257175b5"",""environment"":""71fe69c0-317e-4401-83e8-167236953714"",""service"":""98ac865d-3446-4204-8b6f-837e63498101"",""deployment"":""dcdde22b-483f-4551-bfa8-a8ad23f2f868"",""replica"":""d74614c5-3877-4710-a4a1-8f41af3269ac""}",2026-07-28T14:54:29.619340182Z
"	    primary_handle  TEXT,",error,"{""level"":""error""}","{""project"":""e40824fb-b871-4f4a-bbd4-dc97257175b5"",""environment"":""71fe69c0-317e-4401-83e8-167236953714"",""service"":""98ac865d-3446-4204-8b6f-837e63498101"",""deployment"":""dcdde22b-483f-4551-bfa8-a8ad23f2f868"",""replica"":""d74614c5-3877-4710-a4a1-8f41af3269ac""}",2026-07-28T14:54:29.619344411Z
"	    avatar_url      TEXT,",error,"{""level"":""error""}","{""project"":""e40824fb-b871-4f4a-bbd4-dc97257175b5"",""environment"":""71fe69c0-317e-4401-83e8-167236953714"",""service"":""98ac865d-3446-4204-8b6f-837e63498101"",""deployment"":""dcdde22b-483f-4551-bfa8-a8ad23f2f868"",""replica"":""d74614c5-3877-4710-a4a1-8f41af3269ac""}",2026-07-28T14:54:29.619347791Z
"	    bio             TEXT,",error,"{""level"":""error""}","{""project"":""e40824fb-b871-4f4a-bbd4-dc97257175b5"",""environment"":""71fe69c0-317e-4401-83e8-167236953714"",""service"":""98ac865d-3446-4204-8b6f-837e63498101"",""deployment"":""dcdde22b-483f-4551-bfa8-a8ad23f2f868"",""replica"":""d74614c5-3877-4710-a4a1-8f41af3269ac""}",2026-07-28T14:54:29.619352331Z
	CREATE INDEX IF NOT EXISTS idx_influencers_niches ON influencers USING GIN(content_niches);,error,"{""level"":""error""}","{""project"":""e40824fb-b871-4f4a-bbd4-dc97257175b5"",""environment"":""71fe69c0-317e-4401-83e8-167236953714"",""service"":""98ac865d-3446-4204-8b6f-837e63498101"",""deployment"":""dcdde22b-483f-4551-bfa8-a8ad23f2f868"",""replica"":""d74614c5-3877-4710-a4a1-8f41af3269ac""}",2026-07-28T14:54:29.620630425Z
"	    created_by      UUID REFERENCES users(id) ON DELETE SET NULL,",error,"{""level"":""error""}","{""project"":""e40824fb-b871-4f4a-bbd4-dc97257175b5"",""environment"":""71fe69c0-317e-4401-83e8-167236953714"",""service"":""98ac865d-3446-4204-8b6f-837e63498101"",""deployment"":""dcdde22b-483f-4551-bfa8-a8ad23f2f868"",""replica"":""d74614c5-3877-4710-a4a1-8f41af3269ac""}",2026-07-28T14:54:29.620634045Z
	CREATE INDEX IF NOT EXISTS idx_influencers_tags ON influencers USING GIN(tags);,error,"{""level"":""error""}","{""project"":""e40824fb-b871-4f4a-bbd4-dc97257175b5"",""environment"":""71fe69c0-317e-4401-83e8-167236953714"",""service"":""98ac865d-3446-4204-8b6f-837e63498101"",""deployment"":""dcdde22b-483f-4551-bfa8-a8ad23f2f868"",""replica"":""d74614c5-3877-4710-a4a1-8f41af3269ac""}",2026-07-28T14:54:29.620638155Z
"	    updated_at      TIMESTAMPTZ NOT NULL DEFAULT NOW(),",error,"{""level"":""error""}","{""project"":""e40824fb-b871-4f4a-bbd4-dc97257175b5"",""environment"":""71fe69c0-317e-4401-83e8-167236953714"",""service"":""98ac865d-3446-4204-8b6f-837e63498101"",""deployment"":""dcdde22b-483f-4551-bfa8-a8ad23f2f868"",""replica"":""d74614c5-3877-4710-a4a1-8f41af3269ac""}",2026-07-28T14:54:29.620643365Z
"	    created_at      TIMESTAMPTZ NOT NULL DEFAULT NOW(),",error,"{""level"":""error""}","{""project"":""e40824fb-b871-4f4a-bbd4-dc97257175b5"",""environment"":""71fe69c0-317e-4401-83e8-167236953714"",""service"":""98ac865d-3446-4204-8b6f-837e63498101"",""deployment"":""dcdde22b-483f-4551-bfa8-a8ad23f2f868"",""replica"":""d74614c5-3877-4710-a4a1-8f41af3269ac""}",2026-07-28T14:54:29.620645695Z
"	    id              UUID PRIMARY KEY DEFAULT extensions.uuid_generate_v4(),",error,"{""level"":""error""}","{""project"":""e40824fb-b871-4f4a-bbd4-dc97257175b5"",""environment"":""71fe69c0-317e-4401-83e8-167236953714"",""service"":""98ac865d-3446-4204-8b6f-837e63498101"",""deployment"":""dcdde22b-483f-4551-bfa8-a8ad23f2f868"",""replica"":""d74614c5-3877-4710-a4a1-8f41af3269ac""}",2026-07-28T14:54:29.620647545Z
	,error,"{""level"":""error""}","{""project"":""e40824fb-b871-4f4a-bbd4-dc97257175b5"",""environment"":""71fe69c0-317e-4401-83e8-167236953714"",""service"":""98ac865d-3446-4204-8b6f-837e63498101"",""deployment"":""dcdde22b-483f-4551-bfa8-a8ad23f2f868"",""replica"":""d74614c5-3877-4710-a4a1-8f41af3269ac""}",2026-07-28T14:54:29.620648365Z
"	    updated_at      TIMESTAMPTZ NOT NULL DEFAULT NOW(),",error,"{""level"":""error""}","{""project"":""e40824fb-b871-4f4a-bbd4-dc97257175b5"",""environment"":""71fe69c0-317e-4401-83e8-167236953714"",""service"":""98ac865d-3446-4204-8b6f-837e63498101"",""deployment"":""dcdde22b-483f-4551-bfa8-a8ad23f2f868"",""replica"":""d74614c5-3877-4710-a4a1-8f41af3269ac""}",2026-07-28T14:54:29.620656754Z
"	    influencer_id   UUID NOT NULL REFERENCES influencers(id) ON DELETE CASCADE,",error,"{""level"":""error""}","{""project"":""e40824fb-b871-4f4a-bbd4-dc97257175b5"",""environment"":""71fe69c0-317e-4401-83e8-167236953714"",""service"":""98ac865d-3446-4204-8b6f-837e63498101"",""deployment"":""dcdde22b-483f-4551-bfa8-a8ad23f2f868"",""replica"":""d74614c5-3877-4710-a4a1-8f41af3269ac""}",2026-07-28T14:54:29.620658354Z
	CREATE TABLE IF NOT EXISTS influencer_social_accounts (,error,"{""level"":""error""}","{""project"":""e40824fb-b871-4f4a-bbd4-dc97257175b5"",""environment"":""71fe69c0-317e-4401-83e8-167236953714"",""service"":""98ac865d-3446-4204-8b6f-837e63498101"",""deployment"":""dcdde22b-483f-4551-bfa8-a8ad23f2f868"",""replica"":""d74614c5-3877-4710-a4a1-8f41af3269ac""}",2026-07-28T14:54:29.620659374Z
	    deleted_at      TIMESTAMPTZ,error,"{""level"":""error""}","{""project"":""e40824fb-b871-4f4a-bbd4-dc97257175b5"",""environment"":""71fe69c0-317e-4401-83e8-167236953714"",""service"":""98ac865d-3446-4204-8b6f-837e63498101"",""deployment"":""dcdde22b-483f-4551-bfa8-a8ad23f2f868"",""replica"":""d74614c5-3877-4710-a4a1-8f41af3269ac""}",2026-07-28T14:54:29.620664804Z
"	    platform        TEXT NOT NULL,",error,"{""level"":""error""}","{""project"":""e40824fb-b871-4f4a-bbd4-dc97257175b5"",""environment"":""71fe69c0-317e-4401-83e8-167236953714"",""service"":""98ac865d-3446-4204-8b6f-837e63498101"",""deployment"":""dcdde22b-483f-4551-bfa8-a8ad23f2f868"",""replica"":""d74614c5-3877-4710-a4a1-8f41af3269ac""}",2026-07-28T14:54:29.620666884Z
	);,error,"{""level"":""error""}","{""project"":""e40824fb-b871-4f4a-bbd4-dc97257175b5"",""environment"":""71fe69c0-317e-4401-83e8-167236953714"",""service"":""98ac865d-3446-4204-8b6f-837e63498101"",""deployment"":""dcdde22b-483f-4551-bfa8-a8ad23f2f868"",""replica"":""d74614c5-3877-4710-a4a1-8f41af3269ac""}",2026-07-28T14:54:29.620671094Z
"	    handle          TEXT NOT NULL,",error,"{""level"":""error""}","{""project"":""e40824fb-b871-4f4a-bbd4-dc97257175b5"",""environment"":""71fe69c0-317e-4401-83e8-167236953714"",""service"":""98ac865d-3446-4204-8b6f-837e63498101"",""deployment"":""dcdde22b-483f-4551-bfa8-a8ad23f2f868"",""replica"":""d74614c5-3877-4710-a4a1-8f41af3269ac""}",2026-07-28T14:54:29.620673244Z
	CREATE INDEX IF NOT EXISTS idx_influencers_primary_tier ON influencers(primary_tier);,error,"{""level"":""error""}","{""project"":""e40824fb-b871-4f4a-bbd4-dc97257175b5"",""environment"":""71fe69c0-317e-4401-83e8-167236953714"",""service"":""98ac865d-3446-4204-8b6f-837e63498101"",""deployment"":""dcdde22b-483f-4551-bfa8-a8ad23f2f868"",""replica"":""d74614c5-3877-4710-a4a1-8f41af3269ac""}",2026-07-28T14:54:29.620677384Z
"	    url             TEXT,",error,"{""level"":""error""}","{""project"":""e40824fb-b871-4f4a-bbd4-dc97257175b5"",""environment"":""71fe69c0-317e-4401-83e8-167236953714"",""service"":""98ac865d-3446-4204-8b6f-837e63498101"",""deployment"":""dcdde22b-483f-4551-bfa8-a8ad23f2f868"",""replica"":""d74614c5-3877-4710-a4a1-8f41af3269ac""}",2026-07-28T14:54:29.620680094Z
	CREATE INDEX IF NOT EXISTS idx_influencers_status ON influencers(status) WHERE deleted_at IS NULL;,error,"{""level"":""error""}","{""project"":""e40824fb-b871-4f4a-bbd4-dc97257175b5"",""environment"":""71fe69c0-317e-4401-83e8-167236953714"",""service"":""98ac865d-3446-4204-8b6f-837e63498101"",""deployment"":""dcdde22b-483f-4551-bfa8-a8ad23f2f868"",""replica"":""d74614c5-3877-4710-a4a1-8f41af3269ac""}",2026-07-28T14:54:29.620683114Z
"	    platform_user_id TEXT,",error,"{""level"":""error""}","{""project"":""e40824fb-b871-4f4a-bbd4-dc97257175b5"",""environment"":""71fe69c0-317e-4401-83e8-167236953714"",""service"":""98ac865d-3446-4204-8b6f-837e63498101"",""deployment"":""dcdde22b-483f-4551-bfa8-a8ad23f2f868"",""replica"":""d74614c5-3877-4710-a4a1-8f41af3269ac""}",2026-07-28T14:54:29.620686464Z
"	    is_verified     BOOLEAN NOT NULL DEFAULT FALSE,",error,"{""level"":""error""}","{""project"":""e40824fb-b871-4f4a-bbd4-dc97257175b5"",""environment"":""71fe69c0-317e-4401-83e8-167236953714"",""service"":""98ac865d-3446-4204-8b6f-837e63498101"",""deployment"":""dcdde22b-483f-4551-bfa8-a8ad23f2f868"",""replica"":""d74614c5-3877-4710-a4a1-8f41af3269ac""}",2026-07-28T14:54:29.620690174Z
"	    is_primary      BOOLEAN NOT NULL DEFAULT FALSE,",error,"{""level"":""error""}","{""project"":""e40824fb-b871-4f4a-bbd4-dc97257175b5"",""environment"":""71fe69c0-317e-4401-83e8-167236953714"",""service"":""98ac865d-3446-4204-8b6f-837e63498101"",""deployment"":""dcdde22b-483f-4551-bfa8-a8ad23f2f868"",""replica"":""d74614c5-3877-4710-a4a1-8f41af3269ac""}",2026-07-28T14:54:29.620693444Z
"	    created_at      TIMESTAMPTZ NOT NULL DEFAULT NOW(),",error,"{""level"":""error""}","{""project"":""e40824fb-b871-4f4a-bbd4-dc97257175b5"",""environment"":""71fe69c0-317e-4401-83e8-167236953714"",""service"":""98ac865d-3446-4204-8b6f-837e63498101"",""deployment"":""dcdde22b-483f-4551-bfa8-a8ad23f2f868"",""replica"":""d74614c5-3877-4710-a4a1-8f41af3269ac""}",2026-07-28T14:54:29.620697544Z
"	    audience_credibility    NUMERIC(5, 2),",error,"{""level"":""error""}","{""project"":""e40824fb-b871-4f4a-bbd4-dc97257175b5"",""environment"":""71fe69c0-317e-4401-83e8-167236953714"",""service"":""98ac865d-3446-4204-8b6f-837e63498101"",""deployment"":""dcdde22b-483f-4551-bfa8-a8ad23f2f868"",""replica"":""d74614c5-3877-4710-a4a1-8f41af3269ac""}",2026-07-28T14:54:29.621685951Z
"	    audience_quality        NUMERIC(5, 2),",error,"{""level"":""error""}","{""project"":""e40824fb-b871-4f4a-bbd4-dc97257175b5"",""environment"":""71fe69c0-317e-4401-83e8-167236953714"",""service"":""98ac865d-3446-4204-8b6f-837e63498101"",""deployment"":""dcdde22b-483f-4551-bfa8-a8ad23f2f868"",""replica"":""d74614c5-3877-4710-a4a1-8f41af3269ac""}",2026-07-28T14:54:29.621689941Z
"	    source                  kpi_source NOT NULL DEFAULT 'MANUAL',",error,"{""level"":""error""}","{""project"":""e40824fb-b871-4f4a-bbd4-dc97257175b5"",""environment"":""71fe69c0-317e-4401-83e8-167236953714"",""service"":""98ac865d-3446-4204-8b6f-837e63498101"",""deployment"":""dcdde22b-483f-4551-bfa8-a8ad23f2f868"",""replica"":""d74614c5-3877-4710-a4a1-8f41af3269ac""}",2026-07-28T14:54:29.621693251Z
"	    raw_payload             JSONB NOT NULL DEFAULT '{}'::jsonb,",error,"{""level"":""error""}","{""project"":""e40824fb-b871-4f4a-bbd4-dc97257175b5"",""environment"":""71fe69c0-317e-4401-83e8-167236953714"",""service"":""98ac865d-3446-4204-8b6f-837e63498101"",""deployment"":""dcdde22b-483f-4551-bfa8-a8ad23f2f868"",""replica"":""d74614c5-3877-4710-a4a1-8f41af3269ac""}",2026-07-28T14:54:29.621696691Z
"	    UNIQUE (platform, handle)",error,"{""level"":""error""}","{""project"":""e40824fb-b871-4f4a-bbd4-dc97257175b5"",""environment"":""71fe69c0-317e-4401-83e8-167236953714"",""service"":""98ac865d-3446-4204-8b6f-837e63498101"",""deployment"":""dcdde22b-483f-4551-bfa8-a8ad23f2f868"",""replica"":""d74614c5-3877-4710-a4a1-8f41af3269ac""}",2026-07-28T14:54:29.621701311Z
	);,error,"{""level"":""error""}","{""project"":""e40824fb-b871-4f4a-bbd4-dc97257175b5"",""environment"":""71fe69c0-317e-4401-83e8-167236953714"",""service"":""98ac865d-3446-4204-8b6f-837e63498101"",""deployment"":""dcdde22b-483f-4551-bfa8-a8ad23f2f868"",""replica"":""d74614c5-3877-4710-a4a1-8f41af3269ac""}",2026-07-28T14:54:29.621704991Z
	CREATE INDEX IF NOT EXISTS idx_social_accounts_influencer ON influencer_social_accounts(influencer_id);,error,"{""level"":""error""}","{""project"":""e40824fb-b871-4f4a-bbd4-dc97257175b5"",""environment"":""71fe69c0-317e-4401-83e8-167236953714"",""service"":""98ac865d-3446-4204-8b6f-837e63498101"",""deployment"":""dcdde22b-483f-4551-bfa8-a8ad23f2f868"",""replica"":""d74614c5-3877-4710-a4a1-8f41af3269ac""}",2026-07-28T14:54:29.621708601Z
	,error,"{""level"":""error""}","{""project"":""e40824fb-b871-4f4a-bbd4-dc97257175b5"",""environment"":""71fe69c0-317e-4401-83e8-167236953714"",""service"":""98ac865d-3446-4204-8b6f-837e63498101"",""deployment"":""dcdde22b-483f-4551-bfa8-a8ad23f2f868"",""replica"":""d74614c5-3877-4710-a4a1-8f41af3269ac""}",2026-07-28T14:54:29.621712531Z
	CREATE TABLE IF NOT EXISTS influencer_metrics_snapshot (,error,"{""level"":""error""}","{""project"":""e40824fb-b871-4f4a-bbd4-dc97257175b5"",""environment"":""71fe69c0-317e-4401-83e8-167236953714"",""service"":""98ac865d-3446-4204-8b6f-837e63498101"",""deployment"":""dcdde22b-483f-4551-bfa8-a8ad23f2f868"",""replica"":""d74614c5-3877-4710-a4a1-8f41af3269ac""}",2026-07-28T14:54:29.621716291Z
"	    id                      UUID PRIMARY KEY DEFAULT extensions.uuid_generate_v4(),",error,"{""level"":""error""}","{""project"":""e40824fb-b871-4f4a-bbd4-dc97257175b5"",""environment"":""71fe69c0-317e-4401-83e8-167236953714"",""service"":""98ac865d-3446-4204-8b6f-837e63498101"",""deployment"":""dcdde22b-483f-4551-bfa8-a8ad23f2f868"",""replica"":""d74614c5-3877-4710-a4a1-8f41af3269ac""}",2026-07-28T14:54:29.621720151Z
"	    influencer_id           UUID NOT NULL REFERENCES influencers(id) ON DELETE CASCADE,",error,"{""level"":""error""}","{""project"":""e40824fb-b871-4f4a-bbd4-dc97257175b5"",""environment"":""71fe69c0-317e-4401-83e8-167236953714"",""service"":""98ac865d-3446-4204-8b6f-837e63498101"",""deployment"":""dcdde22b-483f-4551-bfa8-a8ad23f2f868"",""replica"":""d74614c5-3877-4710-a4a1-8f41af3269ac""}",2026-07-28T14:54:29.621723721Z
"	    social_account_id       UUID REFERENCES influencer_social_accounts(id) ON DELETE CASCADE,",error,"{""level"":""error""}","{""project"":""e40824fb-b871-4f4a-bbd4-dc97257175b5"",""environment"":""71fe69c0-317e-4401-83e8-167236953714"",""service"":""98ac865d-3446-4204-8b6f-837e63498101"",""deployment"":""dcdde22b-483f-4551-bfa8-a8ad23f2f868"",""replica"":""d74614c5-3877-4710-a4a1-8f41af3269ac""}",2026-07-28T14:54:29.621727241Z
"	    snapshot_date           DATE NOT NULL,",error,"{""level"":""error""}","{""project"":""e40824fb-b871-4f4a-bbd4-dc97257175b5"",""environment"":""71fe69c0-317e-4401-83e8-167236953714"",""service"":""98ac865d-3446-4204-8b6f-837e63498101"",""deployment"":""dcdde22b-483f-4551-bfa8-a8ad23f2f868"",""replica"":""d74614c5-3877-4710-a4a1-8f41af3269ac""}",2026-07-28T14:54:29.621731351Z
"	    followers               BIGINT,",error,"{""level"":""error""}","{""project"":""e40824fb-b871-4f4a-bbd4-dc97257175b5"",""environment"":""71fe69c0-317e-4401-83e8-167236953714"",""service"":""98ac865d-3446-4204-8b6f-837e63498101"",""deployment"":""dcdde22b-483f-4551-bfa8-a8ad23f2f868"",""replica"":""d74614c5-3877-4710-a4a1-8f41af3269ac""}",2026-07-28T14:54:29.621735251Z
"	    following               BIGINT,",error,"{""level"":""error""}","{""project"":""e40824fb-b871-4f4a-bbd4-dc97257175b5"",""environment"":""71fe69c0-317e-4401-83e8-167236953714"",""service"":""98ac865d-3446-4204-8b6f-837e63498101"",""deployment"":""dcdde22b-483f-4551-bfa8-a8ad23f2f868"",""replica"":""d74614c5-3877-4710-a4a1-8f41af3269ac""}",2026-07-28T14:54:29.621738521Z
"	    posts_count             INTEGER,",error,"{""level"":""error""}","{""project"":""e40824fb-b871-4f4a-bbd4-dc97257175b5"",""environment"":""71fe69c0-317e-4401-83e8-167236953714"",""service"":""98ac865d-3446-4204-8b6f-837e63498101"",""deployment"":""dcdde22b-483f-4551-bfa8-a8ad23f2f868"",""replica"":""d74614c5-3877-4710-a4a1-8f41af3269ac""}",2026-07-28T14:54:29.621741821Z
"	    avg_likes               NUMERIC(12, 2),",error,"{""level"":""error""}","{""project"":""e40824fb-b871-4f4a-bbd4-dc97257175b5"",""environment"":""71fe69c0-317e-4401-83e8-167236953714"",""service"":""98ac865d-3446-4204-8b6f-837e63498101"",""deployment"":""dcdde22b-483f-4551-bfa8-a8ad23f2f868"",""replica"":""d74614c5-3877-4710-a4a1-8f41af3269ac""}",2026-07-28T14:54:29.621745481Z
"	    avg_comments            NUMERIC(12, 2),",error,"{""level"":""error""}","{""project"":""e40824fb-b871-4f4a-bbd4-dc97257175b5"",""environment"":""71fe69c0-317e-4401-83e8-167236953714"",""service"":""98ac865d-3446-4204-8b6f-837e63498101"",""deployment"":""dcdde22b-483f-4551-bfa8-a8ad23f2f868"",""replica"":""d74614c5-3877-4710-a4a1-8f41af3269ac""}",2026-07-28T14:54:29.621749301Z
"	    avg_views               BIGINT,",error,"{""level"":""error""}","{""project"":""e40824fb-b871-4f4a-bbd4-dc97257175b5"",""environment"":""71fe69c0-317e-4401-83e8-167236953714"",""service"":""98ac865d-3446-4204-8b6f-837e63498101"",""deployment"":""dcdde22b-483f-4551-bfa8-a8ad23f2f868"",""replica"":""d74614c5-3877-4710-a4a1-8f41af3269ac""}",2026-07-28T14:54:29.621752810Z
"	    engagement_rate         NUMERIC(6, 4),",error,"{""level"":""error""}","{""project"":""e40824fb-b871-4f4a-bbd4-dc97257175b5"",""environment"":""71fe69c0-317e-4401-83e8-167236953714"",""service"":""98ac865d-3446-4204-8b6f-837e63498101"",""deployment"":""dcdde22b-483f-4551-bfa8-a8ad23f2f868"",""replica"":""d74614c5-3877-4710-a4a1-8f41af3269ac""}",2026-07-28T14:54:29.621756140Z
"	    reach_30d               BIGINT,",error,"{""level"":""error""}","{""project"":""e40824fb-b871-4f4a-bbd4-dc97257175b5"",""environment"":""71fe69c0-317e-4401-83e8-167236953714"",""service"":""98ac865d-3446-4204-8b6f-837e63498101"",""deployment"":""dcdde22b-483f-4551-bfa8-a8ad23f2f868"",""replica"":""d74614c5-3877-4710-a4a1-8f41af3269ac""}",2026-07-28T14:54:29.621759210Z
"	    impressions_30d         BIGINT,",error,"{""level"":""error""}","{""project"":""e40824fb-b871-4f4a-bbd4-dc97257175b5"",""environment"":""71fe69c0-317e-4401-83e8-167236953714"",""service"":""98ac865d-3446-4204-8b6f-837e63498101"",""deployment"":""dcdde22b-483f-4551-bfa8-a8ad23f2f868"",""replica"":""d74614c5-3877-4710-a4a1-8f41af3269ac""}",2026-07-28T14:54:29.621762110Z
"	    created_at              TIMESTAMPTZ NOT NULL DEFAULT NOW(),",error,"{""level"":""error""}","{""project"":""e40824fb-b871-4f4a-bbd4-dc97257175b5"",""environment"":""71fe69c0-317e-4401-83e8-167236953714"",""service"":""98ac865d-3446-4204-8b6f-837e63498101"",""deployment"":""dcdde22b-483f-4551-bfa8-a8ad23f2f868"",""replica"":""d74614c5-3877-4710-a4a1-8f41af3269ac""}",2026-07-28T14:54:29.622055326Z
"	    code                TEXT NOT NULL UNIQUE,",error,"{""level"":""error""}","{""project"":""e40824fb-b871-4f4a-bbd4-dc97257175b5"",""environment"":""71fe69c0-317e-4401-83e8-167236953714"",""service"":""98ac865d-3446-4204-8b6f-837e63498101"",""deployment"":""dcdde22b-483f-4551-bfa8-a8ad23f2f868"",""replica"":""d74614c5-3877-4710-a4a1-8f41af3269ac""}",2026-07-28T14:54:29.622055796Z
"	    client_id           UUID NOT NULL REFERENCES clients(id) ON DELETE RESTRICT,",error,"{""level"":""error""}","{""project"":""e40824fb-b871-4f4a-bbd4-dc97257175b5"",""environment"":""71fe69c0-317e-4401-83e8-167236953714"",""service"":""98ac865d-3446-4204-8b6f-837e63498101"",""deployment"":""dcdde22b-483f-4551-bfa8-a8ad23f2f868"",""replica"":""d74614c5-3877-4710-a4a1-8f41af3269ac""}",2026-07-28T14:54:29.622068416Z
"	    UNIQUE (influencer_id, social_account_id, snapshot_date, source)",error,"{""level"":""error""}","{""project"":""e40824fb-b871-4f4a-bbd4-dc97257175b5"",""environment"":""71fe69c0-317e-4401-83e8-167236953714"",""service"":""98ac865d-3446-4204-8b6f-837e63498101"",""deployment"":""dcdde22b-483f-4551-bfa8-a8ad23f2f868"",""replica"":""d74614c5-3877-4710-a4a1-8f41af3269ac""}",2026-07-28T14:54:29.622068526Z
	);,error,"{""level"":""error""}","{""project"":""e40824fb-b871-4f4a-bbd4-dc97257175b5"",""environment"":""71fe69c0-317e-4401-83e8-167236953714"",""service"":""98ac865d-3446-4204-8b6f-837e63498101"",""deployment"":""dcdde22b-483f-4551-bfa8-a8ad23f2f868"",""replica"":""d74614c5-3877-4710-a4a1-8f41af3269ac""}",2026-07-28T14:54:29.622076176Z
"	    brand_id            UUID NOT NULL REFERENCES brands(id) ON DELETE RESTRICT,",error,"{""level"":""error""}","{""project"":""e40824fb-b871-4f4a-bbd4-dc97257175b5"",""environment"":""71fe69c0-317e-4401-83e8-167236953714"",""service"":""98ac865d-3446-4204-8b6f-837e63498101"",""deployment"":""dcdde22b-483f-4551-bfa8-a8ad23f2f868"",""replica"":""d74614c5-3877-4710-a4a1-8f41af3269ac""}",2026-07-28T14:54:29.622079956Z
	CREATE INDEX IF NOT EXISTS idx_metrics_snapshot_influencer ON influencer_metrics_snapshot(influencer_id);,error,"{""level"":""error""}","{""project"":""e40824fb-b871-4f4a-bbd4-dc97257175b5"",""environment"":""71fe69c0-317e-4401-83e8-167236953714"",""service"":""98ac865d-3446-4204-8b6f-837e63498101"",""deployment"":""dcdde22b-483f-4551-bfa8-a8ad23f2f868"",""replica"":""d74614c5-3877-4710-a4a1-8f41af3269ac""}",2026-07-28T14:54:29.622083446Z
	CREATE INDEX IF NOT EXISTS idx_metrics_snapshot_date ON influencer_metrics_snapshot(snapshot_date DESC);,error,"{""level"":""error""}","{""project"":""e40824fb-b871-4f4a-bbd4-dc97257175b5"",""environment"":""71fe69c0-317e-4401-83e8-167236953714"",""service"":""98ac865d-3446-4204-8b6f-837e63498101"",""deployment"":""dcdde22b-483f-4551-bfa8-a8ad23f2f868"",""replica"":""d74614c5-3877-4710-a4a1-8f41af3269ac""}",2026-07-28T14:54:29.622087596Z
	,error,"{""level"":""error""}","{""project"":""e40824fb-b871-4f4a-bbd4-dc97257175b5"",""environment"":""71fe69c0-317e-4401-83e8-167236953714"",""service"":""98ac865d-3446-4204-8b6f-837e63498101"",""deployment"":""dcdde22b-483f-4551-bfa8-a8ad23f2f868"",""replica"":""d74614c5-3877-4710-a4a1-8f41af3269ac""}",2026-07-28T14:54:29.622091086Z
	CREATE TRIGGER trg_influencers_updated_at BEFORE UPDATE ON influencers,error,"{""level"":""error""}","{""project"":""e40824fb-b871-4f4a-bbd4-dc97257175b5"",""environment"":""71fe69c0-317e-4401-83e8-167236953714"",""service"":""98ac865d-3446-4204-8b6f-837e63498101"",""deployment"":""dcdde22b-483f-4551-bfa8-a8ad23f2f868"",""replica"":""d74614c5-3877-4710-a4a1-8f41af3269ac""}",2026-07-28T14:54:29.622094926Z
	    FOR EACH ROW EXECUTE FUNCTION public.set_updated_at();,error,"{""level"":""error""}","{""project"":""e40824fb-b871-4f4a-bbd4-dc97257175b5"",""environment"":""71fe69c0-317e-4401-83e8-167236953714"",""service"":""98ac865d-3446-4204-8b6f-837e63498101"",""deployment"":""dcdde22b-483f-4551-bfa8-a8ad23f2f868"",""replica"":""d74614c5-3877-4710-a4a1-8f41af3269ac""}",2026-07-28T14:54:29.622098566Z
	CREATE TRIGGER trg_social_accounts_updated_at BEFORE UPDATE ON influencer_social_accounts,error,"{""level"":""error""}","{""project"":""e40824fb-b871-4f4a-bbd4-dc97257175b5"",""environment"":""71fe69c0-317e-4401-83e8-167236953714"",""service"":""98ac865d-3446-4204-8b6f-837e63498101"",""deployment"":""dcdde22b-483f-4551-bfa8-a8ad23f2f868"",""replica"":""d74614c5-3877-4710-a4a1-8f41af3269ac""}",2026-07-28T14:54:29.622102586Z
	    FOR EACH ROW EXECUTE FUNCTION public.set_updated_at();,error,"{""level"":""error""}","{""project"":""e40824fb-b871-4f4a-bbd4-dc97257175b5"",""environment"":""71fe69c0-317e-4401-83e8-167236953714"",""service"":""98ac865d-3446-4204-8b6f-837e63498101"",""deployment"":""dcdde22b-483f-4551-bfa8-a8ad23f2f868"",""replica"":""d74614c5-3877-4710-a4a1-8f41af3269ac""}",2026-07-28T14:54:29.622106506Z
	,error,"{""level"":""error""}","{""project"":""e40824fb-b871-4f4a-bbd4-dc97257175b5"",""environment"":""71fe69c0-317e-4401-83e8-167236953714"",""service"":""98ac865d-3446-4204-8b6f-837e63498101"",""deployment"":""dcdde22b-483f-4551-bfa8-a8ad23f2f868"",""replica"":""d74614c5-3877-4710-a4a1-8f41af3269ac""}",2026-07-28T14:54:29.622109826Z
	-- =============================================================================,error,"{""level"":""error""}","{""project"":""e40824fb-b871-4f4a-bbd4-dc97257175b5"",""environment"":""71fe69c0-317e-4401-83e8-167236953714"",""service"":""98ac865d-3446-4204-8b6f-837e63498101"",""deployment"":""dcdde22b-483f-4551-bfa8-a8ad23f2f868"",""replica"":""d74614c5-3877-4710-a4a1-8f41af3269ac""}",2026-07-28T14:54:29.622112666Z
	-- PHASE 6: Campaigns (migration 0006 adapted),error,"{""level"":""error""}","{""project"":""e40824fb-b871-4f4a-bbd4-dc97257175b5"",""environment"":""71fe69c0-317e-4401-83e8-167236953714"",""service"":""98ac865d-3446-4204-8b6f-837e63498101"",""deployment"":""dcdde22b-483f-4551-bfa8-a8ad23f2f868"",""replica"":""d74614c5-3877-4710-a4a1-8f41af3269ac""}",2026-07-28T14:54:29.622115735Z
	-- =============================================================================,error,"{""level"":""error""}","{""project"":""e40824fb-b871-4f4a-bbd4-dc97257175b5"",""environment"":""71fe69c0-317e-4401-83e8-167236953714"",""service"":""98ac865d-3446-4204-8b6f-837e63498101"",""deployment"":""dcdde22b-483f-4551-bfa8-a8ad23f2f868"",""replica"":""d74614c5-3877-4710-a4a1-8f41af3269ac""}",2026-07-28T14:54:29.622118625Z
	,error,"{""level"":""error""}","{""project"":""e40824fb-b871-4f4a-bbd4-dc97257175b5"",""environment"":""71fe69c0-317e-4401-83e8-167236953714"",""service"":""98ac865d-3446-4204-8b6f-837e63498101"",""deployment"":""dcdde22b-483f-4551-bfa8-a8ad23f2f868"",""replica"":""d74614c5-3877-4710-a4a1-8f41af3269ac""}",2026-07-28T14:54:29.622121295Z
	CREATE TABLE IF NOT EXISTS campaigns (,error,"{""level"":""error""}","{""project"":""e40824fb-b871-4f4a-bbd4-dc97257175b5"",""environment"":""71fe69c0-317e-4401-83e8-167236953714"",""service"":""98ac865d-3446-4204-8b6f-837e63498101"",""deployment"":""dcdde22b-483f-4551-bfa8-a8ad23f2f868"",""replica"":""d74614c5-3877-4710-a4a1-8f41af3269ac""}",2026-07-28T14:54:29.622126955Z
"	    id                  UUID PRIMARY KEY DEFAULT extensions.uuid_generate_v4(),",error,"{""level"":""error""}","{""project"":""e40824fb-b871-4f4a-bbd4-dc97257175b5"",""environment"":""71fe69c0-317e-4401-83e8-167236953714"",""service"":""98ac865d-3446-4204-8b6f-837e63498101"",""deployment"":""dcdde22b-483f-4551-bfa8-a8ad23f2f868"",""replica"":""d74614c5-3877-4710-a4a1-8f41af3269ac""}",2026-07-28T14:54:29.622129505Z
"	    team_id             UUID REFERENCES teams(id) ON DELETE SET NULL,",error,"{""level"":""error""}","{""project"":""e40824fb-b871-4f4a-bbd4-dc97257175b5"",""environment"":""71fe69c0-317e-4401-83e8-167236953714"",""service"":""98ac865d-3446-4204-8b6f-837e63498101"",""deployment"":""dcdde22b-483f-4551-bfa8-a8ad23f2f868"",""replica"":""d74614c5-3877-4710-a4a1-8f41af3269ac""}",2026-07-28T14:54:29.623216521Z
"	    tags                TEXT[] NOT NULL DEFAULT '{}',",error,"{""level"":""error""}","{""project"":""e40824fb-b871-4f4a-bbd4-dc97257175b5"",""environment"":""71fe69c0-317e-4401-83e8-167236953714"",""service"":""98ac865d-3446-4204-8b6f-837e63498101"",""deployment"":""dcdde22b-483f-4551-bfa8-a8ad23f2f868"",""replica"":""d74614c5-3877-4710-a4a1-8f41af3269ac""}",2026-07-28T14:54:29.623223311Z
"	    name                TEXT NOT NULL,",error,"{""level"":""error""}","{""project"":""e40824fb-b871-4f4a-bbd4-dc97257175b5"",""environment"":""71fe69c0-317e-4401-83e8-167236953714"",""service"":""98ac865d-3446-4204-8b6f-837e63498101"",""deployment"":""dcdde22b-483f-4551-bfa8-a8ad23f2f868"",""replica"":""d74614c5-3877-4710-a4a1-8f41af3269ac""}",2026-07-28T14:54:29.623231591Z
"	    notes               TEXT,",error,"{""level"":""error""}","{""project"":""e40824fb-b871-4f4a-bbd4-dc97257175b5"",""environment"":""71fe69c0-317e-4401-83e8-167236953714"",""service"":""98ac865d-3446-4204-8b6f-837e63498101"",""deployment"":""dcdde22b-483f-4551-bfa8-a8ad23f2f868"",""replica"":""d74614c5-3877-4710-a4a1-8f41af3269ac""}",2026-07-28T14:54:29.623233451Z
"	    campaign_type       TEXT,",error,"{""level"":""error""}","{""project"":""e40824fb-b871-4f4a-bbd4-dc97257175b5"",""environment"":""71fe69c0-317e-4401-83e8-167236953714"",""service"":""98ac865d-3446-4204-8b6f-837e63498101"",""deployment"":""dcdde22b-483f-4551-bfa8-a8ad23f2f868"",""replica"":""d74614c5-3877-4710-a4a1-8f41af3269ac""}",2026-07-28T14:54:29.623243021Z
"	    metadata            JSONB NOT NULL DEFAULT '{}'::jsonb,",error,"{""level"":""error""}","{""project"":""e40824fb-b871-4f4a-bbd4-dc97257175b5"",""environment"":""71fe69c0-317e-4401-83e8-167236953714"",""service"":""98ac865d-3446-4204-8b6f-837e63498101"",""deployment"":""dcdde22b-483f-4551-bfa8-a8ad23f2f868"",""replica"":""d74614c5-3877-4710-a4a1-8f41af3269ac""}",2026-07-28T14:54:29.623244341Z
"	    objective           campaign_objective NOT NULL,",error,"{""level"":""error""}","{""project"":""e40824fb-b871-4f4a-bbd4-dc97257175b5"",""environment"":""71fe69c0-317e-4401-83e8-167236953714"",""service"":""98ac865d-3446-4204-8b6f-837e63498101"",""deployment"":""dcdde22b-483f-4551-bfa8-a8ad23f2f868"",""replica"":""d74614c5-3877-4710-a4a1-8f41af3269ac""}",2026-07-28T14:54:29.623250181Z
"	    created_by          UUID REFERENCES users(id) ON DELETE SET NULL,",error,"{""level"":""error""}","{""project"":""e40824fb-b871-4f4a-bbd4-dc97257175b5"",""environment"":""71fe69c0-317e-4401-83e8-167236953714"",""service"":""98ac865d-3446-4204-8b6f-837e63498101"",""deployment"":""dcdde22b-483f-4551-bfa8-a8ad23f2f868"",""replica"":""d74614c5-3877-4710-a4a1-8f41af3269ac""}",2026-07-28T14:54:29.623253301Z
"	    secondary_objectives campaign_objective[] NOT NULL DEFAULT '{}',",error,"{""level"":""error""}","{""project"":""e40824fb-b871-4f4a-bbd4-dc97257175b5"",""environment"":""71fe69c0-317e-4401-83e8-167236953714"",""service"":""98ac865d-3446-4204-8b6f-837e63498101"",""deployment"":""dcdde22b-483f-4551-bfa8-a8ad23f2f868"",""replica"":""d74614c5-3877-4710-a4a1-8f41af3269ac""}",2026-07-28T14:54:29.623257481Z
"	    created_at          TIMESTAMPTZ NOT NULL DEFAULT NOW(),",error,"{""level"":""error""}","{""project"":""e40824fb-b871-4f4a-bbd4-dc97257175b5"",""environment"":""71fe69c0-317e-4401-83e8-167236953714"",""service"":""98ac865d-3446-4204-8b6f-837e63498101"",""deployment"":""dcdde22b-483f-4551-bfa8-a8ad23f2f868"",""replica"":""d74614c5-3877-4710-a4a1-8f41af3269ac""}",2026-07-28T14:54:29.623264311Z
"	    influencer_tiers     influencer_tier[] NOT NULL DEFAULT '{}',",error,"{""level"":""error""}","{""project"":""e40824fb-b871-4f4a-bbd4-dc97257175b5"",""environment"":""71fe69c0-317e-4401-83e8-167236953714"",""service"":""98ac865d-3446-4204-8b6f-837e63498101"",""deployment"":""dcdde22b-483f-4551-bfa8-a8ad23f2f868"",""replica"":""d74614c5-3877-4710-a4a1-8f41af3269ac""}",2026-07-28T14:54:29.623265471Z
"	    target_audience     TEXT,",error,"{""level"":""error""}","{""project"":""e40824fb-b871-4f4a-bbd4-dc97257175b5"",""environment"":""71fe69c0-317e-4401-83e8-167236953714"",""service"":""98ac865d-3446-4204-8b6f-837e63498101"",""deployment"":""dcdde22b-483f-4551-bfa8-a8ad23f2f868"",""replica"":""d74614c5-3877-4710-a4a1-8f41af3269ac""}",2026-07-28T14:54:29.623273591Z
"	    updated_at          TIMESTAMPTZ NOT NULL DEFAULT NOW(),",error,"{""level"":""error""}","{""project"":""e40824fb-b871-4f4a-bbd4-dc97257175b5"",""environment"":""71fe69c0-317e-4401-83e8-167236953714"",""service"":""98ac865d-3446-4204-8b6f-837e63498101"",""deployment"":""dcdde22b-483f-4551-bfa8-a8ad23f2f868"",""replica"":""d74614c5-3877-4710-a4a1-8f41af3269ac""}",2026-07-28T14:54:29.623274931Z
"	    start_date          DATE,",error,"{""level"":""error""}","{""project"":""e40824fb-b871-4f4a-bbd4-dc97257175b5"",""environment"":""71fe69c0-317e-4401-83e8-167236953714"",""service"":""98ac865d-3446-4204-8b6f-837e63498101"",""deployment"":""dcdde22b-483f-4551-bfa8-a8ad23f2f868"",""replica"":""d74614c5-3877-4710-a4a1-8f41af3269ac""}",2026-07-28T14:54:29.623278711Z
"	    end_date            DATE,",error,"{""level"":""error""}","{""project"":""e40824fb-b871-4f4a-bbd4-dc97257175b5"",""environment"":""71fe69c0-317e-4401-83e8-167236953714"",""service"":""98ac865d-3446-4204-8b6f-837e63498101"",""deployment"":""dcdde22b-483f-4551-bfa8-a8ad23f2f868"",""replica"":""d74614c5-3877-4710-a4a1-8f41af3269ac""}",2026-07-28T14:54:29.623282790Z
"	    budget_total        NUMERIC(15, 2),",error,"{""level"":""error""}","{""project"":""e40824fb-b871-4f4a-bbd4-dc97257175b5"",""environment"":""71fe69c0-317e-4401-83e8-167236953714"",""service"":""98ac865d-3446-4204-8b6f-837e63498101"",""deployment"":""dcdde22b-483f-4551-bfa8-a8ad23f2f868"",""replica"":""d74614c5-3877-4710-a4a1-8f41af3269ac""}",2026-07-28T14:54:29.623286730Z
"	    budget_currency     TEXT NOT NULL DEFAULT 'USD',",error,"{""level"":""error""}","{""project"":""e40824fb-b871-4f4a-bbd4-dc97257175b5"",""environment"":""71fe69c0-317e-4401-83e8-167236953714"",""service"":""98ac865d-3446-4204-8b6f-837e63498101"",""deployment"":""dcdde22b-483f-4551-bfa8-a8ad23f2f868"",""replica"":""d74614c5-3877-4710-a4a1-8f41af3269ac""}",2026-07-28T14:54:29.623290480Z
"	    num_influencers     INTEGER NOT NULL DEFAULT 0,",error,"{""level"":""error""}","{""project"":""e40824fb-b871-4f4a-bbd4-dc97257175b5"",""environment"":""71fe69c0-317e-4401-83e8-167236953714"",""service"":""98ac865d-3446-4204-8b6f-837e63498101"",""deployment"":""dcdde22b-483f-4551-bfa8-a8ad23f2f868"",""replica"":""d74614c5-3877-4710-a4a1-8f41af3269ac""}",2026-07-28T14:54:29.623294110Z
"	    status              campaign_status NOT NULL DEFAULT 'BRIEF',",error,"{""level"":""error""}","{""project"":""e40824fb-b871-4f4a-bbd4-dc97257175b5"",""environment"":""71fe69c0-317e-4401-83e8-167236953714"",""service"":""98ac865d-3446-4204-8b6f-837e63498101"",""deployment"":""dcdde22b-483f-4551-bfa8-a8ad23f2f868"",""replica"":""d74614c5-3877-4710-a4a1-8f41af3269ac""}",2026-07-28T14:54:29.623297730Z
"	    owner_user_id       UUID REFERENCES users(id) ON DELETE SET NULL,",error,"{""level"":""error""}","{""project"":""e40824fb-b871-4f4a-bbd4-dc97257175b5"",""environment"":""71fe69c0-317e-4401-83e8-167236953714"",""service"":""98ac865d-3446-4204-8b6f-837e63498101"",""deployment"":""dcdde22b-483f-4551-bfa8-a8ad23f2f868"",""replica"":""d74614c5-3877-4710-a4a1-8f41af3269ac""}",2026-07-28T14:54:29.623301290Z
"	    business_unit_id    UUID REFERENCES business_units(id) ON DELETE SET NULL,",error,"{""level"":""error""}","{""project"":""e40824fb-b871-4f4a-bbd4-dc97257175b5"",""environment"":""71fe69c0-317e-4401-83e8-167236953714"",""service"":""98ac865d-3446-4204-8b6f-837e63498101"",""deployment"":""dcdde22b-483f-4551-bfa8-a8ad23f2f868"",""replica"":""d74614c5-3877-4710-a4a1-8f41af3269ac""}",2026-07-28T14:54:29.623304970Z
"	    from_status     campaign_status,",error,"{""level"":""error""}","{""project"":""e40824fb-b871-4f4a-bbd4-dc97257175b5"",""environment"":""71fe69c0-317e-4401-83e8-167236953714"",""service"":""98ac865d-3446-4204-8b6f-837e63498101"",""deployment"":""dcdde22b-483f-4551-bfa8-a8ad23f2f868"",""replica"":""d74614c5-3877-4710-a4a1-8f41af3269ac""}",2026-07-28T14:54:29.623913292Z
"	    to_status       campaign_status NOT NULL,",error,"{""level"":""error""}","{""project"":""e40824fb-b871-4f4a-bbd4-dc97257175b5"",""environment"":""71fe69c0-317e-4401-83e8-167236953714"",""service"":""98ac865d-3446-4204-8b6f-837e63498101"",""deployment"":""dcdde22b-483f-4551-bfa8-a8ad23f2f868"",""replica"":""d74614c5-3877-4710-a4a1-8f41af3269ac""}",2026-07-28T14:54:29.623917202Z
"	    changed_by      UUID REFERENCES users(id) ON DELETE SET NULL,",error,"{""level"":""error""}","{""project"":""e40824fb-b871-4f4a-bbd4-dc97257175b5"",""environment"":""71fe69c0-317e-4401-83e8-167236953714"",""service"":""98ac865d-3446-4204-8b6f-837e63498101"",""deployment"":""dcdde22b-483f-4551-bfa8-a8ad23f2f868"",""replica"":""d74614c5-3877-4710-a4a1-8f41af3269ac""}",2026-07-28T14:54:29.623920532Z
"	    deleted_at          TIMESTAMPTZ,",error,"{""level"":""error""}","{""project"":""e40824fb-b871-4f4a-bbd4-dc97257175b5"",""environment"":""71fe69c0-317e-4401-83e8-167236953714"",""service"":""98ac865d-3446-4204-8b6f-837e63498101"",""deployment"":""dcdde22b-483f-4551-bfa8-a8ad23f2f868"",""replica"":""d74614c5-3877-4710-a4a1-8f41af3269ac""}",2026-07-28T14:54:29.623929552Z
	    CONSTRAINT chk_campaign_dates CHECK (end_date IS NULL OR start_date IS NULL OR end_date >= start_date),error,"{""level"":""error""}","{""project"":""e40824fb-b871-4f4a-bbd4-dc97257175b5"",""environment"":""71fe69c0-317e-4401-83e8-167236953714"",""service"":""98ac865d-3446-4204-8b6f-837e63498101"",""deployment"":""dcdde22b-483f-4551-bfa8-a8ad23f2f868"",""replica"":""d74614c5-3877-4710-a4a1-8f41af3269ac""}",2026-07-28T14:54:29.623933772Z
	);,error,"{""level"":""error""}","{""project"":""e40824fb-b871-4f4a-bbd4-dc97257175b5"",""environment"":""71fe69c0-317e-4401-83e8-167236953714"",""service"":""98ac865d-3446-4204-8b6f-837e63498101"",""deployment"":""dcdde22b-483f-4551-bfa8-a8ad23f2f868"",""replica"":""d74614c5-3877-4710-a4a1-8f41af3269ac""}",2026-07-28T14:54:29.623936372Z
	CREATE INDEX IF NOT EXISTS idx_campaigns_client ON campaigns(client_id);,error,"{""level"":""error""}","{""project"":""e40824fb-b871-4f4a-bbd4-dc97257175b5"",""environment"":""71fe69c0-317e-4401-83e8-167236953714"",""service"":""98ac865d-3446-4204-8b6f-837e63498101"",""deployment"":""dcdde22b-483f-4551-bfa8-a8ad23f2f868"",""replica"":""d74614c5-3877-4710-a4a1-8f41af3269ac""}",2026-07-28T14:54:29.623938852Z
	CREATE INDEX IF NOT EXISTS idx_campaigns_brand ON campaigns(brand_id);,error,"{""level"":""error""}","{""project"":""e40824fb-b871-4f4a-bbd4-dc97257175b5"",""environment"":""71fe69c0-317e-4401-83e8-167236953714"",""service"":""98ac865d-3446-4204-8b6f-837e63498101"",""deployment"":""dcdde22b-483f-4551-bfa8-a8ad23f2f868"",""replica"":""d74614c5-3877-4710-a4a1-8f41af3269ac""}",2026-07-28T14:54:29.623941462Z
	CREATE INDEX IF NOT EXISTS idx_campaigns_status ON campaigns(status);,error,"{""level"":""error""}","{""project"":""e40824fb-b871-4f4a-bbd4-dc97257175b5"",""environment"":""71fe69c0-317e-4401-83e8-167236953714"",""service"":""98ac865d-3446-4204-8b6f-837e63498101"",""deployment"":""dcdde22b-483f-4551-bfa8-a8ad23f2f868"",""replica"":""d74614c5-3877-4710-a4a1-8f41af3269ac""}",2026-07-28T14:54:29.623944291Z
	CREATE INDEX IF NOT EXISTS idx_campaigns_objective ON campaigns(objective);,error,"{""level"":""error""}","{""project"":""e40824fb-b871-4f4a-bbd4-dc97257175b5"",""environment"":""71fe69c0-317e-4401-83e8-167236953714"",""service"":""98ac865d-3446-4204-8b6f-837e63498101"",""deployment"":""dcdde22b-483f-4551-bfa8-a8ad23f2f868"",""replica"":""d74614c5-3877-4710-a4a1-8f41af3269ac""}",2026-07-28T14:54:29.623947201Z
"	CREATE INDEX IF NOT EXISTS idx_campaigns_dates ON campaigns(start_date, end_date);",error,"{""level"":""error""}","{""project"":""e40824fb-b871-4f4a-bbd4-dc97257175b5"",""environment"":""71fe69c0-317e-4401-83e8-167236953714"",""service"":""98ac865d-3446-4204-8b6f-837e63498101"",""deployment"":""dcdde22b-483f-4551-bfa8-a8ad23f2f868"",""replica"":""d74614c5-3877-4710-a4a1-8f41af3269ac""}",2026-07-28T14:54:29.623950081Z
	CREATE INDEX IF NOT EXISTS idx_campaigns_owner ON campaigns(owner_user_id);,error,"{""level"":""error""}","{""project"":""e40824fb-b871-4f4a-bbd4-dc97257175b5"",""environment"":""71fe69c0-317e-4401-83e8-167236953714"",""service"":""98ac865d-3446-4204-8b6f-837e63498101"",""deployment"":""dcdde22b-483f-4551-bfa8-a8ad23f2f868"",""replica"":""d74614c5-3877-4710-a4a1-8f41af3269ac""}",2026-07-28T14:54:29.623953111Z
	CREATE INDEX IF NOT EXISTS idx_campaigns_bu ON campaigns(business_unit_id);,error,"{""level"":""error""}","{""project"":""e40824fb-b871-4f4a-bbd4-dc97257175b5"",""environment"":""71fe69c0-317e-4401-83e8-167236953714"",""service"":""98ac865d-3446-4204-8b6f-837e63498101"",""deployment"":""dcdde22b-483f-4551-bfa8-a8ad23f2f868"",""replica"":""d74614c5-3877-4710-a4a1-8f41af3269ac""}",2026-07-28T14:54:29.623955671Z
	CREATE INDEX IF NOT EXISTS idx_campaigns_tags ON campaigns USING GIN(tags);,error,"{""level"":""error""}","{""project"":""e40824fb-b871-4f4a-bbd4-dc97257175b5"",""environment"":""71fe69c0-317e-4401-83e8-167236953714"",""service"":""98ac865d-3446-4204-8b6f-837e63498101"",""deployment"":""dcdde22b-483f-4551-bfa8-a8ad23f2f868"",""replica"":""d74614c5-3877-4710-a4a1-8f41af3269ac""}",2026-07-28T14:54:29.623958441Z
	CREATE INDEX IF NOT EXISTS idx_campaigns_active ON campaigns(deleted_at) WHERE deleted_at IS NULL;,error,"{""level"":""error""}","{""project"":""e40824fb-b871-4f4a-bbd4-dc97257175b5"",""environment"":""71fe69c0-317e-4401-83e8-167236953714"",""service"":""98ac865d-3446-4204-8b6f-837e63498101"",""deployment"":""dcdde22b-483f-4551-bfa8-a8ad23f2f868"",""replica"":""d74614c5-3877-4710-a4a1-8f41af3269ac""}",2026-07-28T14:54:29.623961741Z
	,error,"{""level"":""error""}","{""project"":""e40824fb-b871-4f4a-bbd4-dc97257175b5"",""environment"":""71fe69c0-317e-4401-83e8-167236953714"",""service"":""98ac865d-3446-4204-8b6f-837e63498101"",""deployment"":""dcdde22b-483f-4551-bfa8-a8ad23f2f868"",""replica"":""d74614c5-3877-4710-a4a1-8f41af3269ac""}",2026-07-28T14:54:29.623964651Z
	CREATE TABLE IF NOT EXISTS campaign_status_history (,error,"{""level"":""error""}","{""project"":""e40824fb-b871-4f4a-bbd4-dc97257175b5"",""environment"":""71fe69c0-317e-4401-83e8-167236953714"",""service"":""98ac865d-3446-4204-8b6f-837e63498101"",""deployment"":""dcdde22b-483f-4551-bfa8-a8ad23f2f868"",""replica"":""d74614c5-3877-4710-a4a1-8f41af3269ac""}",2026-07-28T14:54:29.623967331Z
"	    id              UUID PRIMARY KEY DEFAULT extensions.uuid_generate_v4(),",error,"{""level"":""error""}","{""project"":""e40824fb-b871-4f4a-bbd4-dc97257175b5"",""environment"":""71fe69c0-317e-4401-83e8-167236953714"",""service"":""98ac865d-3446-4204-8b6f-837e63498101"",""deployment"":""dcdde22b-483f-4551-bfa8-a8ad23f2f868"",""replica"":""d74614c5-3877-4710-a4a1-8f41af3269ac""}",2026-07-28T14:54:29.623969981Z
"	    campaign_id     UUID NOT NULL REFERENCES campaigns(id) ON DELETE CASCADE,",error,"{""level"":""error""}","{""project"":""e40824fb-b871-4f4a-bbd4-dc97257175b5"",""environment"":""71fe69c0-317e-4401-83e8-167236953714"",""service"":""98ac865d-3446-4204-8b6f-837e63498101"",""deployment"":""dcdde22b-483f-4551-bfa8-a8ad23f2f868"",""replica"":""d74614c5-3877-4710-a4a1-8f41af3269ac""}",2026-07-28T14:54:29.623972341Z
"	    reason          TEXT,",error,"{""level"":""error""}","{""project"":""e40824fb-b871-4f4a-bbd4-dc97257175b5"",""environment"":""71fe69c0-317e-4401-83e8-167236953714"",""service"":""98ac865d-3446-4204-8b6f-837e63498101"",""deployment"":""dcdde22b-483f-4551-bfa8-a8ad23f2f868"",""replica"":""d74614c5-3877-4710-a4a1-8f41af3269ac""}",2026-07-28T14:54:29.624844300Z
	    created_at      TIMESTAMPTZ NOT NULL DEFAULT NOW(),error,"{""level"":""error""}","{""project"":""e40824fb-b871-4f4a-bbd4-dc97257175b5"",""environment"":""71fe69c0-317e-4401-83e8-167236953714"",""service"":""98ac865d-3446-4204-8b6f-837e63498101"",""deployment"":""dcdde22b-483f-4551-bfa8-a8ad23f2f868"",""replica"":""d74614c5-3877-4710-a4a1-8f41af3269ac""}",2026-07-28T14:54:29.624850010Z
	);,error,"{""level"":""error""}","{""project"":""e40824fb-b871-4f4a-bbd4-dc97257175b5"",""environment"":""71fe69c0-317e-4401-83e8-167236953714"",""service"":""98ac865d-3446-4204-8b6f-837e63498101"",""deployment"":""dcdde22b-483f-4551-bfa8-a8ad23f2f868"",""replica"":""d74614c5-3877-4710-a4a1-8f41af3269ac""}",2026-07-28T14:54:29.624855400Z
"	CREATE INDEX IF NOT EXISTS idx_status_history_campaign ON campaign_status_history(campaign_id, created_at DESC);",error,"{""level"":""error""}","{""project"":""e40824fb-b871-4f4a-bbd4-dc97257175b5"",""environment"":""71fe69c0-317e-4401-83e8-167236953714"",""service"":""98ac865d-3446-4204-8b6f-837e63498101"",""deployment"":""dcdde22b-483f-4551-bfa8-a8ad23f2f868"",""replica"":""d74614c5-3877-4710-a4a1-8f41af3269ac""}",2026-07-28T14:54:29.624859920Z
	,error,"{""level"":""error""}","{""project"":""e40824fb-b871-4f4a-bbd4-dc97257175b5"",""environment"":""71fe69c0-317e-4401-83e8-167236953714"",""service"":""98ac865d-3446-4204-8b6f-837e63498101"",""deployment"":""dcdde22b-483f-4551-bfa8-a8ad23f2f868"",""replica"":""d74614c5-3877-4710-a4a1-8f41af3269ac""}",2026-07-28T14:54:29.624864940Z
	CREATE TABLE IF NOT EXISTS campaign_influencers (,error,"{""level"":""error""}","{""project"":""e40824fb-b871-4f4a-bbd4-dc97257175b5"",""environment"":""71fe69c0-317e-4401-83e8-167236953714"",""service"":""98ac865d-3446-4204-8b6f-837e63498101"",""deployment"":""dcdde22b-483f-4551-bfa8-a8ad23f2f868"",""replica"":""d74614c5-3877-4710-a4a1-8f41af3269ac""}",2026-07-28T14:54:29.624870310Z
"	    id              UUID PRIMARY KEY DEFAULT extensions.uuid_generate_v4(),",error,"{""level"":""error""}","{""project"":""e40824fb-b871-4f4a-bbd4-dc97257175b5"",""environment"":""71fe69c0-317e-4401-83e8-167236953714"",""service"":""98ac865d-3446-4204-8b6f-837e63498101"",""deployment"":""dcdde22b-483f-4551-bfa8-a8ad23f2f868"",""replica"":""d74614c5-3877-4710-a4a1-8f41af3269ac""}",2026-07-28T14:54:29.624874700Z
"	    campaign_id     UUID NOT NULL REFERENCES campaigns(id) ON DELETE CASCADE,",error,"{""level"":""error""}","{""project"":""e40824fb-b871-4f4a-bbd4-dc97257175b5"",""environment"":""71fe69c0-317e-4401-83e8-167236953714"",""service"":""98ac865d-3446-4204-8b6f-837e63498101"",""deployment"":""dcdde22b-483f-4551-bfa8-a8ad23f2f868"",""replica"":""d74614c5-3877-4710-a4a1-8f41af3269ac""}",2026-07-28T14:54:29.624879240Z
"	    influencer_id   UUID NOT NULL REFERENCES influencers(id) ON DELETE RESTRICT,",error,"{""level"":""error""}","{""project"":""e40824fb-b871-4f4a-bbd4-dc97257175b5"",""environment"":""71fe69c0-317e-4401-83e8-167236953714"",""service"":""98ac865d-3446-4204-8b6f-837e63498101"",""deployment"":""dcdde22b-483f-4551-bfa8-a8ad23f2f868"",""replica"":""d74614c5-3877-4710-a4a1-8f41af3269ac""}",2026-07-28T14:54:29.624883750Z
"	    role            TEXT,",error,"{""level"":""error""}","{""project"":""e40824fb-b871-4f4a-bbd4-dc97257175b5"",""environment"":""71fe69c0-317e-4401-83e8-167236953714"",""service"":""98ac865d-3446-4204-8b6f-837e63498101"",""deployment"":""dcdde22b-483f-4551-bfa8-a8ad23f2f868"",""replica"":""d74614c5-3877-4710-a4a1-8f41af3269ac""}",2026-07-28T14:54:29.624888930Z
"	    tier            influencer_tier NOT NULL,",error,"{""level"":""error""}","{""project"":""e40824fb-b871-4f4a-bbd4-dc97257175b5"",""environment"":""71fe69c0-317e-4401-83e8-167236953714"",""service"":""98ac865d-3446-4204-8b6f-837e63498101"",""deployment"":""dcdde22b-483f-4551-bfa8-a8ad23f2f868"",""replica"":""d74614c5-3877-4710-a4a1-8f41af3269ac""}",2026-07-28T14:54:29.624893530Z
"	    agreed_fee      NUMERIC(12, 2),",error,"{""level"":""error""}","{""project"":""e40824fb-b871-4f4a-bbd4-dc97257175b5"",""environment"":""71fe69c0-317e-4401-83e8-167236953714"",""service"":""98ac865d-3446-4204-8b6f-837e63498101"",""deployment"":""dcdde22b-483f-4551-bfa8-a8ad23f2f868"",""replica"":""d74614c5-3877-4710-a4a1-8f41af3269ac""}",2026-07-28T14:54:29.624898299Z
"	    currency        TEXT NOT NULL DEFAULT 'USD',",error,"{""level"":""error""}","{""project"":""e40824fb-b871-4f4a-bbd4-dc97257175b5"",""environment"":""71fe69c0-317e-4401-83e8-167236953714"",""service"":""98ac865d-3446-4204-8b6f-837e63498101"",""deployment"":""dcdde22b-483f-4551-bfa8-a8ad23f2f868"",""replica"":""d74614c5-3877-4710-a4a1-8f41af3269ac""}",2026-07-28T14:54:29.624902969Z
"	    deliverables    JSONB NOT NULL DEFAULT '[]'::jsonb,",error,"{""level"":""error""}","{""project"":""e40824fb-b871-4f4a-bbd4-dc97257175b5"",""environment"":""71fe69c0-317e-4401-83e8-167236953714"",""service"":""98ac865d-3446-4204-8b6f-837e63498101"",""deployment"":""dcdde22b-483f-4551-bfa8-a8ad23f2f868"",""replica"":""d74614c5-3877-4710-a4a1-8f41af3269ac""}",2026-07-28T14:54:29.624908019Z
"	    status          campaign_influencer_status NOT NULL DEFAULT 'PROPUESTO',",error,"{""level"":""error""}","{""project"":""e40824fb-b871-4f4a-bbd4-dc97257175b5"",""environment"":""71fe69c0-317e-4401-83e8-167236953714"",""service"":""98ac865d-3446-4204-8b6f-837e63498101"",""deployment"":""dcdde22b-483f-4551-bfa8-a8ad23f2f868"",""replica"":""d74614c5-3877-4710-a4a1-8f41af3269ac""}",2026-07-28T14:54:29.624913199Z
"	    contracted_at   TIMESTAMPTZ,",error,"{""level"":""error""}","{""project"":""e40824fb-b871-4f4a-bbd4-dc97257175b5"",""environment"":""71fe69c0-317e-4401-83e8-167236953714"",""service"":""98ac865d-3446-4204-8b6f-837e63498101"",""deployment"":""dcdde22b-483f-4551-bfa8-a8ad23f2f868"",""replica"":""d74614c5-3877-4710-a4a1-8f41af3269ac""}",2026-07-28T14:54:29.624918269Z
"	    delivered_at    TIMESTAMPTZ,",error,"{""level"":""error""}","{""project"":""e40824fb-b871-4f4a-bbd4-dc97257175b5"",""environment"":""71fe69c0-317e-4401-83e8-167236953714"",""service"":""98ac865d-3446-4204-8b6f-837e63498101"",""deployment"":""dcdde22b-483f-4551-bfa8-a8ad23f2f868"",""replica"":""d74614c5-3877-4710-a4a1-8f41af3269ac""}",2026-07-28T14:54:29.624922729Z
"	    notes           TEXT,",error,"{""level"":""error""}","{""project"":""e40824fb-b871-4f4a-bbd4-dc97257175b5"",""environment"":""71fe69c0-317e-4401-83e8-167236953714"",""service"":""98ac865d-3446-4204-8b6f-837e63498101"",""deployment"":""dcdde22b-483f-4551-bfa8-a8ad23f2f868"",""replica"":""d74614c5-3877-4710-a4a1-8f41af3269ac""}",2026-07-28T14:54:29.624927409Z
"	    created_at      TIMESTAMPTZ NOT NULL DEFAULT NOW(),",error,"{""level"":""error""}","{""project"":""e40824fb-b871-4f4a-bbd4-dc97257175b5"",""environment"":""71fe69c0-317e-4401-83e8-167236953714"",""service"":""98ac865d-3446-4204-8b6f-837e63498101"",""deployment"":""dcdde22b-483f-4551-bfa8-a8ad23f2f868"",""replica"":""d74614c5-3877-4710-a4a1-8f41af3269ac""}",2026-07-28T14:54:29.624931879Z
"	    updated_at      TIMESTAMPTZ NOT NULL DEFAULT NOW(),",error,"{""level"":""error""}","{""project"":""e40824fb-b871-4f4a-bbd4-dc97257175b5"",""environment"":""71fe69c0-317e-4401-83e8-167236953714"",""service"":""98ac865d-3446-4204-8b6f-837e63498101"",""deployment"":""dcdde22b-483f-4551-bfa8-a8ad23f2f868"",""replica"":""d74614c5-3877-4710-a4a1-8f41af3269ac""}",2026-07-28T14:54:29.624936319Z
"	    UNIQUE (campaign_id, influencer_id)",error,"{""level"":""error""}","{""project"":""e40824fb-b871-4f4a-bbd4-dc97257175b5"",""environment"":""71fe69c0-317e-4401-83e8-167236953714"",""service"":""98ac865d-3446-4204-8b6f-837e63498101"",""deployment"":""dcdde22b-483f-4551-bfa8-a8ad23f2f868"",""replica"":""d74614c5-3877-4710-a4a1-8f41af3269ac""}",2026-07-28T14:54:29.624941149Z
	);,error,"{""level"":""error""}","{""project"":""e40824fb-b871-4f4a-bbd4-dc97257175b5"",""environment"":""71fe69c0-317e-4401-83e8-167236953714"",""service"":""98ac865d-3446-4204-8b6f-837e63498101"",""deployment"":""dcdde22b-483f-4551-bfa8-a8ad23f2f868"",""replica"":""d74614c5-3877-4710-a4a1-8f41af3269ac""}",2026-07-28T14:54:29.624945709Z
	CREATE INDEX IF NOT EXISTS idx_campaign_influencers_campaign ON campaign_influencers(campaign_id);,error,"{""level"":""error""}","{""project"":""e40824fb-b871-4f4a-bbd4-dc97257175b5"",""environment"":""71fe69c0-317e-4401-83e8-167236953714"",""service"":""98ac865d-3446-4204-8b6f-837e63498101"",""deployment"":""dcdde22b-483f-4551-bfa8-a8ad23f2f868"",""replica"":""d74614c5-3877-4710-a4a1-8f41af3269ac""}",2026-07-28T14:54:29.624949859Z
	CREATE INDEX IF NOT EXISTS idx_campaign_links_campaign ON campaign_links(campaign_id);,error,"{""level"":""error""}","{""project"":""e40824fb-b871-4f4a-bbd4-dc97257175b5"",""environment"":""71fe69c0-317e-4401-83e8-167236953714"",""service"":""98ac865d-3446-4204-8b6f-837e63498101"",""deployment"":""dcdde22b-483f-4551-bfa8-a8ad23f2f868"",""replica"":""d74614c5-3877-4710-a4a1-8f41af3269ac""}",2026-07-28T14:54:29.626654798Z
	CREATE INDEX IF NOT EXISTS idx_campaign_links_type ON campaign_links(link_type);,error,"{""level"":""error""}","{""project"":""e40824fb-b871-4f4a-bbd4-dc97257175b5"",""environment"":""71fe69c0-317e-4401-83e8-167236953714"",""service"":""98ac865d-3446-4204-8b6f-837e63498101"",""deployment"":""dcdde22b-483f-4551-bfa8-a8ad23f2f868"",""replica"":""d74614c5-3877-4710-a4a1-8f41af3269ac""}",2026-07-28T14:54:29.626660138Z
	,error,"{""level"":""error""}","{""project"":""e40824fb-b871-4f4a-bbd4-dc97257175b5"",""environment"":""71fe69c0-317e-4401-83e8-167236953714"",""service"":""98ac865d-3446-4204-8b6f-837e63498101"",""deployment"":""dcdde22b-483f-4551-bfa8-a8ad23f2f868"",""replica"":""d74614c5-3877-4710-a4a1-8f41af3269ac""}",2026-07-28T14:54:29.626664597Z
	CREATE TABLE IF NOT EXISTS campaign_documents (,error,"{""level"":""error""}","{""project"":""e40824fb-b871-4f4a-bbd4-dc97257175b5"",""environment"":""71fe69c0-317e-4401-83e8-167236953714"",""service"":""98ac865d-3446-4204-8b6f-837e63498101"",""deployment"":""dcdde22b-483f-4551-bfa8-a8ad23f2f868"",""replica"":""d74614c5-3877-4710-a4a1-8f41af3269ac""}",2026-07-28T14:54:29.626668807Z
"	    id              UUID PRIMARY KEY DEFAULT extensions.uuid_generate_v4(),",error,"{""level"":""error""}","{""project"":""e40824fb-b871-4f4a-bbd4-dc97257175b5"",""environment"":""71fe69c0-317e-4401-83e8-167236953714"",""service"":""98ac865d-3446-4204-8b6f-837e63498101"",""deployment"":""dcdde22b-483f-4551-bfa8-a8ad23f2f868"",""replica"":""d74614c5-3877-4710-a4a1-8f41af3269ac""}",2026-07-28T14:54:29.626673567Z
"	    campaign_id     UUID NOT NULL REFERENCES campaigns(id) ON DELETE CASCADE,",error,"{""level"":""error""}","{""project"":""e40824fb-b871-4f4a-bbd4-dc97257175b5"",""environment"":""71fe69c0-317e-4401-83e8-167236953714"",""service"":""98ac865d-3446-4204-8b6f-837e63498101"",""deployment"":""dcdde22b-483f-4551-bfa8-a8ad23f2f868"",""replica"":""d74614c5-3877-4710-a4a1-8f41af3269ac""}",2026-07-28T14:54:29.626677937Z
"	    doc_type        campaign_link_type NOT NULL,",error,"{""level"":""error""}","{""project"":""e40824fb-b871-4f4a-bbd4-dc97257175b5"",""environment"":""71fe69c0-317e-4401-83e8-167236953714"",""service"":""98ac865d-3446-4204-8b6f-837e63498101"",""deployment"":""dcdde22b-483f-4551-bfa8-a8ad23f2f868"",""replica"":""d74614c5-3877-4710-a4a1-8f41af3269ac""}",2026-07-28T14:54:29.626681807Z
	CREATE INDEX IF NOT EXISTS idx_campaign_influencers_influencer ON campaign_influencers(influencer_id);,error,"{""level"":""error""}","{""project"":""e40824fb-b871-4f4a-bbd4-dc97257175b5"",""environment"":""71fe69c0-317e-4401-83e8-167236953714"",""service"":""98ac865d-3446-4204-8b6f-837e63498101"",""deployment"":""dcdde22b-483f-4551-bfa8-a8ad23f2f868"",""replica"":""d74614c5-3877-4710-a4a1-8f41af3269ac""}",2026-07-28T14:54:29.626688937Z
	CREATE INDEX IF NOT EXISTS idx_campaign_influencers_status ON campaign_influencers(status);,error,"{""level"":""error""}","{""project"":""e40824fb-b871-4f4a-bbd4-dc97257175b5"",""environment"":""71fe69c0-317e-4401-83e8-167236953714"",""service"":""98ac865d-3446-4204-8b6f-837e63498101"",""deployment"":""dcdde22b-483f-4551-bfa8-a8ad23f2f868"",""replica"":""d74614c5-3877-4710-a4a1-8f41af3269ac""}",2026-07-28T14:54:29.626693977Z
	,error,"{""level"":""error""}","{""project"":""e40824fb-b871-4f4a-bbd4-dc97257175b5"",""environment"":""71fe69c0-317e-4401-83e8-167236953714"",""service"":""98ac865d-3446-4204-8b6f-837e63498101"",""deployment"":""dcdde22b-483f-4551-bfa8-a8ad23f2f868"",""replica"":""d74614c5-3877-4710-a4a1-8f41af3269ac""}",2026-07-28T14:54:29.626698767Z
	CREATE TABLE IF NOT EXISTS campaign_links (,error,"{""level"":""error""}","{""project"":""e40824fb-b871-4f4a-bbd4-dc97257175b5"",""environment"":""71fe69c0-317e-4401-83e8-167236953714"",""service"":""98ac865d-3446-4204-8b6f-837e63498101"",""deployment"":""dcdde22b-483f-4551-bfa8-a8ad23f2f868"",""replica"":""d74614c5-3877-4710-a4a1-8f41af3269ac""}",2026-07-28T14:54:29.626703617Z
"	    id              UUID PRIMARY KEY DEFAULT extensions.uuid_generate_v4(),",error,"{""level"":""error""}","{""project"":""e40824fb-b871-4f4a-bbd4-dc97257175b5"",""environment"":""71fe69c0-317e-4401-83e8-167236953714"",""service"":""98ac865d-3446-4204-8b6f-837e63498101"",""deployment"":""dcdde22b-483f-4551-bfa8-a8ad23f2f868"",""replica"":""d74614c5-3877-4710-a4a1-8f41af3269ac""}",2026-07-28T14:54:29.626708567Z
"	    campaign_id     UUID NOT NULL REFERENCES campaigns(id) ON DELETE CASCADE,",error,"{""level"":""error""}","{""project"":""e40824fb-b871-4f4a-bbd4-dc97257175b5"",""environment"":""71fe69c0-317e-4401-83e8-167236953714"",""service"":""98ac865d-3446-4204-8b6f-837e63498101"",""deployment"":""dcdde22b-483f-4551-bfa8-a8ad23f2f868"",""replica"":""d74614c5-3877-4710-a4a1-8f41af3269ac""}",2026-07-28T14:54:29.626713087Z
"	    link_type       campaign_link_type NOT NULL,",error,"{""level"":""error""}","{""project"":""e40824fb-b871-4f4a-bbd4-dc97257175b5"",""environment"":""71fe69c0-317e-4401-83e8-167236953714"",""service"":""98ac865d-3446-4204-8b6f-837e63498101"",""deployment"":""dcdde22b-483f-4551-bfa8-a8ad23f2f868"",""replica"":""d74614c5-3877-4710-a4a1-8f41af3269ac""}",2026-07-28T14:54:29.626717337Z
"	    title           TEXT NOT NULL,",error,"{""level"":""error""}","{""project"":""e40824fb-b871-4f4a-bbd4-dc97257175b5"",""environment"":""71fe69c0-317e-4401-83e8-167236953714"",""service"":""98ac865d-3446-4204-8b6f-837e63498101"",""deployment"":""dcdde22b-483f-4551-bfa8-a8ad23f2f868"",""replica"":""d74614c5-3877-4710-a4a1-8f41af3269ac""}",2026-07-28T14:54:29.626721607Z
"	    url             TEXT NOT NULL,",error,"{""level"":""error""}","{""project"":""e40824fb-b871-4f4a-bbd4-dc97257175b5"",""environment"":""71fe69c0-317e-4401-83e8-167236953714"",""service"":""98ac865d-3446-4204-8b6f-837e63498101"",""deployment"":""dcdde22b-483f-4551-bfa8-a8ad23f2f868"",""replica"":""d74614c5-3877-4710-a4a1-8f41af3269ac""}",2026-07-28T14:54:29.626726847Z
"	    description     TEXT,",error,"{""level"":""error""}","{""project"":""e40824fb-b871-4f4a-bbd4-dc97257175b5"",""environment"":""71fe69c0-317e-4401-83e8-167236953714"",""service"":""98ac865d-3446-4204-8b6f-837e63498101"",""deployment"":""dcdde22b-483f-4551-bfa8-a8ad23f2f868"",""replica"":""d74614c5-3877-4710-a4a1-8f41af3269ac""}",2026-07-28T14:54:29.626730667Z
"	    is_active       BOOLEAN NOT NULL DEFAULT TRUE,",error,"{""level"":""error""}","{""project"":""e40824fb-b871-4f4a-bbd4-dc97257175b5"",""environment"":""71fe69c0-317e-4401-83e8-167236953714"",""service"":""98ac865d-3446-4204-8b6f-837e63498101"",""deployment"":""dcdde22b-483f-4551-bfa8-a8ad23f2f868"",""replica"":""d74614c5-3877-4710-a4a1-8f41af3269ac""}",2026-07-28T14:54:29.626734887Z
"	    created_at      TIMESTAMPTZ NOT NULL DEFAULT NOW(),",error,"{""level"":""error""}","{""project"":""e40824fb-b871-4f4a-bbd4-dc97257175b5"",""environment"":""71fe69c0-317e-4401-83e8-167236953714"",""service"":""98ac865d-3446-4204-8b6f-837e63498101"",""deployment"":""dcdde22b-483f-4551-bfa8-a8ad23f2f868"",""replica"":""d74614c5-3877-4710-a4a1-8f41af3269ac""}",2026-07-28T14:54:29.626739296Z
	    updated_at      TIMESTAMPTZ NOT NULL DEFAULT NOW(),error,"{""level"":""error""}","{""project"":""e40824fb-b871-4f4a-bbd4-dc97257175b5"",""environment"":""71fe69c0-317e-4401-83e8-167236953714"",""service"":""98ac865d-3446-4204-8b6f-837e63498101"",""deployment"":""dcdde22b-483f-4551-bfa8-a8ad23f2f868"",""replica"":""d74614c5-3877-4710-a4a1-8f41af3269ac""}",2026-07-28T14:54:29.626743566Z
	);,error,"{""level"":""error""}","{""project"":""e40824fb-b871-4f4a-bbd4-dc97257175b5"",""environment"":""71fe69c0-317e-4401-83e8-167236953714"",""service"":""98ac865d-3446-4204-8b6f-837e63498101"",""deployment"":""dcdde22b-483f-4551-bfa8-a8ad23f2f868"",""replica"":""d74614c5-3877-4710-a4a1-8f41af3269ac""}",2026-07-28T14:54:29.626747546Z
	    IF (TG_OP = 'INSERT') THEN,error,"{""level"":""error""}","{""project"":""e40824fb-b871-4f4a-bbd4-dc97257175b5"",""environment"":""71fe69c0-317e-4401-83e8-167236953714"",""service"":""98ac865d-3446-4204-8b6f-837e63498101"",""deployment"":""dcdde22b-483f-4551-bfa8-a8ad23f2f868"",""replica"":""d74614c5-3877-4710-a4a1-8f41af3269ac""}",2026-07-28T14:54:29.628068449Z
"	    title           TEXT NOT NULL,",error,"{""level"":""error""}","{""project"":""e40824fb-b871-4f4a-bbd4-dc97257175b5"",""environment"":""71fe69c0-317e-4401-83e8-167236953714"",""service"":""98ac865d-3446-4204-8b6f-837e63498101"",""deployment"":""dcdde22b-483f-4551-bfa8-a8ad23f2f868"",""replica"":""d74614c5-3877-4710-a4a1-8f41af3269ac""}",2026-07-28T14:54:29.628068489Z
"	        INSERT INTO campaign_status_history (campaign_id, from_status, to_status, changed_by)",error,"{""level"":""error""}","{""project"":""e40824fb-b871-4f4a-bbd4-dc97257175b5"",""environment"":""71fe69c0-317e-4401-83e8-167236953714"",""service"":""98ac865d-3446-4204-8b6f-837e63498101"",""deployment"":""dcdde22b-483f-4551-bfa8-a8ad23f2f868"",""replica"":""d74614c5-3877-4710-a4a1-8f41af3269ac""}",2026-07-28T14:54:29.628079199Z
"	    storage_path    TEXT,",error,"{""level"":""error""}","{""project"":""e40824fb-b871-4f4a-bbd4-dc97257175b5"",""environment"":""71fe69c0-317e-4401-83e8-167236953714"",""service"":""98ac865d-3446-4204-8b6f-837e63498101"",""deployment"":""dcdde22b-483f-4551-bfa8-a8ad23f2f868"",""replica"":""d74614c5-3877-4710-a4a1-8f41af3269ac""}",2026-07-28T14:54:29.628080809Z
	CREATE INDEX IF NOT EXISTS idx_campaign_documents_type ON campaign_documents(doc_type);,error,"{""level"":""error""}","{""project"":""e40824fb-b871-4f4a-bbd4-dc97257175b5"",""environment"":""71fe69c0-317e-4401-83e8-167236953714"",""service"":""98ac865d-3446-4204-8b6f-837e63498101"",""deployment"":""dcdde22b-483f-4551-bfa8-a8ad23f2f868"",""replica"":""d74614c5-3877-4710-a4a1-8f41af3269ac""}",2026-07-28T14:54:29.628084479Z
"	        VALUES (NEW.id, NULL, NEW.status, NEW.created_by);",error,"{""level"":""error""}","{""project"":""e40824fb-b871-4f4a-bbd4-dc97257175b5"",""environment"":""71fe69c0-317e-4401-83e8-167236953714"",""service"":""98ac865d-3446-4204-8b6f-837e63498101"",""deployment"":""dcdde22b-483f-4551-bfa8-a8ad23f2f868"",""replica"":""d74614c5-3877-4710-a4a1-8f41af3269ac""}",2026-07-28T14:54:29.628089409Z
"	    external_url    TEXT,",error,"{""level"":""error""}","{""project"":""e40824fb-b871-4f4a-bbd4-dc97257175b5"",""environment"":""71fe69c0-317e-4401-83e8-167236953714"",""service"":""98ac865d-3446-4204-8b6f-837e63498101"",""deployment"":""dcdde22b-483f-4551-bfa8-a8ad23f2f868"",""replica"":""d74614c5-3877-4710-a4a1-8f41af3269ac""}",2026-07-28T14:54:29.628089669Z
	,error,"{""level"":""error""}","{""project"":""e40824fb-b871-4f4a-bbd4-dc97257175b5"",""environment"":""71fe69c0-317e-4401-83e8-167236953714"",""service"":""98ac865d-3446-4204-8b6f-837e63498101"",""deployment"":""dcdde22b-483f-4551-bfa8-a8ad23f2f868"",""replica"":""d74614c5-3877-4710-a4a1-8f41af3269ac""}",2026-07-28T14:54:29.628095709Z
"	    file_name       TEXT,",error,"{""level"":""error""}","{""project"":""e40824fb-b871-4f4a-bbd4-dc97257175b5"",""environment"":""71fe69c0-317e-4401-83e8-167236953714"",""service"":""98ac865d-3446-4204-8b6f-837e63498101"",""deployment"":""dcdde22b-483f-4551-bfa8-a8ad23f2f868"",""replica"":""d74614c5-3877-4710-a4a1-8f41af3269ac""}",2026-07-28T14:54:29.628098479Z
	-- Trigger: log status changes,error,"{""level"":""error""}","{""project"":""e40824fb-b871-4f4a-bbd4-dc97257175b5"",""environment"":""71fe69c0-317e-4401-83e8-167236953714"",""service"":""98ac865d-3446-4204-8b6f-837e63498101"",""deployment"":""dcdde22b-483f-4551-bfa8-a8ad23f2f868"",""replica"":""d74614c5-3877-4710-a4a1-8f41af3269ac""}",2026-07-28T14:54:29.628104349Z
"	    file_size_bytes BIGINT,",error,"{""level"":""error""}","{""project"":""e40824fb-b871-4f4a-bbd4-dc97257175b5"",""environment"":""71fe69c0-317e-4401-83e8-167236953714"",""service"":""98ac865d-3446-4204-8b6f-837e63498101"",""deployment"":""dcdde22b-483f-4551-bfa8-a8ad23f2f868"",""replica"":""d74614c5-3877-4710-a4a1-8f41af3269ac""}",2026-07-28T14:54:29.628106389Z
	-- auth.uid() stub returns NULL in Railway; COALESCE prevents crashes,error,"{""level"":""error""}","{""project"":""e40824fb-b871-4f4a-bbd4-dc97257175b5"",""environment"":""71fe69c0-317e-4401-83e8-167236953714"",""service"":""98ac865d-3446-4204-8b6f-837e63498101"",""deployment"":""dcdde22b-483f-4551-bfa8-a8ad23f2f868"",""replica"":""d74614c5-3877-4710-a4a1-8f41af3269ac""}",2026-07-28T14:54:29.628113149Z
"	    mime_type       TEXT,",error,"{""level"":""error""}","{""project"":""e40824fb-b871-4f4a-bbd4-dc97257175b5"",""environment"":""71fe69c0-317e-4401-83e8-167236953714"",""service"":""98ac865d-3446-4204-8b6f-837e63498101"",""deployment"":""dcdde22b-483f-4551-bfa8-a8ad23f2f868"",""replica"":""d74614c5-3877-4710-a4a1-8f41af3269ac""}",2026-07-28T14:54:29.628113899Z
	CREATE OR REPLACE FUNCTION public.log_campaign_status_change(),error,"{""level"":""error""}","{""project"":""e40824fb-b871-4f4a-bbd4-dc97257175b5"",""environment"":""71fe69c0-317e-4401-83e8-167236953714"",""service"":""98ac865d-3446-4204-8b6f-837e63498101"",""deployment"":""dcdde22b-483f-4551-bfa8-a8ad23f2f868"",""replica"":""d74614c5-3877-4710-a4a1-8f41af3269ac""}",2026-07-28T14:54:29.628120229Z
"	    uploaded_by     UUID REFERENCES users(id) ON DELETE SET NULL,",error,"{""level"":""error""}","{""project"":""e40824fb-b871-4f4a-bbd4-dc97257175b5"",""environment"":""71fe69c0-317e-4401-83e8-167236953714"",""service"":""98ac865d-3446-4204-8b6f-837e63498101"",""deployment"":""dcdde22b-483f-4551-bfa8-a8ad23f2f868"",""replica"":""d74614c5-3877-4710-a4a1-8f41af3269ac""}",2026-07-28T14:54:29.628123029Z
	RETURNS TRIGGER LANGUAGE plpgsql AS $$,error,"{""level"":""error""}","{""project"":""e40824fb-b871-4f4a-bbd4-dc97257175b5"",""environment"":""71fe69c0-317e-4401-83e8-167236953714"",""service"":""98ac865d-3446-4204-8b6f-837e63498101"",""deployment"":""dcdde22b-483f-4551-bfa8-a8ad23f2f868"",""replica"":""d74614c5-3877-4710-a4a1-8f41af3269ac""}",2026-07-28T14:54:29.628126209Z
"	    version         INTEGER NOT NULL DEFAULT 1,",error,"{""level"":""error""}","{""project"":""e40824fb-b871-4f4a-bbd4-dc97257175b5"",""environment"":""71fe69c0-317e-4401-83e8-167236953714"",""service"":""98ac865d-3446-4204-8b6f-837e63498101"",""deployment"":""dcdde22b-483f-4551-bfa8-a8ad23f2f868"",""replica"":""d74614c5-3877-4710-a4a1-8f41af3269ac""}",2026-07-28T14:54:29.628132729Z
	BEGIN,error,"{""level"":""error""}","{""project"":""e40824fb-b871-4f4a-bbd4-dc97257175b5"",""environment"":""71fe69c0-317e-4401-83e8-167236953714"",""service"":""98ac865d-3446-4204-8b6f-837e63498101"",""deployment"":""dcdde22b-483f-4551-bfa8-a8ad23f2f868"",""replica"":""d74614c5-3877-4710-a4a1-8f41af3269ac""}",2026-07-28T14:54:29.628132829Z
"	    is_current      BOOLEAN NOT NULL DEFAULT TRUE,",error,"{""level"":""error""}","{""project"":""e40824fb-b871-4f4a-bbd4-dc97257175b5"",""environment"":""71fe69c0-317e-4401-83e8-167236953714"",""service"":""98ac865d-3446-4204-8b6f-837e63498101"",""deployment"":""dcdde22b-483f-4551-bfa8-a8ad23f2f868"",""replica"":""d74614c5-3877-4710-a4a1-8f41af3269ac""}",2026-07-28T14:54:29.628138328Z
"	    metadata        JSONB NOT NULL DEFAULT '{}'::jsonb,",error,"{""level"":""error""}","{""project"":""e40824fb-b871-4f4a-bbd4-dc97257175b5"",""environment"":""71fe69c0-317e-4401-83e8-167236953714"",""service"":""98ac865d-3446-4204-8b6f-837e63498101"",""deployment"":""dcdde22b-483f-4551-bfa8-a8ad23f2f868"",""replica"":""d74614c5-3877-4710-a4a1-8f41af3269ac""}",2026-07-28T14:54:29.628141968Z
	    created_at      TIMESTAMPTZ NOT NULL DEFAULT NOW(),error,"{""level"":""error""}","{""project"":""e40824fb-b871-4f4a-bbd4-dc97257175b5"",""environment"":""71fe69c0-317e-4401-83e8-167236953714"",""service"":""98ac865d-3446-4204-8b6f-837e63498101"",""deployment"":""dcdde22b-483f-4551-bfa8-a8ad23f2f868"",""replica"":""d74614c5-3877-4710-a4a1-8f41af3269ac""}",2026-07-28T14:54:29.628145568Z
	);,error,"{""level"":""error""}","{""project"":""e40824fb-b871-4f4a-bbd4-dc97257175b5"",""environment"":""71fe69c0-317e-4401-83e8-167236953714"",""service"":""98ac865d-3446-4204-8b6f-837e63498101"",""deployment"":""dcdde22b-483f-4551-bfa8-a8ad23f2f868"",""replica"":""d74614c5-3877-4710-a4a1-8f41af3269ac""}",2026-07-28T14:54:29.628148958Z
	CREATE INDEX IF NOT EXISTS idx_campaign_documents_campaign ON campaign_documents(campaign_id);,error,"{""level"":""error""}","{""project"":""e40824fb-b871-4f4a-bbd4-dc97257175b5"",""environment"":""71fe69c0-317e-4401-83e8-167236953714"",""service"":""98ac865d-3446-4204-8b6f-837e63498101"",""deployment"":""dcdde22b-483f-4551-bfa8-a8ad23f2f868"",""replica"":""d74614c5-3877-4710-a4a1-8f41af3269ac""}",2026-07-28T14:54:29.628152448Z
	    ELSIF (TG_OP = 'UPDATE' AND NEW.status IS DISTINCT FROM OLD.status) THEN,error,"{""level"":""error""}","{""project"":""e40824fb-b871-4f4a-bbd4-dc97257175b5"",""environment"":""71fe69c0-317e-4401-83e8-167236953714"",""service"":""98ac865d-3446-4204-8b6f-837e63498101"",""deployment"":""dcdde22b-483f-4551-bfa8-a8ad23f2f868"",""replica"":""d74614c5-3877-4710-a4a1-8f41af3269ac""}",2026-07-28T14:54:29.637735185Z
"	        INSERT INTO campaign_status_history (campaign_id, from_status, to_status, changed_by)",error,"{""level"":""error""}","{""project"":""e40824fb-b871-4f4a-bbd4-dc97257175b5"",""environment"":""71fe69c0-317e-4401-83e8-167236953714"",""service"":""98ac865d-3446-4204-8b6f-837e63498101"",""deployment"":""dcdde22b-483f-4551-bfa8-a8ad23f2f868"",""replica"":""d74614c5-3877-4710-a4a1-8f41af3269ac""}",2026-07-28T14:54:29.637742015Z
"	        VALUES (NEW.id, OLD.status, NEW.status,",error,"{""level"":""error""}","{""project"":""e40824fb-b871-4f4a-bbd4-dc97257175b5"",""environment"":""71fe69c0-317e-4401-83e8-167236953714"",""service"":""98ac865d-3446-4204-8b6f-837e63498101"",""deployment"":""dcdde22b-483f-4551-bfa8-a8ad23f2f868"",""replica"":""d74614c5-3877-4710-a4a1-8f41af3269ac""}",2026-07-28T14:54:29.637746555Z
"	                COALESCE(auth.uid(), '00000000-0000-0000-0000-000000000000'::UUID));",error,"{""level"":""error""}","{""project"":""e40824fb-b871-4f4a-bbd4-dc97257175b5"",""environment"":""71fe69c0-317e-4401-83e8-167236953714"",""service"":""98ac865d-3446-4204-8b6f-837e63498101"",""deployment"":""dcdde22b-483f-4551-bfa8-a8ad23f2f868"",""replica"":""d74614c5-3877-4710-a4a1-8f41af3269ac""}",2026-07-28T14:54:29.637750725Z
	    END IF;,error,"{""level"":""error""}","{""project"":""e40824fb-b871-4f4a-bbd4-dc97257175b5"",""environment"":""71fe69c0-317e-4401-83e8-167236953714"",""service"":""98ac865d-3446-4204-8b6f-837e63498101"",""deployment"":""dcdde22b-483f-4551-bfa8-a8ad23f2f868"",""replica"":""d74614c5-3877-4710-a4a1-8f41af3269ac""}",2026-07-28T14:54:29.637754505Z
	    RETURN NEW;,error,"{""level"":""error""}","{""project"":""e40824fb-b871-4f4a-bbd4-dc97257175b5"",""environment"":""71fe69c0-317e-4401-83e8-167236953714"",""service"":""98ac865d-3446-4204-8b6f-837e63498101"",""deployment"":""dcdde22b-483f-4551-bfa8-a8ad23f2f868"",""replica"":""d74614c5-3877-4710-a4a1-8f41af3269ac""}",2026-07-28T14:54:29.637758845Z
	END;,error,"{""level"":""error""}","{""project"":""e40824fb-b871-4f4a-bbd4-dc97257175b5"",""environment"":""71fe69c0-317e-4401-83e8-167236953714"",""service"":""98ac865d-3446-4204-8b6f-837e63498101"",""deployment"":""dcdde22b-483f-4551-bfa8-a8ad23f2f868"",""replica"":""d74614c5-3877-4710-a4a1-8f41af3269ac""}",2026-07-28T14:54:29.637763325Z
	$$;,error,"{""level"":""error""}","{""project"":""e40824fb-b871-4f4a-bbd4-dc97257175b5"",""environment"":""71fe69c0-317e-4401-83e8-167236953714"",""service"":""98ac865d-3446-4204-8b6f-837e63498101"",""deployment"":""dcdde22b-483f-4551-bfa8-a8ad23f2f868"",""replica"":""d74614c5-3877-4710-a4a1-8f41af3269ac""}",2026-07-28T14:54:29.637770365Z
	,error,"{""level"":""error""}","{""project"":""e40824fb-b871-4f4a-bbd4-dc97257175b5"",""environment"":""71fe69c0-317e-4401-83e8-167236953714"",""service"":""98ac865d-3446-4204-8b6f-837e63498101"",""deployment"":""dcdde22b-483f-4551-bfa8-a8ad23f2f868"",""replica"":""d74614c5-3877-4710-a4a1-8f41af3269ac""}",2026-07-28T14:54:29.637773725Z
	CREATE TRIGGER trg_campaign_status_change,error,"{""level"":""error""}","{""project"":""e40824fb-b871-4f4a-bbd4-dc97257175b5"",""environment"":""71fe69c0-317e-4401-83e8-167236953714"",""service"":""98ac865d-3446-4204-8b6f-837e63498101"",""deployment"":""dcdde22b-483f-4551-bfa8-a8ad23f2f868"",""replica"":""d74614c5-3877-4710-a4a1-8f41af3269ac""}",2026-07-28T14:54:29.637777044Z
	    AFTER INSERT OR UPDATE OF status ON campaigns,error,"{""level"":""error""}","{""project"":""e40824fb-b871-4f4a-bbd4-dc97257175b5"",""environment"":""71fe69c0-317e-4401-83e8-167236953714"",""service"":""98ac865d-3446-4204-8b6f-837e63498101"",""deployment"":""dcdde22b-483f-4551-bfa8-a8ad23f2f868"",""replica"":""d74614c5-3877-4710-a4a1-8f41af3269ac""}",2026-07-28T14:54:29.637780374Z
	-- =============================================================================,error,"{""level"":""error""}","{""project"":""e40824fb-b871-4f4a-bbd4-dc97257175b5"",""environment"":""71fe69c0-317e-4401-83e8-167236953714"",""service"":""98ac865d-3446-4204-8b6f-837e63498101"",""deployment"":""dcdde22b-483f-4551-bfa8-a8ad23f2f868"",""replica"":""d74614c5-3877-4710-a4a1-8f41af3269ac""}",2026-07-28T14:54:29.639432863Z
"	    period_end      DATE,",error,"{""level"":""error""}","{""project"":""e40824fb-b871-4f4a-bbd4-dc97257175b5"",""environment"":""71fe69c0-317e-4401-83e8-167236953714"",""service"":""98ac865d-3446-4204-8b6f-837e63498101"",""deployment"":""dcdde22b-483f-4551-bfa8-a8ad23f2f868"",""replica"":""d74614c5-3877-4710-a4a1-8f41af3269ac""}",2026-07-28T14:54:29.641649095Z
"	    campaign_id     UUID NOT NULL REFERENCES campaigns(id) ON DELETE CASCADE UNIQUE,",error,"{""level"":""error""}","{""project"":""e40824fb-b871-4f4a-bbd4-dc97257175b5"",""environment"":""71fe69c0-317e-4401-83e8-167236953714"",""service"":""98ac865d-3446-4204-8b6f-837e63498101"",""deployment"":""dcdde22b-483f-4551-bfa8-a8ad23f2f868"",""replica"":""d74614c5-3877-4710-a4a1-8f41af3269ac""}",2026-07-28T14:54:29.643752078Z
	CREATE INDEX IF NOT EXISTS idx_tasks_assignee ON tasks(assignee_id);,error,"{""level"":""error""}","{""project"":""e40824fb-b871-4f4a-bbd4-dc97257175b5"",""environment"":""71fe69c0-317e-4401-83e8-167236953714"",""service"":""98ac865d-3446-4204-8b6f-837e63498101"",""deployment"":""dcdde22b-483f-4551-bfa8-a8ad23f2f868"",""replica"":""d74614c5-3877-4710-a4a1-8f41af3269ac""}",2026-07-28T14:54:29.646009049Z
"	    created_at      TIMESTAMPTZ NOT NULL DEFAULT NOW(),",error,"{""level"":""error""}","{""project"":""e40824fb-b871-4f4a-bbd4-dc97257175b5"",""environment"":""71fe69c0-317e-4401-83e8-167236953714"",""service"":""98ac865d-3446-4204-8b6f-837e63498101"",""deployment"":""dcdde22b-483f-4551-bfa8-a8ad23f2f868"",""replica"":""d74614c5-3877-4710-a4a1-8f41af3269ac""}",2026-07-28T14:54:29.648124942Z
	CREATE TRIGGER trg_forms_updated_at BEFORE UPDATE ON forms,error,"{""level"":""error""}","{""project"":""e40824fb-b871-4f4a-bbd4-dc97257175b5"",""environment"":""71fe69c0-317e-4401-83e8-167236953714"",""service"":""98ac865d-3446-4204-8b6f-837e63498101"",""deployment"":""dcdde22b-483f-4551-bfa8-a8ad23f2f868"",""replica"":""d74614c5-3877-4710-a4a1-8f41af3269ac""}",2026-07-28T14:54:29.650304584Z
"	            chunk_count     INTEGER NOT NULL DEFAULT 0,",error,"{""level"":""error""}","{""project"":""e40824fb-b871-4f4a-bbd4-dc97257175b5"",""environment"":""71fe69c0-317e-4401-83e8-167236953714"",""service"":""98ac865d-3446-4204-8b6f-837e63498101"",""deployment"":""dcdde22b-483f-4551-bfa8-a8ad23f2f868"",""replica"":""d74614c5-3877-4710-a4a1-8f41af3269ac""}",2026-07-28T14:54:29.652187040Z
	        );,error,"{""level"":""error""}","{""project"":""e40824fb-b871-4f4a-bbd4-dc97257175b5"",""environment"":""71fe69c0-317e-4401-83e8-167236953714"",""service"":""98ac865d-3446-4204-8b6f-837e63498101"",""deployment"":""dcdde22b-483f-4551-bfa8-a8ad23f2f868"",""replica"":""d74614c5-3877-4710-a4a1-8f41af3269ac""}",2026-07-28T14:54:29.653519622Z
"	            user_id         UUID REFERENCES users(id) ON DELETE SET NULL,",error,"{""level"":""error""}","{""project"":""e40824fb-b871-4f4a-bbd4-dc97257175b5"",""environment"":""71fe69c0-317e-4401-83e8-167236953714"",""service"":""98ac865d-3446-4204-8b6f-837e63498101"",""deployment"":""dcdde22b-483f-4551-bfa8-a8ad23f2f868"",""replica"":""d74614c5-3877-4710-a4a1-8f41af3269ac""}",2026-07-28T14:54:29.655635565Z
	            LIMIT match_count;,error,"{""level"":""error""}","{""project"":""e40824fb-b871-4f4a-bbd4-dc97257175b5"",""environment"":""71fe69c0-317e-4401-83e8-167236953714"",""service"":""98ac865d-3446-4204-8b6f-837e63498101"",""deployment"":""dcdde22b-483f-4551-bfa8-a8ad23f2f868"",""replica"":""d74614c5-3877-4710-a4a1-8f41af3269ac""}",2026-07-28T14:54:29.658849504Z
	,error,"{""level"":""error""}","{""project"":""e40824fb-b871-4f4a-bbd4-dc97257175b5"",""environment"":""71fe69c0-317e-4401-83e8-167236953714"",""service"":""98ac865d-3446-4204-8b6f-837e63498101"",""deployment"":""dcdde22b-483f-4551-bfa8-a8ad23f2f868"",""replica"":""d74614c5-3877-4710-a4a1-8f41af3269ac""}",2026-07-28T14:54:29.660616252Z
"	    width           INTEGER NOT NULL DEFAULT 4,",error,"{""level"":""error""}","{""project"":""e40824fb-b871-4f4a-bbd4-dc97257175b5"",""environment"":""71fe69c0-317e-4401-83e8-167236953714"",""service"":""98ac865d-3446-4204-8b6f-837e63498101"",""deployment"":""dcdde22b-483f-4551-bfa8-a8ad23f2f868"",""replica"":""d74614c5-3877-4710-a4a1-8f41af3269ac""}",2026-07-28T14:54:29.661588778Z
"	    id              UUID PRIMARY KEY DEFAULT extensions.uuid_generate_v4(),",error,"{""level"":""error""}","{""project"":""e40824fb-b871-4f4a-bbd4-dc97257175b5"",""environment"":""71fe69c0-317e-4401-83e8-167236953714"",""service"":""98ac865d-3446-4204-8b6f-837e63498101"",""deployment"":""dcdde22b-483f-4551-bfa8-a8ad23f2f868"",""replica"":""d74614c5-3877-4710-a4a1-8f41af3269ac""}",2026-07-28T14:54:29.664405663Z
"	    created_by      UUID REFERENCES users(id) ON DELETE SET NULL,",error,"{""level"":""error""}","{""project"":""e40824fb-b871-4f4a-bbd4-dc97257175b5"",""environment"":""71fe69c0-317e-4401-83e8-167236953714"",""service"":""98ac865d-3446-4204-8b6f-837e63498101"",""deployment"":""dcdde22b-483f-4551-bfa8-a8ad23f2f868"",""replica"":""d74614c5-3877-4710-a4a1-8f41af3269ac""}",2026-07-28T14:54:29.665277211Z
	,error,"{""level"":""error""}","{""project"":""e40824fb-b871-4f4a-bbd4-dc97257175b5"",""environment"":""71fe69c0-317e-4401-83e8-167236953714"",""service"":""98ac865d-3446-4204-8b6f-837e63498101"",""deployment"":""dcdde22b-483f-4551-bfa8-a8ad23f2f868"",""replica"":""d74614c5-3877-4710-a4a1-8f41af3269ac""}",2026-07-28T14:54:29.667341345Z
"	    sentimiento_neutro      INTEGER DEFAULT 0,",error,"{""level"":""error""}","{""project"":""e40824fb-b871-4f4a-bbd4-dc97257175b5"",""environment"":""71fe69c0-317e-4401-83e8-167236953714"",""service"":""98ac865d-3446-4204-8b6f-837e63498101"",""deployment"":""dcdde22b-483f-4551-bfa8-a8ad23f2f868"",""replica"":""d74614c5-3877-4710-a4a1-8f41af3269ac""}",2026-07-28T14:54:29.669501938Z
"	    'MACRO_BAJO','MACRO_ALTO'",error,"{""level"":""error""}","{""project"":""e40824fb-b871-4f4a-bbd4-dc97257175b5"",""environment"":""71fe69c0-317e-4401-83e8-167236953714"",""service"":""98ac865d-3446-4204-8b6f-837e63498101"",""deployment"":""dcdde22b-483f-4551-bfa8-a8ad23f2f868"",""replica"":""d74614c5-3877-4710-a4a1-8f41af3269ac""}",2026-07-28T14:54:29.671918686Z
	CREATE INDEX IF NOT EXISTS idx_influencers_sub_tier ON influencers(sub_tier) WHERE sub_tier IS NOT NULL;,error,"{""level"":""error""}","{""project"":""e40824fb-b871-4f4a-bbd4-dc97257175b5"",""environment"":""71fe69c0-317e-4401-83e8-167236953714"",""service"":""98ac865d-3446-4204-8b6f-837e63498101"",""deployment"":""dcdde22b-483f-4551-bfa8-a8ad23f2f868"",""replica"":""d74614c5-3877-4710-a4a1-8f41af3269ac""}",2026-07-28T14:54:29.674055189Z
	    WHERE p_followers >= followers_min AND p_followers <= followers_max,error,"{""level"":""error""}","{""project"":""e40824fb-b871-4f4a-bbd4-dc97257175b5"",""environment"":""71fe69c0-317e-4401-83e8-167236953714"",""service"":""98ac865d-3446-4204-8b6f-837e63498101"",""deployment"":""dcdde22b-483f-4551-bfa8-a8ad23f2f868"",""replica"":""d74614c5-3877-4710-a4a1-8f41af3269ac""}",2026-07-28T14:54:29.675302543Z
"	    created_at              TIMESTAMPTZ NOT NULL DEFAULT NOW(),",error,"{""level"":""error""}","{""project"":""e40824fb-b871-4f4a-bbd4-dc97257175b5"",""environment"":""71fe69c0-317e-4401-83e8-167236953714"",""service"":""98ac865d-3446-4204-8b6f-837e63498101"",""deployment"":""dcdde22b-483f-4551-bfa8-a8ad23f2f868"",""replica"":""d74614c5-3877-4710-a4a1-8f41af3269ac""}",2026-07-28T14:54:29.677968379Z
"	    source_actor_run_id     TEXT,",error,"{""level"":""error""}","{""project"":""e40824fb-b871-4f4a-bbd4-dc97257175b5"",""environment"":""71fe69c0-317e-4401-83e8-167236953714"",""service"":""98ac865d-3446-4204-8b6f-837e63498101"",""deployment"":""dcdde22b-483f-4551-bfa8-a8ad23f2f868"",""replica"":""d74614c5-3877-4710-a4a1-8f41af3269ac""}",2026-07-28T14:54:29.679877884Z
"	    accumulated_brief       TEXT,",error,"{""level"":""error""}","{""project"":""e40824fb-b871-4f4a-bbd4-dc97257175b5"",""environment"":""71fe69c0-317e-4401-83e8-167236953714"",""service"":""98ac865d-3446-4204-8b6f-837e63498101"",""deployment"":""dcdde22b-483f-4551-bfa8-a8ad23f2f868"",""replica"":""d74614c5-3877-4710-a4a1-8f41af3269ac""}",2026-07-28T14:54:29.681250937Z
"	    cost_usd                NUMERIC(10,6),",error,"{""level"":""error""}","{""project"":""e40824fb-b871-4f4a-bbd4-dc97257175b5"",""environment"":""71fe69c0-317e-4401-83e8-167236953714"",""service"":""98ac865d-3446-4204-8b6f-837e63498101"",""deployment"":""dcdde22b-483f-4551-bfa8-a8ad23f2f868"",""replica"":""d74614c5-3877-4710-a4a1-8f41af3269ac""}",2026-07-28T14:54:29.683936333Z
"	    id                      UUID PRIMARY KEY DEFAULT extensions.uuid_generate_v4(),",error,"{""level"":""error""}","{""project"":""e40824fb-b871-4f4a-bbd4-dc97257175b5"",""environment"":""71fe69c0-317e-4401-83e8-167236953714"",""service"":""98ac865d-3446-4204-8b6f-837e63498101"",""deployment"":""dcdde22b-483f-4551-bfa8-a8ad23f2f868"",""replica"":""d74614c5-3877-4710-a4a1-8f41af3269ac""}",2026-07-28T14:54:29.685258516Z
	,error,"{""level"":""error""}","{""project"":""e40824fb-b871-4f4a-bbd4-dc97257175b5"",""environment"":""71fe69c0-317e-4401-83e8-167236953714"",""service"":""98ac865d-3446-4204-8b6f-837e63498101"",""deployment"":""dcdde22b-483f-4551-bfa8-a8ad23f2f868"",""replica"":""d74614c5-3877-4710-a4a1-8f41af3269ac""}",2026-07-28T14:54:29.687693815Z
"	    ('2',  '00000000000002_enums.sql'),",error,"{""level"":""error""}","{""project"":""e40824fb-b871-4f4a-bbd4-dc97257175b5"",""environment"":""71fe69c0-317e-4401-83e8-167236953714"",""service"":""98ac865d-3446-4204-8b6f-837e63498101"",""deployment"":""dcdde22b-483f-4551-bfa8-a8ad23f2f868"",""replica"":""d74614c5-3877-4710-a4a1-8f41af3269ac""}",2026-07-28T14:54:29.690296011Z
"	    ('27', '00000000000027_rls_discovery_tables.sql'),",error,"{""level"":""error""}","{""project"":""e40824fb-b871-4f4a-bbd4-dc97257175b5"",""environment"":""71fe69c0-317e-4401-83e8-167236953714"",""service"":""98ac865d-3446-4204-8b6f-837e63498101"",""deployment"":""dcdde22b-483f-4551-bfa8-a8ad23f2f868"",""replica"":""d74614c5-3877-4710-a4a1-8f41af3269ac""}",2026-07-28T14:54:29.692149137Z
"	    RAISE NOTICE 'Migrations tracked: %', migration_count;",error,"{""level"":""error""}","{""project"":""e40824fb-b871-4f4a-bbd4-dc97257175b5"",""environment"":""71fe69c0-317e-4401-83e8-167236953714"",""service"":""98ac865d-3446-4204-8b6f-837e63498101"",""deployment"":""dcdde22b-483f-4551-bfa8-a8ad23f2f868"",""replica"":""d74614c5-3877-4710-a4a1-8f41af3269ac""}",2026-07-28T14:54:29.693637977Z
"Railway rate limit of 500 logs/sec reached for replica, update your application to reduce the logging rate. Messages dropped: 973",error,"{""level"":""error""}","{""project"":""e40824fb-b871-4f4a-bbd4-dc97257175b5"",""environment"":""71fe69c0-317e-4401-83e8-167236953714"",""service"":""98ac865d-3446-4204-8b6f-837e63498101"",""deployment"":""dcdde22b-483f-4551-bfa8-a8ad23f2f868"",""replica"":""d74614c5-3877-4710-a4a1-8f41af3269ac""}",2026-07-28T14:54:47.352844312Z
2026-07-28 14:56:00.807 UTC [4190] LOG:  SSL error: unexpected eof while reading,error,"{""level"":""error""}","{""project"":""e40824fb-b871-4f4a-bbd4-dc97257175b5"",""environment"":""71fe69c0-317e-4401-83e8-167236953714"",""service"":""98ac865d-3446-4204-8b6f-837e63498101"",""deployment"":""dcdde22b-483f-4551-bfa8-a8ad23f2f868"",""replica"":""d74614c5-3877-4710-a4a1-8f41af3269ac""}",2026-07-28T14:56:09.695788529Z
2026-07-28 14:56:00.807 UTC [4190] LOG:  could not receive data from client: Connection reset by peer,error,"{""level"":""error""}","{""project"":""e40824fb-b871-4f4a-bbd4-dc97257175b5"",""environment"":""71fe69c0-317e-4401-83e8-167236953714"",""service"":""98ac865d-3446-4204-8b6f-837e63498101"",""deployment"":""dcdde22b-483f-4551-bfa8-a8ad23f2f868"",""replica"":""d74614c5-3877-4710-a4a1-8f41af3269ac""}",2026-07-28T14:56:09.695792729Z
2026-07-28 14:56:00.811 UTC [4189] LOG:  SSL error: unexpected eof while reading,error,"{""level"":""error""}","{""project"":""e40824fb-b871-4f4a-bbd4-dc97257175b5"",""environment"":""71fe69c0-317e-4401-83e8-167236953714"",""service"":""98ac865d-3446-4204-8b6f-837e63498101"",""deployment"":""dcdde22b-483f-4551-bfa8-a8ad23f2f868"",""replica"":""d74614c5-3877-4710-a4a1-8f41af3269ac""}",2026-07-28T14:56:09.695797289Z
2026-07-28 14:56:00.811 UTC [4189] LOG:  could not receive data from client: Connection reset by peer,error,"{""level"":""error""}","{""project"":""e40824fb-b871-4f4a-bbd4-dc97257175b5"",""environment"":""71fe69c0-317e-4401-83e8-167236953714"",""service"":""98ac865d-3446-4204-8b6f-837e63498101"",""deployment"":""dcdde22b-483f-4551-bfa8-a8ad23f2f868"",""replica"":""d74614c5-3877-4710-a4a1-8f41af3269ac""}",2026-07-28T14:56:09.695802579Z
"2026-07-28 15:16:03.988 UTC [4270] ERROR:  schema ""extensions"" does not exist",error,"{""level"":""error""}","{""project"":""e40824fb-b871-4f4a-bbd4-dc97257175b5"",""environment"":""71fe69c0-317e-4401-83e8-167236953714"",""service"":""98ac865d-3446-4204-8b6f-837e63498101"",""deployment"":""dcdde22b-483f-4551-bfa8-a8ad23f2f868"",""replica"":""d74614c5-3877-4710-a4a1-8f41af3269ac""}",2026-07-28T15:16:07.724375870Z
2026-07-28 15:16:03.988 UTC [4270] STATEMENT:  -- =================================================================,error,"{""level"":""error""}","{""project"":""e40824fb-b871-4f4a-bbd4-dc97257175b5"",""environment"":""71fe69c0-317e-4401-83e8-167236953714"",""service"":""98ac865d-3446-4204-8b6f-837e63498101"",""deployment"":""dcdde22b-483f-4551-bfa8-a8ad23f2f868"",""replica"":""d74614c5-3877-4710-a4a1-8f41af3269ac""}",2026-07-28T15:16:07.724382050Z
	-- Railway patches: repair broken discovery tables from partial bootstrap,error,"{""level"":""error""}","{""project"":""e40824fb-b871-4f4a-bbd4-dc97257175b5"",""environment"":""71fe69c0-317e-4401-83e8-167236953714"",""service"":""98ac865d-3446-4204-8b6f-837e63498101"",""deployment"":""dcdde22b-483f-4551-bfa8-a8ad23f2f868"",""replica"":""d74614c5-3877-4710-a4a1-8f41af3269ac""}",2026-07-28T15:16:07.724386130Z
	-- Run FIRST before applying any other migrations,error,"{""level"":""error""}","{""project"":""e40824fb-b871-4f4a-bbd4-dc97257175b5"",""environment"":""71fe69c0-317e-4401-83e8-167236953714"",""service"":""98ac865d-3446-4204-8b6f-837e63498101"",""deployment"":""dcdde22b-483f-4551-bfa8-a8ad23f2f868"",""replica"":""d74614c5-3877-4710-a4a1-8f41af3269ac""}",2026-07-28T15:16:07.724390740Z
	-- =================================================================,error,"{""level"":""error""}","{""project"":""e40824fb-b871-4f4a-bbd4-dc97257175b5"",""environment"":""71fe69c0-317e-4401-83e8-167236953714"",""service"":""98ac865d-3446-4204-8b6f-837e63498101"",""deployment"":""dcdde22b-483f-4551-bfa8-a8ad23f2f868"",""replica"":""d74614c5-3877-4710-a4a1-8f41af3269ac""}",2026-07-28T15:16:07.724394320Z
	-- Problem: the original bootstrap ran as single batch and failed partway.,error,"{""level"":""error""}","{""project"":""e40824fb-b871-4f4a-bbd4-dc97257175b5"",""environment"":""71fe69c0-317e-4401-83e8-167236953714"",""service"":""98ac865d-3446-4204-8b6f-837e63498101"",""deployment"":""dcdde22b-483f-4551-bfa8-a8ad23f2f868"",""replica"":""d74614c5-3877-4710-a4a1-8f41af3269ac""}",2026-07-28T15:16:07.724398070Z
	-- discovery_runs exists but is missing columns added in later phases.,error,"{""level"":""error""}","{""project"":""e40824fb-b871-4f4a-bbd4-dc97257175b5"",""environment"":""71fe69c0-317e-4401-83e8-167236953714"",""service"":""98ac865d-3446-4204-8b6f-837e63498101"",""deployment"":""dcdde22b-483f-4551-bfa8-a8ad23f2f868"",""replica"":""d74614c5-3877-4710-a4a1-8f41af3269ac""}",2026-07-28T15:16:07.724401690Z
	-- discovery_candidates exists but id DEFAULT may not work.,error,"{""level"":""error""}","{""project"":""e40824fb-b871-4f4a-bbd4-dc97257175b5"",""environment"":""71fe69c0-317e-4401-83e8-167236953714"",""service"":""98ac865d-3446-4204-8b6f-837e63498101"",""deployment"":""dcdde22b-483f-4551-bfa8-a8ad23f2f868"",""replica"":""d74614c5-3877-4710-a4a1-8f41af3269ac""}",2026-07-28T15:16:07.724405640Z
	-- discovery_runs_merge_metadata references updated_at which doesn't exist.,error,"{""level"":""error""}","{""project"":""e40824fb-b871-4f4a-bbd4-dc97257175b5"",""environment"":""71fe69c0-317e-4401-83e8-167236953714"",""service"":""98ac865d-3446-4204-8b6f-837e63498101"",""deployment"":""dcdde22b-483f-4551-bfa8-a8ad23f2f868"",""replica"":""d74614c5-3877-4710-a4a1-8f41af3269ac""}",2026-07-28T15:16:07.724409560Z
	,error,"{""level"":""error""}","{""project"":""e40824fb-b871-4f4a-bbd4-dc97257175b5"",""environment"":""71fe69c0-317e-4401-83e8-167236953714"",""service"":""98ac865d-3446-4204-8b6f-837e63498101"",""deployment"":""dcdde22b-483f-4551-bfa8-a8ad23f2f868"",""replica"":""d74614c5-3877-4710-a4a1-8f41af3269ac""}",2026-07-28T15:16:07.724413190Z
	-- ---------- Fix 1: Add missing columns to discovery_runs ----------,error,"{""level"":""error""}","{""project"":""e40824fb-b871-4f4a-bbd4-dc97257175b5"",""environment"":""71fe69c0-317e-4401-83e8-167236953714"",""service"":""98ac865d-3446-4204-8b6f-837e63498101"",""deployment"":""dcdde22b-483f-4551-bfa8-a8ad23f2f868"",""replica"":""d74614c5-3877-4710-a4a1-8f41af3269ac""}",2026-07-28T15:16:07.724416330Z
	ALTER TABLE discovery_runs ADD COLUMN IF NOT EXISTS audience_cities TEXT[];,error,"{""level"":""error""}","{""project"":""e40824fb-b871-4f4a-bbd4-dc97257175b5"",""environment"":""71fe69c0-317e-4401-83e8-167236953714"",""service"":""98ac865d-3446-4204-8b6f-837e63498101"",""deployment"":""dcdde22b-483f-4551-bfa8-a8ad23f2f868"",""replica"":""d74614c5-3877-4710-a4a1-8f41af3269ac""}",2026-07-28T15:16:07.724419470Z
"	ALTER TABLE discovery_runs ADD COLUMN IF NOT EXISTS estimated_cost_usd NUMERIC(10,4);",error,"{""level"":""error""}","{""project"":""e40824fb-b871-4f4a-bbd4-dc97257175b5"",""environment"":""71fe69c0-317e-4401-83e8-167236953714"",""service"":""98ac865d-3446-4204-8b6f-837e63498101"",""deployment"":""dcdde22b-483f-4551-bfa8-a8ad23f2f868"",""replica"":""d74614c5-3877-4710-a4a1-8f41af3269ac""}",2026-07-28T15:16:07.724422880Z
	ALTER TABLE discovery_runs ADD COLUMN IF NOT EXISTS updated_at TIMESTAMPTZ NOT NULL DEFAULT NOW();,error,"{""level"":""error""}","{""project"":""e40824fb-b871-4f4a-bbd4-dc97257175b5"",""environment"":""71fe69c0-317e-4401-83e8-167236953714"",""service"":""98ac865d-3446-4204-8b6f-837e63498101"",""deployment"":""dcdde22b-483f-4551-bfa8-a8ad23f2f868"",""replica"":""d74614c5-3877-4710-a4a1-8f41af3269ac""}",2026-07-28T15:16:07.724426339Z
	,error,"{""level"":""error""}","{""project"":""e40824fb-b871-4f4a-bbd4-dc97257175b5"",""environment"":""71fe69c0-317e-4401-83e8-167236953714"",""service"":""98ac865d-3446-4204-8b6f-837e63498101"",""deployment"":""dcdde22b-483f-4551-bfa8-a8ad23f2f868"",""replica"":""d74614c5-3877-4710-a4a1-8f41af3269ac""}",2026-07-28T15:16:07.724429609Z
	-- ---------- Fix 2: Ensure discovery_candidates id has DEFAULT ----------,error,"{""level"":""error""}","{""project"":""e40824fb-b871-4f4a-bbd4-dc97257175b5"",""environment"":""71fe69c0-317e-4401-83e8-167236953714"",""service"":""98ac865d-3446-4204-8b6f-837e63498101"",""deployment"":""dcdde22b-483f-4551-bfa8-a8ad23f2f868"",""replica"":""d74614c5-3877-4710-a4a1-8f41af3269ac""}",2026-07-28T15:16:07.724433069Z
	ALTER TABLE discovery_candidates ALTER COLUMN id SET DEFAULT extensions.uuid_generate_v4();,error,"{""level"":""error""}","{""project"":""e40824fb-b871-4f4a-bbd4-dc97257175b5"",""environment"":""71fe69c0-317e-4401-83e8-167236953714"",""service"":""98ac865d-3446-4204-8b6f-837e63498101"",""deployment"":""dcdde22b-483f-4551-bfa8-a8ad23f2f868"",""replica"":""d74614c5-3877-4710-a4a1-8f41af3269ac""}",2026-07-28T15:16:07.724436299Z
	,error,"{""level"":""error""}","{""project"":""e40824fb-b871-4f4a-bbd4-dc97257175b5"",""environment"":""71fe69c0-317e-4401-83e8-167236953714"",""service"":""98ac865d-3446-4204-8b6f-837e63498101"",""deployment"":""dcdde22b-483f-4551-bfa8-a8ad23f2f868"",""replica"":""d74614c5-3877-4710-a4a1-8f41af3269ac""}",2026-07-28T15:16:07.724439699Z
	-- ---------- Fix 3: Recreate discovery_runs_merge_metadata correctly ----------,error,"{""level"":""error""}","{""project"":""e40824fb-b871-4f4a-bbd4-dc97257175b5"",""environment"":""71fe69c0-317e-4401-83e8-167236953714"",""service"":""98ac865d-3446-4204-8b6f-837e63498101"",""deployment"":""dcdde22b-483f-4551-bfa8-a8ad23f2f868"",""replica"":""d74614c5-3877-4710-a4a1-8f41af3269ac""}",2026-07-28T15:16:07.724442799Z
"	CREATE OR REPLACE FUNCTION discovery_runs_merge_metadata(p_run_id UUID, p_metadata JSONB)",error,"{""level"":""error""}","{""project"":""e40824fb-b871-4f4a-bbd4-dc97257175b5"",""environment"":""71fe69c0-317e-4401-83e8-167236953714"",""service"":""98ac865d-3446-4204-8b6f-837e63498101"",""deployment"":""dcdde22b-483f-4551-bfa8-a8ad23f2f868"",""replica"":""d74614c5-3877-4710-a4a1-8f41af3269ac""}",2026-07-28T15:16:07.725476508Z
	RETURNS VOID LANGUAGE plpgsql SECURITY DEFINER AS $$,error,"{""level"":""error""}","{""project"":""e40824fb-b871-4f4a-bbd4-dc97257175b5"",""environment"":""71fe69c0-317e-4401-83e8-167236953714"",""service"":""98ac865d-3446-4204-8b6f-837e63498101"",""deployment"":""dcdde22b-483f-4551-bfa8-a8ad23f2f868"",""replica"":""d74614c5-3877-4710-a4a1-8f41af3269ac""}",2026-07-28T15:16:07.725484528Z
	BEGIN,error,"{""level"":""error""}","{""project"":""e40824fb-b871-4f4a-bbd4-dc97257175b5"",""environment"":""71fe69c0-317e-4401-83e8-167236953714"",""service"":""98ac865d-3446-4204-8b6f-837e63498101"",""deployment"":""dcdde22b-483f-4551-bfa8-a8ad23f2f868"",""replica"":""d74614c5-3877-4710-a4a1-8f41af3269ac""}",2026-07-28T15:16:07.725489398Z
	    UPDATE discovery_runs,error,"{""level"":""error""}","{""project"":""e40824fb-b871-4f4a-bbd4-dc97257175b5"",""environment"":""71fe69c0-317e-4401-83e8-167236953714"",""service"":""98ac865d-3446-4204-8b6f-837e63498101"",""deployment"":""dcdde22b-483f-4551-bfa8-a8ad23f2f868"",""replica"":""d74614c5-3877-4710-a4a1-8f41af3269ac""}",2026-07-28T15:16:07.725495128Z
"	    SET metadata = COALESCE(metadata, '{}'::jsonb) || p_metadata,",error,"{""level"":""error""}","{""project"":""e40824fb-b871-4f4a-bbd4-dc97257175b5"",""environment"":""71fe69c0-317e-4401-83e8-167236953714"",""service"":""98ac865d-3446-4204-8b6f-837e63498101"",""deployment"":""dcdde22b-483f-4551-bfa8-a8ad23f2f868"",""replica"":""d74614c5-3877-4710-a4a1-8f41af3269ac""}",2026-07-28T15:16:07.725499348Z
	        updated_at = NOW(),error,"{""level"":""error""}","{""project"":""e40824fb-b871-4f4a-bbd4-dc97257175b5"",""environment"":""71fe69c0-317e-4401-83e8-167236953714"",""service"":""98ac865d-3446-4204-8b6f-837e63498101"",""deployment"":""dcdde22b-483f-4551-bfa8-a8ad23f2f868"",""replica"":""d74614c5-3877-4710-a4a1-8f41af3269ac""}",2026-07-28T15:16:07.725506367Z
	    WHERE id = p_run_id;,error,"{""level"":""error""}","{""project"":""e40824fb-b871-4f4a-bbd4-dc97257175b5"",""environment"":""71fe69c0-317e-4401-83e8-167236953714"",""service"":""98ac865d-3446-4204-8b6f-837e63498101"",""deployment"":""dcdde22b-483f-4551-bfa8-a8ad23f2f868"",""replica"":""d74614c5-3877-4710-a4a1-8f41af3269ac""}",2026-07-28T15:16:07.725510977Z
	END;,error,"{""level"":""error""}","{""project"":""e40824fb-b871-4f4a-bbd4-dc97257175b5"",""environment"":""71fe69c0-317e-4401-83e8-167236953714"",""service"":""98ac865d-3446-4204-8b6f-837e63498101"",""deployment"":""dcdde22b-483f-4551-bfa8-a8ad23f2f868"",""replica"":""d74614c5-3877-4710-a4a1-8f41af3269ac""}",2026-07-28T15:16:07.725515287Z
	$$;,error,"{""level"":""error""}","{""project"":""e40824fb-b871-4f4a-bbd4-dc97257175b5"",""environment"":""71fe69c0-317e-4401-83e8-167236953714"",""service"":""98ac865d-3446-4204-8b6f-837e63498101"",""deployment"":""dcdde22b-483f-4551-bfa8-a8ad23f2f868"",""replica"":""d74614c5-3877-4710-a4a1-8f41af3269ac""}",2026-07-28T15:16:07.725519447Z
	,error,"{""level"":""error""}","{""project"":""e40824fb-b871-4f4a-bbd4-dc97257175b5"",""environment"":""71fe69c0-317e-4401-83e8-167236953714"",""service"":""98ac865d-3446-4204-8b6f-837e63498101"",""deployment"":""dcdde22b-483f-4551-bfa8-a8ad23f2f868"",""replica"":""d74614c5-3877-4710-a4a1-8f41af3269ac""}",2026-07-28T15:16:07.725523547Z
	COMMENT ON FUNCTION discovery_runs_merge_metadata IS 'Atomically merges p_metadata into discovery_runs.metadata using JSONB || operator';,error,"{""level"":""error""}","{""project"":""e40824fb-b871-4f4a-bbd4-dc97257175b5"",""environment"":""71fe69c0-317e-4401-83e8-167236953714"",""service"":""98ac865d-3446-4204-8b6f-837e63498101"",""deployment"":""dcdde22b-483f-4551-bfa8-a8ad23f2f868"",""replica"":""d74614c5-3877-4710-a4a1-8f41af3269ac""}",2026-07-28T15:16:07.725527207Z
	,error,"{""level"":""error""}","{""project"":""e40824fb-b871-4f4a-bbd4-dc97257175b5"",""environment"":""71fe69c0-317e-4401-83e8-167236953714"",""service"":""98ac865d-3446-4204-8b6f-837e63498101"",""deployment"":""dcdde22b-483f-4551-bfa8-a8ad23f2f868"",""replica"":""d74614c5-3877-4710-a4a1-8f41af3269ac""}",2026-07-28T15:16:07.725531157Z
	-- ---------- Fix 4: Ensure discovery triggers exist ----------,error,"{""level"":""error""}","{""project"":""e40824fb-b871-4f4a-bbd4-dc97257175b5"",""environment"":""71fe69c0-317e-4401-83e8-167236953714"",""service"":""98ac865d-3446-4204-8b6f-837e63498101"",""deployment"":""dcdde22b-483f-4551-bfa8-a8ad23f2f868"",""replica"":""d74614c5-3877-4710-a4a1-8f41af3269ac""}",2026-07-28T15:16:07.725534977Z
	DO $$,error,"{""level"":""error""}","{""project"":""e40824fb-b871-4f4a-bbd4-dc97257175b5"",""environment"":""71fe69c0-317e-4401-83e8-167236953714"",""service"":""98ac865d-3446-4204-8b6f-837e63498101"",""deployment"":""dcdde22b-483f-4551-bfa8-a8ad23f2f868"",""replica"":""d74614c5-3877-4710-a4a1-8f41af3269ac""}",2026-07-28T15:16:07.725544387Z
	END $$;,error,"{""level"":""error""}","{""project"":""e40824fb-b871-4f4a-bbd4-dc97257175b5"",""environment"":""71fe69c0-317e-4401-83e8-167236953714"",""service"":""98ac865d-3446-4204-8b6f-837e63498101"",""deployment"":""dcdde22b-483f-4551-bfa8-a8ad23f2f868"",""replica"":""d74614c5-3877-4710-a4a1-8f41af3269ac""}",2026-07-28T15:16:07.725548987Z
	BEGIN,error,"{""level"":""error""}","{""project"":""e40824fb-b871-4f4a-bbd4-dc97257175b5"",""environment"":""71fe69c0-317e-4401-83e8-167236953714"",""service"":""98ac865d-3446-4204-8b6f-837e63498101"",""deployment"":""dcdde22b-483f-4551-bfa8-a8ad23f2f868"",""replica"":""d74614c5-3877-4710-a4a1-8f41af3269ac""}",2026-07-28T15:16:07.725550997Z
	,error,"{""level"":""error""}","{""project"":""e40824fb-b871-4f4a-bbd4-dc97257175b5"",""environment"":""71fe69c0-317e-4401-83e8-167236953714"",""service"":""98ac865d-3446-4204-8b6f-837e63498101"",""deployment"":""dcdde22b-483f-4551-bfa8-a8ad23f2f868"",""replica"":""d74614c5-3877-4710-a4a1-8f41af3269ac""}",2026-07-28T15:16:07.725558227Z
	    CREATE TRIGGER trg_discovery_runs_updated_at BEFORE UPDATE ON discovery_runs,error,"{""level"":""error""}","{""project"":""e40824fb-b871-4f4a-bbd4-dc97257175b5"",""environment"":""71fe69c0-317e-4401-83e8-167236953714"",""service"":""98ac865d-3446-4204-8b6f-837e63498101"",""deployment"":""dcdde22b-483f-4551-bfa8-a8ad23f2f868"",""replica"":""d74614c5-3877-4710-a4a1-8f41af3269ac""}",2026-07-28T15:16:07.725558417Z
	DO $$,error,"{""level"":""error""}","{""project"":""e40824fb-b871-4f4a-bbd4-dc97257175b5"",""environment"":""71fe69c0-317e-4401-83e8-167236953714"",""service"":""98ac865d-3446-4204-8b6f-837e63498101"",""deployment"":""dcdde22b-483f-4551-bfa8-a8ad23f2f868"",""replica"":""d74614c5-3877-4710-a4a1-8f41af3269ac""}",2026-07-28T15:16:07.725566807Z
	        FOR EACH ROW EXECUTE FUNCTION public.set_updated_at();,error,"{""level"":""error""}","{""project"":""e40824fb-b871-4f4a-bbd4-dc97257175b5"",""environment"":""71fe69c0-317e-4401-83e8-167236953714"",""service"":""98ac865d-3446-4204-8b6f-837e63498101"",""deployment"":""dcdde22b-483f-4551-bfa8-a8ad23f2f868"",""replica"":""d74614c5-3877-4710-a4a1-8f41af3269ac""}",2026-07-28T15:16:07.725566997Z
	BEGIN,error,"{""level"":""error""}","{""project"":""e40824fb-b871-4f4a-bbd4-dc97257175b5"",""environment"":""71fe69c0-317e-4401-83e8-167236953714"",""service"":""98ac865d-3446-4204-8b6f-837e63498101"",""deployment"":""dcdde22b-483f-4551-bfa8-a8ad23f2f868"",""replica"":""d74614c5-3877-4710-a4a1-8f41af3269ac""}",2026-07-28T15:16:07.725575497Z
	    CREATE TRIGGER trg_discovery_candidates_updated_at BEFORE UPDATE ON discovery_candidates,error,"{""level"":""error""}","{""project"":""e40824fb-b871-4f4a-bbd4-dc97257175b5"",""environment"":""71fe69c0-317e-4401-83e8-167236953714"",""service"":""98ac865d-3446-4204-8b6f-837e63498101"",""deployment"":""dcdde22b-483f-4551-bfa8-a8ad23f2f868"",""replica"":""d74614c5-3877-4710-a4a1-8f41af3269ac""}",2026-07-28T15:16:07.725578117Z
	EXCEPTION WHEN OTHERS THEN NULL;,error,"{""level"":""error""}","{""project"":""e40824fb-b871-4f4a-bbd4-dc97257175b5"",""environment"":""71fe69c0-317e-4401-83e8-167236953714"",""service"":""98ac865d-3446-4204-8b6f-837e63498101"",""deployment"":""dcdde22b-483f-4551-bfa8-a8ad23f2f868"",""replica"":""d74614c5-3877-4710-a4a1-8f41af3269ac""}",2026-07-28T15:16:07.725579077Z
	        FOR EACH ROW EXECUTE FUNCTION public.set_updated_at();,error,"{""level"":""error""}","{""project"":""e40824fb-b871-4f4a-bbd4-dc97257175b5"",""environment"":""71fe69c0-317e-4401-83e8-167236953714"",""service"":""98ac865d-3446-4204-8b6f-837e63498101"",""deployment"":""dcdde22b-483f-4551-bfa8-a8ad23f2f868"",""replica"":""d74614c5-3877-4710-a4a1-8f41af3269ac""}",2026-07-28T15:16:07.725581887Z
	EXCEPTION WHEN OTHERS THEN NULL;,error,"{""level"":""error""}","{""project"":""e40824fb-b871-4f4a-bbd4-dc97257175b5"",""environment"":""71fe69c0-317e-4401-83e8-167236953714"",""service"":""98ac865d-3446-4204-8b6f-837e63498101"",""deployment"":""dcdde22b-483f-4551-bfa8-a8ad23f2f868"",""replica"":""d74614c5-3877-4710-a4a1-8f41af3269ac""}",2026-07-28T15:16:07.725584837Z
	END $$;,error,"{""level"":""error""}","{""project"":""e40824fb-b871-4f4a-bbd4-dc97257175b5"",""environment"":""71fe69c0-317e-4401-83e8-167236953714"",""service"":""98ac865d-3446-4204-8b6f-837e63498101"",""deployment"":""dcdde22b-483f-4551-bfa8-a8ad23f2f868"",""replica"":""d74614c5-3877-4710-a4a1-8f41af3269ac""}",2026-07-28T15:16:07.725593136Z
	,error,"{""level"":""error""}","{""project"":""e40824fb-b871-4f4a-bbd4-dc97257175b5"",""environment"":""71fe69c0-317e-4401-83e8-167236953714"",""service"":""98ac865d-3446-4204-8b6f-837e63498101"",""deployment"":""dcdde22b-483f-4551-bfa8-a8ad23f2f868"",""replica"":""d74614c5-3877-4710-a4a1-8f41af3269ac""}",2026-07-28T15:16:07.726301188Z
	DO $$,error,"{""level"":""error""}","{""project"":""e40824fb-b871-4f4a-bbd4-dc97257175b5"",""environment"":""71fe69c0-317e-4401-83e8-167236953714"",""service"":""98ac865d-3446-4204-8b6f-837e63498101"",""deployment"":""dcdde22b-483f-4551-bfa8-a8ad23f2f868"",""replica"":""d74614c5-3877-4710-a4a1-8f41af3269ac""}",2026-07-28T15:16:07.726305798Z
	BEGIN,error,"{""level"":""error""}","{""project"":""e40824fb-b871-4f4a-bbd4-dc97257175b5"",""environment"":""71fe69c0-317e-4401-83e8-167236953714"",""service"":""98ac865d-3446-4204-8b6f-837e63498101"",""deployment"":""dcdde22b-483f-4551-bfa8-a8ad23f2f868"",""replica"":""d74614c5-3877-4710-a4a1-8f41af3269ac""}",2026-07-28T15:16:07.726310248Z
"	ALTER TABLE influencers ADD COLUMN IF NOT EXISTS longitude NUMERIC(9,6);",error,"{""level"":""error""}","{""project"":""e40824fb-b871-4f4a-bbd4-dc97257175b5"",""environment"":""71fe69c0-317e-4401-83e8-167236953714"",""service"":""98ac865d-3446-4204-8b6f-837e63498101"",""deployment"":""dcdde22b-483f-4551-bfa8-a8ad23f2f868"",""replica"":""d74614c5-3877-4710-a4a1-8f41af3269ac""}",2026-07-28T15:16:07.726315108Z
	    CREATE TRIGGER trg_discovery_conversations_updated_at BEFORE UPDATE ON discovery_conversations,error,"{""level"":""error""}","{""project"":""e40824fb-b871-4f4a-bbd4-dc97257175b5"",""environment"":""71fe69c0-317e-4401-83e8-167236953714"",""service"":""98ac865d-3446-4204-8b6f-837e63498101"",""deployment"":""dcdde22b-483f-4551-bfa8-a8ad23f2f868"",""replica"":""d74614c5-3877-4710-a4a1-8f41af3269ac""}",2026-07-28T15:16:07.726315558Z
	        FOR EACH ROW EXECUTE FUNCTION public.set_updated_at();,error,"{""level"":""error""}","{""project"":""e40824fb-b871-4f4a-bbd4-dc97257175b5"",""environment"":""71fe69c0-317e-4401-83e8-167236953714"",""service"":""98ac865d-3446-4204-8b6f-837e63498101"",""deployment"":""dcdde22b-483f-4551-bfa8-a8ad23f2f868"",""replica"":""d74614c5-3877-4710-a4a1-8f41af3269ac""}",2026-07-28T15:16:07.726319958Z
	ALTER TABLE discovery_candidates ADD COLUMN IF NOT EXISTS language_primary TEXT;,error,"{""level"":""error""}","{""project"":""e40824fb-b871-4f4a-bbd4-dc97257175b5"",""environment"":""71fe69c0-317e-4401-83e8-167236953714"",""service"":""98ac865d-3446-4204-8b6f-837e63498101"",""deployment"":""dcdde22b-483f-4551-bfa8-a8ad23f2f868"",""replica"":""d74614c5-3877-4710-a4a1-8f41af3269ac""}",2026-07-28T15:16:07.726321038Z
	EXCEPTION WHEN OTHERS THEN NULL;,error,"{""level"":""error""}","{""project"":""e40824fb-b871-4f4a-bbd4-dc97257175b5"",""environment"":""71fe69c0-317e-4401-83e8-167236953714"",""service"":""98ac865d-3446-4204-8b6f-837e63498101"",""deployment"":""dcdde22b-483f-4551-bfa8-a8ad23f2f868"",""replica"":""d74614c5-3877-4710-a4a1-8f41af3269ac""}",2026-07-28T15:16:07.726323578Z
	END $$;,error,"{""level"":""error""}","{""project"":""e40824fb-b871-4f4a-bbd4-dc97257175b5"",""environment"":""71fe69c0-317e-4401-83e8-167236953714"",""service"":""98ac865d-3446-4204-8b6f-837e63498101"",""deployment"":""dcdde22b-483f-4551-bfa8-a8ad23f2f868"",""replica"":""d74614c5-3877-4710-a4a1-8f41af3269ac""}",2026-07-28T15:16:07.726326158Z
	,error,"{""level"":""error""}","{""project"":""e40824fb-b871-4f4a-bbd4-dc97257175b5"",""environment"":""71fe69c0-317e-4401-83e8-167236953714"",""service"":""98ac865d-3446-4204-8b6f-837e63498101"",""deployment"":""dcdde22b-483f-4551-bfa8-a8ad23f2f868"",""replica"":""d74614c5-3877-4710-a4a1-8f41af3269ac""}",2026-07-28T15:16:07.726329448Z
	,error,"{""level"":""error""}","{""project"":""e40824fb-b871-4f4a-bbd4-dc97257175b5"",""environment"":""71fe69c0-317e-4401-83e8-167236953714"",""service"":""98ac865d-3446-4204-8b6f-837e63498101"",""deployment"":""dcdde22b-483f-4551-bfa8-a8ad23f2f868"",""replica"":""d74614c5-3877-4710-a4a1-8f41af3269ac""}",2026-07-28T15:16:07.726329458Z
"	-- ---------- Fix 5: Add missing columns to discovery_candidates (0022, 0024, 0028) ----------",error,"{""level"":""error""}","{""project"":""e40824fb-b871-4f4a-bbd4-dc97257175b5"",""environment"":""71fe69c0-317e-4401-83e8-167236953714"",""service"":""98ac865d-3446-4204-8b6f-837e63498101"",""deployment"":""dcdde22b-483f-4551-bfa8-a8ad23f2f868"",""replica"":""d74614c5-3877-4710-a4a1-8f41af3269ac""}",2026-07-28T15:16:07.726334047Z
	CREATE INDEX IF NOT EXISTS idx_discovery_candidates_tier ON discovery_candidates(tier);,error,"{""level"":""error""}","{""project"":""e40824fb-b871-4f4a-bbd4-dc97257175b5"",""environment"":""71fe69c0-317e-4401-83e8-167236953714"",""service"":""98ac865d-3446-4204-8b6f-837e63498101"",""deployment"":""dcdde22b-483f-4551-bfa8-a8ad23f2f868"",""replica"":""d74614c5-3877-4710-a4a1-8f41af3269ac""}",2026-07-28T15:16:07.726334777Z
"	ALTER TABLE discovery_candidates ADD COLUMN IF NOT EXISTS tier TEXT CHECK (tier IN ('NANO','MICRO','MID','MACRO'));",error,"{""level"":""error""}","{""project"":""e40824fb-b871-4f4a-bbd4-dc97257175b5"",""environment"":""71fe69c0-317e-4401-83e8-167236953714"",""service"":""98ac865d-3446-4204-8b6f-837e63498101"",""deployment"":""dcdde22b-483f-4551-bfa8-a8ad23f2f868"",""replica"":""d74614c5-3877-4710-a4a1-8f41af3269ac""}",2026-07-28T15:16:07.726337357Z
	CREATE INDEX IF NOT EXISTS idx_discovery_candidates_is_tienda ON discovery_candidates(is_tienda);,error,"{""level"":""error""}","{""project"":""e40824fb-b871-4f4a-bbd4-dc97257175b5"",""environment"":""71fe69c0-317e-4401-83e8-167236953714"",""service"":""98ac865d-3446-4204-8b6f-837e63498101"",""deployment"":""dcdde22b-483f-4551-bfa8-a8ad23f2f868"",""replica"":""d74614c5-3877-4710-a4a1-8f41af3269ac""}",2026-07-28T15:16:07.726339427Z
	ALTER TABLE discovery_candidates ADD COLUMN IF NOT EXISTS is_tienda BOOLEAN NOT NULL DEFAULT FALSE;,error,"{""level"":""error""}","{""project"":""e40824fb-b871-4f4a-bbd4-dc97257175b5"",""environment"":""71fe69c0-317e-4401-83e8-167236953714"",""service"":""98ac865d-3446-4204-8b6f-837e63498101"",""deployment"":""dcdde22b-483f-4551-bfa8-a8ad23f2f868"",""replica"":""d74614c5-3877-4710-a4a1-8f41af3269ac""}",2026-07-28T15:16:07.726340567Z
	,error,"{""level"":""error""}","{""project"":""e40824fb-b871-4f4a-bbd4-dc97257175b5"",""environment"":""71fe69c0-317e-4401-83e8-167236953714"",""service"":""98ac865d-3446-4204-8b6f-837e63498101"",""deployment"":""dcdde22b-483f-4551-bfa8-a8ad23f2f868"",""replica"":""d74614c5-3877-4710-a4a1-8f41af3269ac""}",2026-07-28T15:16:07.726344057Z
	-- ---------- Fix 6: Ensure influencers has discovery columns (0019) ----------,error,"{""level"":""error""}","{""project"":""e40824fb-b871-4f4a-bbd4-dc97257175b5"",""environment"":""71fe69c0-317e-4401-83e8-167236953714"",""service"":""98ac865d-3446-4204-8b6f-837e63498101"",""deployment"":""dcdde22b-483f-4551-bfa8-a8ad23f2f868"",""replica"":""d74614c5-3877-4710-a4a1-8f41af3269ac""}",2026-07-28T15:16:07.726348837Z
	ALTER TABLE influencers ADD COLUMN IF NOT EXISTS gender TEXT;,error,"{""level"":""error""}","{""project"":""e40824fb-b871-4f4a-bbd4-dc97257175b5"",""environment"":""71fe69c0-317e-4401-83e8-167236953714"",""service"":""98ac865d-3446-4204-8b6f-837e63498101"",""deployment"":""dcdde22b-483f-4551-bfa8-a8ad23f2f868"",""replica"":""d74614c5-3877-4710-a4a1-8f41af3269ac""}",2026-07-28T15:16:07.726353247Z
	ALTER TABLE influencers ADD COLUMN IF NOT EXISTS age_range TEXT;,error,"{""level"":""error""}","{""project"":""e40824fb-b871-4f4a-bbd4-dc97257175b5"",""environment"":""71fe69c0-317e-4401-83e8-167236953714"",""service"":""98ac865d-3446-4204-8b6f-837e63498101"",""deployment"":""dcdde22b-483f-4551-bfa8-a8ad23f2f868"",""replica"":""d74614c5-3877-4710-a4a1-8f41af3269ac""}",2026-07-28T15:16:07.726357997Z
"	ALTER TABLE influencers ADD COLUMN IF NOT EXISTS latitude NUMERIC(9,6);",error,"{""level"":""error""}","{""project"":""e40824fb-b871-4f4a-bbd4-dc97257175b5"",""environment"":""71fe69c0-317e-4401-83e8-167236953714"",""service"":""98ac865d-3446-4204-8b6f-837e63498101"",""deployment"":""dcdde22b-483f-4551-bfa8-a8ad23f2f868"",""replica"":""d74614c5-3877-4710-a4a1-8f41af3269ac""}",2026-07-28T15:16:07.726362067Z
	ALTER TABLE influencers ADD COLUMN IF NOT EXISTS audience_demographics JSONB DEFAULT '{}'::jsonb;,error,"{""level"":""error""}","{""project"":""e40824fb-b871-4f4a-bbd4-dc97257175b5"",""environment"":""71fe69c0-317e-4401-83e8-167236953714"",""service"":""98ac865d-3446-4204-8b6f-837e63498101"",""deployment"":""dcdde22b-483f-4551-bfa8-a8ad23f2f868"",""replica"":""d74614c5-3877-4710-a4a1-8f41af3269ac""}",2026-07-28T15:16:07.728472144Z
	ALTER TABLE influencers ADD COLUMN IF NOT EXISTS is_discoverable BOOLEAN NOT NULL DEFAULT TRUE;,error,"{""level"":""error""}","{""project"":""e40824fb-b871-4f4a-bbd4-dc97257175b5"",""environment"":""71fe69c0-317e-4401-83e8-167236953714"",""service"":""98ac865d-3446-4204-8b6f-837e63498101"",""deployment"":""dcdde22b-483f-4551-bfa8-a8ad23f2f868"",""replica"":""d74614c5-3877-4710-a4a1-8f41af3269ac""}",2026-07-28T15:16:07.728480334Z
	ALTER TABLE influencers ADD COLUMN IF NOT EXISTS discovered_at TIMESTAMPTZ;,error,"{""level"":""error""}","{""project"":""e40824fb-b871-4f4a-bbd4-dc97257175b5"",""environment"":""71fe69c0-317e-4401-83e8-167236953714"",""service"":""98ac865d-3446-4204-8b6f-837e63498101"",""deployment"":""dcdde22b-483f-4551-bfa8-a8ad23f2f868"",""replica"":""d74614c5-3877-4710-a4a1-8f41af3269ac""}",2026-07-28T15:16:07.728487034Z
	BEGIN,error,"{""level"":""error""}","{""project"":""e40824fb-b871-4f4a-bbd4-dc97257175b5"",""environment"":""71fe69c0-317e-4401-83e8-167236953714"",""service"":""98ac865d-3446-4204-8b6f-837e63498101"",""deployment"":""dcdde22b-483f-4551-bfa8-a8ad23f2f868"",""replica"":""d74614c5-3877-4710-a4a1-8f41af3269ac""}",2026-07-28T15:16:07.728490304Z
	ALTER TABLE influencers ADD COLUMN IF NOT EXISTS discovery_query TEXT;,error,"{""level"":""error""}","{""project"":""e40824fb-b871-4f4a-bbd4-dc97257175b5"",""environment"":""71fe69c0-317e-4401-83e8-167236953714"",""service"":""98ac865d-3446-4204-8b6f-837e63498101"",""deployment"":""dcdde22b-483f-4551-bfa8-a8ad23f2f868"",""replica"":""d74614c5-3877-4710-a4a1-8f41af3269ac""}",2026-07-28T15:16:07.728493234Z
"	ALTER TABLE influencers ADD COLUMN IF NOT EXISTS discovery_confidence NUMERIC(5,2);",error,"{""level"":""error""}","{""project"":""e40824fb-b871-4f4a-bbd4-dc97257175b5"",""environment"":""71fe69c0-317e-4401-83e8-167236953714"",""service"":""98ac865d-3446-4204-8b6f-837e63498101"",""deployment"":""dcdde22b-483f-4551-bfa8-a8ad23f2f868"",""replica"":""d74614c5-3877-4710-a4a1-8f41af3269ac""}",2026-07-28T15:16:07.728499024Z
	    CREATE TYPE influencer_subtier AS ENUM (,error,"{""level"":""error""}","{""project"":""e40824fb-b871-4f4a-bbd4-dc97257175b5"",""environment"":""71fe69c0-317e-4401-83e8-167236953714"",""service"":""98ac865d-3446-4204-8b6f-837e63498101"",""deployment"":""dcdde22b-483f-4551-bfa8-a8ad23f2f868"",""replica"":""d74614c5-3877-4710-a4a1-8f41af3269ac""}",2026-07-28T15:16:07.728506143Z
	ALTER TABLE influencers ADD COLUMN IF NOT EXISTS sub_tier TEXT;,error,"{""level"":""error""}","{""project"":""e40824fb-b871-4f4a-bbd4-dc97257175b5"",""environment"":""71fe69c0-317e-4401-83e8-167236953714"",""service"":""98ac865d-3446-4204-8b6f-837e63498101"",""deployment"":""dcdde22b-483f-4551-bfa8-a8ad23f2f868"",""replica"":""d74614c5-3877-4710-a4a1-8f41af3269ac""}",2026-07-28T15:16:07.728507483Z
"	        'NANO_BAJO','NANO_ALTO',",error,"{""level"":""error""}","{""project"":""e40824fb-b871-4f4a-bbd4-dc97257175b5"",""environment"":""71fe69c0-317e-4401-83e8-167236953714"",""service"":""98ac865d-3446-4204-8b6f-837e63498101"",""deployment"":""dcdde22b-483f-4551-bfa8-a8ad23f2f868"",""replica"":""d74614c5-3877-4710-a4a1-8f41af3269ac""}",2026-07-28T15:16:07.728513933Z
	,error,"{""level"":""error""}","{""project"":""e40824fb-b871-4f4a-bbd4-dc97257175b5"",""environment"":""71fe69c0-317e-4401-83e8-167236953714"",""service"":""98ac865d-3446-4204-8b6f-837e63498101"",""deployment"":""dcdde22b-483f-4551-bfa8-a8ad23f2f868"",""replica"":""d74614c5-3877-4710-a4a1-8f41af3269ac""}",2026-07-28T15:16:07.728515683Z
"	        'MICRO_BAJO','MICRO_MEDIO','MICRO_ALTO',",error,"{""level"":""error""}","{""project"":""e40824fb-b871-4f4a-bbd4-dc97257175b5"",""environment"":""71fe69c0-317e-4401-83e8-167236953714"",""service"":""98ac865d-3446-4204-8b6f-837e63498101"",""deployment"":""dcdde22b-483f-4551-bfa8-a8ad23f2f868"",""replica"":""d74614c5-3877-4710-a4a1-8f41af3269ac""}",2026-07-28T15:16:07.728520253Z
"	        'MID_BAJO','MID_ALTO',",error,"{""level"":""error""}","{""project"":""e40824fb-b871-4f4a-bbd4-dc97257175b5"",""environment"":""71fe69c0-317e-4401-83e8-167236953714"",""service"":""98ac865d-3446-4204-8b6f-837e63498101"",""deployment"":""dcdde22b-483f-4551-bfa8-a8ad23f2f868"",""replica"":""d74614c5-3877-4710-a4a1-8f41af3269ac""}",2026-07-28T15:16:07.728527753Z
	-- ---------- Fix 7: Ensure extensiones enum exists ----------,error,"{""level"":""error""}","{""project"":""e40824fb-b871-4f4a-bbd4-dc97257175b5"",""environment"":""71fe69c0-317e-4401-83e8-167236953714"",""service"":""98ac865d-3446-4204-8b6f-837e63498101"",""deployment"":""dcdde22b-483f-4551-bfa8-a8ad23f2f868"",""replica"":""d74614c5-3877-4710-a4a1-8f41af3269ac""}",2026-07-28T15:16:07.728528253Z
"	        'MACRO_BAJO','MACRO_ALTO'",error,"{""level"":""error""}","{""project"":""e40824fb-b871-4f4a-bbd4-dc97257175b5"",""environment"":""71fe69c0-317e-4401-83e8-167236953714"",""service"":""98ac865d-3446-4204-8b6f-837e63498101"",""deployment"":""dcdde22b-483f-4551-bfa8-a8ad23f2f868"",""replica"":""d74614c5-3877-4710-a4a1-8f41af3269ac""}",2026-07-28T15:16:07.728535093Z
	DO $$,error,"{""level"":""error""}","{""project"":""e40824fb-b871-4f4a-bbd4-dc97257175b5"",""environment"":""71fe69c0-317e-4401-83e8-167236953714"",""service"":""98ac865d-3446-4204-8b6f-837e63498101"",""deployment"":""dcdde22b-483f-4551-bfa8-a8ad23f2f868"",""replica"":""d74614c5-3877-4710-a4a1-8f41af3269ac""}",2026-07-28T15:16:07.728537383Z
	    );,error,"{""level"":""error""}","{""project"":""e40824fb-b871-4f4a-bbd4-dc97257175b5"",""environment"":""71fe69c0-317e-4401-83e8-167236953714"",""service"":""98ac865d-3446-4204-8b6f-837e63498101"",""deployment"":""dcdde22b-483f-4551-bfa8-a8ad23f2f868"",""replica"":""d74614c5-3877-4710-a4a1-8f41af3269ac""}",2026-07-28T15:16:07.728540943Z
	EXCEPTION WHEN OTHERS THEN NULL;,error,"{""level"":""error""}","{""project"":""e40824fb-b871-4f4a-bbd4-dc97257175b5"",""environment"":""71fe69c0-317e-4401-83e8-167236953714"",""service"":""98ac865d-3446-4204-8b6f-837e63498101"",""deployment"":""dcdde22b-483f-4551-bfa8-a8ad23f2f868"",""replica"":""d74614c5-3877-4710-a4a1-8f41af3269ac""}",2026-07-28T15:16:07.728545163Z
	END $$;,error,"{""level"":""error""}","{""project"":""e40824fb-b871-4f4a-bbd4-dc97257175b5"",""environment"":""71fe69c0-317e-4401-83e8-167236953714"",""service"":""98ac865d-3446-4204-8b6f-837e63498101"",""deployment"":""dcdde22b-483f-4551-bfa8-a8ad23f2f868"",""replica"":""d74614c5-3877-4710-a4a1-8f41af3269ac""}",2026-07-28T15:16:07.728548343Z
	,error,"{""level"":""error""}","{""project"":""e40824fb-b871-4f4a-bbd4-dc97257175b5"",""environment"":""71fe69c0-317e-4401-83e8-167236953714"",""service"":""98ac865d-3446-4204-8b6f-837e63498101"",""deployment"":""dcdde22b-483f-4551-bfa8-a8ad23f2f868"",""replica"":""d74614c5-3877-4710-a4a1-8f41af3269ac""}",2026-07-28T15:16:07.728551153Z
	DO $$,error,"{""level"":""error""}","{""project"":""e40824fb-b871-4f4a-bbd4-dc97257175b5"",""environment"":""71fe69c0-317e-4401-83e8-167236953714"",""service"":""98ac865d-3446-4204-8b6f-837e63498101"",""deployment"":""dcdde22b-483f-4551-bfa8-a8ad23f2f868"",""replica"":""d74614c5-3877-4710-a4a1-8f41af3269ac""}",2026-07-28T15:16:07.728555843Z
	BEGIN,error,"{""level"":""error""}","{""project"":""e40824fb-b871-4f4a-bbd4-dc97257175b5"",""environment"":""71fe69c0-317e-4401-83e8-167236953714"",""service"":""98ac865d-3446-4204-8b6f-837e63498101"",""deployment"":""dcdde22b-483f-4551-bfa8-a8ad23f2f868"",""replica"":""d74614c5-3877-4710-a4a1-8f41af3269ac""}",2026-07-28T15:16:07.728558983Z
"	    CREATE TYPE candidate_status AS ENUM ('new','saved','dismissed','contacted','replied','won','lost');",error,"{""level"":""error""}","{""project"":""e40824fb-b871-4f4a-bbd4-dc97257175b5"",""environment"":""71fe69c0-317e-4401-83e8-167236953714"",""service"":""98ac865d-3446-4204-8b6f-837e63498101"",""deployment"":""dcdde22b-483f-4551-bfa8-a8ad23f2f868"",""replica"":""d74614c5-3877-4710-a4a1-8f41af3269ac""}",2026-07-28T15:16:07.728562543Z
	EXCEPTION WHEN OTHERS THEN NULL;,error,"{""level"":""error""}","{""project"":""e40824fb-b871-4f4a-bbd4-dc97257175b5"",""environment"":""71fe69c0-317e-4401-83e8-167236953714"",""service"":""98ac865d-3446-4204-8b6f-837e63498101"",""deployment"":""dcdde22b-483f-4551-bfa8-a8ad23f2f868"",""replica"":""d74614c5-3877-4710-a4a1-8f41af3269ac""}",2026-07-28T15:16:07.728566103Z
	END $$;,error,"{""level"":""error""}","{""project"":""e40824fb-b871-4f4a-bbd4-dc97257175b5"",""environment"":""71fe69c0-317e-4401-83e8-167236953714"",""service"":""98ac865d-3446-4204-8b6f-837e63498101"",""deployment"":""dcdde22b-483f-4551-bfa8-a8ad23f2f868"",""replica"":""d74614c5-3877-4710-a4a1-8f41af3269ac""}",2026-07-28T15:16:07.728569473Z
	,error,"{""level"":""error""}","{""project"":""e40824fb-b871-4f4a-bbd4-dc97257175b5"",""environment"":""71fe69c0-317e-4401-83e8-167236953714"",""service"":""98ac865d-3446-4204-8b6f-837e63498101"",""deployment"":""dcdde22b-483f-4551-bfa8-a8ad23f2f868"",""replica"":""d74614c5-3877-4710-a4a1-8f41af3269ac""}",2026-07-28T15:16:07.728572493Z
	,error,"{""level"":""error""}","{""project"":""e40824fb-b871-4f4a-bbd4-dc97257175b5"",""environment"":""71fe69c0-317e-4401-83e8-167236953714"",""service"":""98ac865d-3446-4204-8b6f-837e63498101"",""deployment"":""dcdde22b-483f-4551-bfa8-a8ad23f2f868"",""replica"":""d74614c5-3877-4710-a4a1-8f41af3269ac""}",2026-07-28T15:16:07.729640811Z
	DO $$,error,"{""level"":""error""}","{""project"":""e40824fb-b871-4f4a-bbd4-dc97257175b5"",""environment"":""71fe69c0-317e-4401-83e8-167236953714"",""service"":""98ac865d-3446-4204-8b6f-837e63498101"",""deployment"":""dcdde22b-483f-4551-bfa8-a8ad23f2f868"",""replica"":""d74614c5-3877-4710-a4a1-8f41af3269ac""}",2026-07-28T15:16:07.729642151Z
	BEGIN,error,"{""level"":""error""}","{""project"":""e40824fb-b871-4f4a-bbd4-dc97257175b5"",""environment"":""71fe69c0-317e-4401-83e8-167236953714"",""service"":""98ac865d-3446-4204-8b6f-837e63498101"",""deployment"":""dcdde22b-483f-4551-bfa8-a8ad23f2f868"",""replica"":""d74614c5-3877-4710-a4a1-8f41af3269ac""}",2026-07-28T15:16:07.729646841Z
"	    CREATE TYPE discovery_run_status AS ENUM ('pending','running','completed','failed','cancelled');",error,"{""level"":""error""}","{""project"":""e40824fb-b871-4f4a-bbd4-dc97257175b5"",""environment"":""71fe69c0-317e-4401-83e8-167236953714"",""service"":""98ac865d-3446-4204-8b6f-837e63498101"",""deployment"":""dcdde22b-483f-4551-bfa8-a8ad23f2f868"",""replica"":""d74614c5-3877-4710-a4a1-8f41af3269ac""}",2026-07-28T15:16:07.729650451Z
	EXCEPTION WHEN OTHERS THEN NULL;,error,"{""level"":""error""}","{""project"":""e40824fb-b871-4f4a-bbd4-dc97257175b5"",""environment"":""71fe69c0-317e-4401-83e8-167236953714"",""service"":""98ac865d-3446-4204-8b6f-837e63498101"",""deployment"":""dcdde22b-483f-4551-bfa8-a8ad23f2f868"",""replica"":""d74614c5-3877-4710-a4a1-8f41af3269ac""}",2026-07-28T15:16:07.729654321Z
	END $$;,error,"{""level"":""error""}","{""project"":""e40824fb-b871-4f4a-bbd4-dc97257175b5"",""environment"":""71fe69c0-317e-4401-83e8-167236953714"",""service"":""98ac865d-3446-4204-8b6f-837e63498101"",""deployment"":""dcdde22b-483f-4551-bfa8-a8ad23f2f868"",""replica"":""d74614c5-3877-4710-a4a1-8f41af3269ac""}",2026-07-28T15:16:07.729658511Z
	,error,"{""level"":""error""}","{""project"":""e40824fb-b871-4f4a-bbd4-dc97257175b5"",""environment"":""71fe69c0-317e-4401-83e8-167236953714"",""service"":""98ac865d-3446-4204-8b6f-837e63498101"",""deployment"":""dcdde22b-483f-4551-bfa8-a8ad23f2f868"",""replica"":""d74614c5-3877-4710-a4a1-8f41af3269ac""}",2026-07-28T15:16:07.729662011Z
	DO $$,error,"{""level"":""error""}","{""project"":""e40824fb-b871-4f4a-bbd4-dc97257175b5"",""environment"":""71fe69c0-317e-4401-83e8-167236953714"",""service"":""98ac865d-3446-4204-8b6f-837e63498101"",""deployment"":""dcdde22b-483f-4551-bfa8-a8ad23f2f868"",""replica"":""d74614c5-3877-4710-a4a1-8f41af3269ac""}",2026-07-28T15:16:07.729666011Z
	BEGIN,error,"{""level"":""error""}","{""project"":""e40824fb-b871-4f4a-bbd4-dc97257175b5"",""environment"":""71fe69c0-317e-4401-83e8-167236953714"",""service"":""98ac865d-3446-4204-8b6f-837e63498101"",""deployment"":""dcdde22b-483f-4551-bfa8-a8ad23f2f868"",""replica"":""d74614c5-3877-4710-a4a1-8f41af3269ac""}",2026-07-28T15:16:07.729669461Z
"	    CREATE TYPE conversation_step AS ENUM ('start','brief','refining','searching','ranking','candidates_review','done');",error,"{""level"":""error""}","{""project"":""e40824fb-b871-4f4a-bbd4-dc97257175b5"",""environment"":""71fe69c0-317e-4401-83e8-167236953714"",""service"":""98ac865d-3446-4204-8b6f-837e63498101"",""deployment"":""dcdde22b-483f-4551-bfa8-a8ad23f2f868"",""replica"":""d74614c5-3877-4710-a4a1-8f41af3269ac""}",2026-07-28T15:16:07.729673181Z
	EXCEPTION WHEN OTHERS THEN NULL;,error,"{""level"":""error""}","{""project"":""e40824fb-b871-4f4a-bbd4-dc97257175b5"",""environment"":""71fe69c0-317e-4401-83e8-167236953714"",""service"":""98ac865d-3446-4204-8b6f-837e63498101"",""deployment"":""dcdde22b-483f-4551-bfa8-a8ad23f2f868"",""replica"":""d74614c5-3877-4710-a4a1-8f41af3269ac""}",2026-07-28T15:16:07.729677070Z
	END $$;,error,"{""level"":""error""}","{""project"":""e40824fb-b871-4f4a-bbd4-dc97257175b5"",""environment"":""71fe69c0-317e-4401-83e8-167236953714"",""service"":""98ac865d-3446-4204-8b6f-837e63498101"",""deployment"":""dcdde22b-483f-4551-bfa8-a8ad23f2f868"",""replica"":""d74614c5-3877-4710-a4a1-8f41af3269ac""}",2026-07-28T15:16:07.729680670Z
	,error,"{""level"":""error""}","{""project"":""e40824fb-b871-4f4a-bbd4-dc97257175b5"",""environment"":""71fe69c0-317e-4401-83e8-167236953714"",""service"":""98ac865d-3446-4204-8b6f-837e63498101"",""deployment"":""dcdde22b-483f-4551-bfa8-a8ad23f2f868"",""replica"":""d74614c5-3877-4710-a4a1-8f41af3269ac""}",2026-07-28T15:16:07.729684800Z
	-- ---------- Fix 8: Ensure set_updated_at helper exists ----------,error,"{""level"":""error""}","{""project"":""e40824fb-b871-4f4a-bbd4-dc97257175b5"",""environment"":""71fe69c0-317e-4401-83e8-167236953714"",""service"":""98ac865d-3446-4204-8b6f-837e63498101"",""deployment"":""dcdde22b-483f-4551-bfa8-a8ad23f2f868"",""replica"":""d74614c5-3877-4710-a4a1-8f41af3269ac""}",2026-07-28T15:16:07.729689180Z
	CREATE OR REPLACE FUNCTION public.set_updated_at(),error,"{""level"":""error""}","{""project"":""e40824fb-b871-4f4a-bbd4-dc97257175b5"",""environment"":""71fe69c0-317e-4401-83e8-167236953714"",""service"":""98ac865d-3446-4204-8b6f-837e63498101"",""deployment"":""dcdde22b-483f-4551-bfa8-a8ad23f2f868"",""replica"":""d74614c5-3877-4710-a4a1-8f41af3269ac""}",2026-07-28T15:16:07.729694370Z
	RETURNS TRIGGER LANGUAGE plpgsql AS $$,error,"{""level"":""error""}","{""project"":""e40824fb-b871-4f4a-bbd4-dc97257175b5"",""environment"":""71fe69c0-317e-4401-83e8-167236953714"",""service"":""98ac865d-3446-4204-8b6f-837e63498101"",""deployment"":""dcdde22b-483f-4551-bfa8-a8ad23f2f868"",""replica"":""d74614c5-3877-4710-a4a1-8f41af3269ac""}",2026-07-28T15:16:07.729698580Z
	BEGIN NEW.updated_at = NOW(); RETURN NEW; END; $$;,error,"{""level"":""error""}","{""project"":""e40824fb-b871-4f4a-bbd4-dc97257175b5"",""environment"":""71fe69c0-317e-4401-83e8-167236953714"",""service"":""98ac865d-3446-4204-8b6f-837e63498101"",""deployment"":""dcdde22b-483f-4551-bfa8-a8ad23f2f868"",""replica"":""d74614c5-3877-4710-a4a1-8f41af3269ac""}",2026-07-28T15:16:07.729702590Z
"2026-07-28 15:16:43.452 UTC [99] LOG:  checkpoint complete: wrote 17 buffers (0.1%), wrote 1 SLRU buffers; 0 WAL file(s) added, 0 removed, 0 recycled; write=1.708 s, sync=0.005 s, total=1.722 s; sync files=17, longest=0.003 s, average=0.001 s; distance=77 kB, estimate=89 kB; lsn=0/1E5D288, redo lsn=0/1E5D230",error,"{""level"":""error""}","{""project"":""e40824fb-b871-4f4a-bbd4-dc97257175b5"",""environment"":""71fe69c0-317e-4401-83e8-167236953714"",""service"":""98ac865d-3446-4204-8b6f-837e63498101"",""deployment"":""dcdde22b-483f-4551-bfa8-a8ad23f2f868"",""replica"":""d74614c5-3877-4710-a4a1-8f41af3269ac""}",2026-07-28T15:16:48.092791298Z
2026-07-28 15:16:41.730 UTC [99] LOG:  checkpoint starting: time,error,"{""level"":""error""}","{""project"":""e40824fb-b871-4f4a-bbd4-dc97257175b5"",""environment"":""71fe69c0-317e-4401-83e8-167236953714"",""service"":""98ac865d-3446-4204-8b6f-837e63498101"",""deployment"":""dcdde22b-483f-4551-bfa8-a8ad23f2f868"",""replica"":""d74614c5-3877-4710-a4a1-8f41af3269ac""}",2026-07-28T15:16:48.092797478Z
2026-07-28 15:20:02.754 UTC [4266] LOG:  SSL error: unexpected eof while reading,error,"{""level"":""error""}","{""project"":""e40824fb-b871-4f4a-bbd4-dc97257175b5"",""environment"":""71fe69c0-317e-4401-83e8-167236953714"",""service"":""98ac865d-3446-4204-8b6f-837e63498101"",""deployment"":""dcdde22b-483f-4551-bfa8-a8ad23f2f868"",""replica"":""d74614c5-3877-4710-a4a1-8f41af3269ac""}",2026-07-28T15:20:09.313712219Z
2026-07-28 15:20:02.755 UTC [4266] LOG:  could not receive data from client: Connection reset by peer,error,"{""level"":""error""}","{""project"":""e40824fb-b871-4f4a-bbd4-dc97257175b5"",""environment"":""71fe69c0-317e-4401-83e8-167236953714"",""service"":""98ac865d-3446-4204-8b6f-837e63498101"",""deployment"":""dcdde22b-483f-4551-bfa8-a8ad23f2f868"",""replica"":""d74614c5-3877-4710-a4a1-8f41af3269ac""}",2026-07-28T15:20:09.313715639Z
2026-07-28 15:20:02.761 UTC [4265] LOG:  SSL error: unexpected eof while reading,error,"{""level"":""error""}","{""project"":""e40824fb-b871-4f4a-bbd4-dc97257175b5"",""environment"":""71fe69c0-317e-4401-83e8-167236953714"",""service"":""98ac865d-3446-4204-8b6f-837e63498101"",""deployment"":""dcdde22b-483f-4551-bfa8-a8ad23f2f868"",""replica"":""d74614c5-3877-4710-a4a1-8f41af3269ac""}",2026-07-28T15:20:09.313718989Z
2026-07-28 15:20:02.761 UTC [4265] LOG:  could not receive data from client: Connection reset by peer,error,"{""level"":""error""}","{""project"":""e40824fb-b871-4f4a-bbd4-dc97257175b5"",""environment"":""71fe69c0-317e-4401-83e8-167236953714"",""service"":""98ac865d-3446-4204-8b6f-837e63498101"",""deployment"":""dcdde22b-483f-4551-bfa8-a8ad23f2f868"",""replica"":""d74614c5-3877-4710-a4a1-8f41af3269ac""}",2026-07-28T15:20:09.313722819Z
"	SELECT version, filename FROM schema_migrations ORDER BY version;",error,"{""level"":""error""}","{""project"":""e40824fb-b871-4f4a-bbd4-dc97257175b5"",""environment"":""71fe69c0-317e-4401-83e8-167236953714"",""service"":""98ac865d-3446-4204-8b6f-837e63498101"",""deployment"":""dcdde22b-483f-4551-bfa8-a8ad23f2f868"",""replica"":""d74614c5-3877-4710-a4a1-8f41af3269ac""}",2026-07-28T15:39:18.586346279Z
	SELECT extname FROM pg_extension LIMIT 100,error,"{""level"":""error""}","{""project"":""e40824fb-b871-4f4a-bbd4-dc97257175b5"",""environment"":""71fe69c0-317e-4401-83e8-167236953714"",""service"":""98ac865d-3446-4204-8b6f-837e63498101"",""deployment"":""dcdde22b-483f-4551-bfa8-a8ad23f2f868"",""replica"":""d74614c5-3877-4710-a4a1-8f41af3269ac""}",2026-07-28T15:39:18.586352339Z
"2026-07-28 15:39:17.636 UTC [4348] ERROR:  relation ""schema_migrations"" does not exist at character 209",error,"{""level"":""error""}","{""project"":""e40824fb-b871-4f4a-bbd4-dc97257175b5"",""environment"":""71fe69c0-317e-4401-83e8-167236953714"",""service"":""98ac865d-3446-4204-8b6f-837e63498101"",""deployment"":""dcdde22b-483f-4551-bfa8-a8ad23f2f868"",""replica"":""d74614c5-3877-4710-a4a1-8f41af3269ac""}",2026-07-28T15:39:18.586452537Z
2026-07-28 15:39:17.636 UTC [4348] STATEMENT:  SELECT COUNT(*) FROM information_schema.tables WHERE table_schema = 'public';,error,"{""level"":""error""}","{""project"":""e40824fb-b871-4f4a-bbd4-dc97257175b5"",""environment"":""71fe69c0-317e-4401-83e8-167236953714"",""service"":""98ac865d-3446-4204-8b6f-837e63498101"",""deployment"":""dcdde22b-483f-4551-bfa8-a8ad23f2f868"",""replica"":""d74614c5-3877-4710-a4a1-8f41af3269ac""}",2026-07-28T15:39:18.586456407Z
	SELECT table_name FROM information_schema.tables WHERE table_schema = 'public' ORDER BY table_name;,error,"{""level"":""error""}","{""project"":""e40824fb-b871-4f4a-bbd4-dc97257175b5"",""environment"":""71fe69c0-317e-4401-83e8-167236953714"",""service"":""98ac865d-3446-4204-8b6f-837e63498101"",""deployment"":""dcdde22b-483f-4551-bfa8-a8ad23f2f868"",""replica"":""d74614c5-3877-4710-a4a1-8f41af3269ac""}",2026-07-28T15:39:18.586460337Z
2026-07-28 15:41:41.916 UTC [99] LOG:  checkpoint starting: time,error,"{""level"":""error""}","{""project"":""e40824fb-b871-4f4a-bbd4-dc97257175b5"",""environment"":""71fe69c0-317e-4401-83e8-167236953714"",""service"":""98ac865d-3446-4204-8b6f-837e63498101"",""deployment"":""dcdde22b-483f-4551-bfa8-a8ad23f2f868"",""replica"":""d74614c5-3877-4710-a4a1-8f41af3269ac""}",2026-07-28T15:41:49.218929576Z
"2026-07-28 15:41:41.933 UTC [99] LOG:  checkpoint complete: wrote 0 buffers (0.0%), wrote 1 SLRU buffers; 0 WAL file(s) added, 0 removed, 0 recycled; write=0.002 s, sync=0.002 s, total=0.018 s; sync files=1, longest=0.002 s, average=0.002 s; distance=0 kB, estimate=80 kB; lsn=0/1E5D4D0, redo lsn=0/1E5D478",error,"{""level"":""error""}","{""project"":""e40824fb-b871-4f4a-bbd4-dc97257175b5"",""environment"":""71fe69c0-317e-4401-83e8-167236953714"",""service"":""98ac865d-3446-4204-8b6f-837e63498101"",""deployment"":""dcdde22b-483f-4551-bfa8-a8ad23f2f868"",""replica"":""d74614c5-3877-4710-a4a1-8f41af3269ac""}",2026-07-28T15:41:49.218935166Z
2026-07-28 15:42:29.517 UTC [4339] LOG:  SSL error: unexpected eof while reading,error,"{""level"":""error""}","{""project"":""e40824fb-b871-4f4a-bbd4-dc97257175b5"",""environment"":""71fe69c0-317e-4401-83e8-167236953714"",""service"":""98ac865d-3446-4204-8b6f-837e63498101"",""deployment"":""dcdde22b-483f-4551-bfa8-a8ad23f2f868"",""replica"":""d74614c5-3877-4710-a4a1-8f41af3269ac""}",2026-07-28T15:42:39.105379685Z
2026-07-28 15:42:29.517 UTC [4339] LOG:  could not receive data from client: Connection reset by peer,error,"{""level"":""error""}","{""project"":""e40824fb-b871-4f4a-bbd4-dc97257175b5"",""environment"":""71fe69c0-317e-4401-83e8-167236953714"",""service"":""98ac865d-3446-4204-8b6f-837e63498101"",""deployment"":""dcdde22b-483f-4551-bfa8-a8ad23f2f868"",""replica"":""d74614c5-3877-4710-a4a1-8f41af3269ac""}",2026-07-28T15:42:39.105386205Z
2026-07-28 15:42:29.532 UTC [4338] LOG:  SSL error: unexpected eof while reading,error,"{""level"":""error""}","{""project"":""e40824fb-b871-4f4a-bbd4-dc97257175b5"",""environment"":""71fe69c0-317e-4401-83e8-167236953714"",""service"":""98ac865d-3446-4204-8b6f-837e63498101"",""deployment"":""dcdde22b-483f-4551-bfa8-a8ad23f2f868"",""replica"":""d74614c5-3877-4710-a4a1-8f41af3269ac""}",2026-07-28T15:42:39.105390565Z
2026-07-28 15:42:29.532 UTC [4338] LOG:  could not receive data from client: Connection reset by peer,error,"{""level"":""error""}","{""project"":""e40824fb-b871-4f4a-bbd4-dc97257175b5"",""environment"":""71fe69c0-317e-4401-83e8-167236953714"",""service"":""98ac865d-3446-4204-8b6f-837e63498101"",""deployment"":""dcdde22b-483f-4551-bfa8-a8ad23f2f868"",""replica"":""d74614c5-3877-4710-a4a1-8f41af3269ac""}",2026-07-28T15:42:39.105394485Z